,accuracy,auc,false_negatives,false_positives,loss,pr,precision,recall,subject_107_accuracy,subject_107_auc,subject_107_false_negatives,subject_107_false_positives,subject_107_loss,subject_107_pr,subject_107_precision,subject_107_recall,subject_107_true_negatives,subject_107_true_positives,subject_109_accuracy,subject_109_auc,subject_109_false_negatives,subject_109_false_positives,subject_109_loss,subject_109_pr,subject_109_precision,subject_109_recall,subject_109_true_negatives,subject_109_true_positives,subject_115_accuracy,subject_115_auc,subject_115_false_negatives,subject_115_false_positives,subject_115_loss,subject_115_pr,subject_115_precision,subject_115_recall,subject_115_true_negatives,subject_115_true_positives,subject_120_accuracy,subject_120_auc,subject_120_false_negatives,subject_120_false_positives,subject_120_loss,subject_120_pr,subject_120_precision,subject_120_recall,subject_120_true_negatives,subject_120_true_positives,subject_43_accuracy,subject_43_auc,subject_43_false_negatives,subject_43_false_positives,subject_43_loss,subject_43_pr,subject_43_precision,subject_43_recall,subject_43_true_negatives,subject_43_true_positives,subject_48_accuracy,subject_48_auc,subject_48_false_negatives,subject_48_false_positives,subject_48_loss,subject_48_pr,subject_48_precision,subject_48_recall,subject_48_true_negatives,subject_48_true_positives,subject_52_accuracy,subject_52_auc,subject_52_false_negatives,subject_52_false_positives,subject_52_loss,subject_52_pr,subject_52_precision,subject_52_recall,subject_52_true_negatives,subject_52_true_positives,subject_59_accuracy,subject_59_auc,subject_59_false_negatives,subject_59_false_positives,subject_59_loss,subject_59_pr,subject_59_precision,subject_59_recall,subject_59_true_negatives,subject_59_true_positives,subject_64_accuracy,subject_64_auc,subject_64_false_negatives,subject_64_false_positives,subject_64_loss,subject_64_pr,subject_64_precision,subject_64_recall,subject_64_true_negatives,subject_64_true_positives,subject_80_accuracy,subject_80_auc,subject_80_false_negatives,subject_80_false_positives,subject_80_loss,subject_80_pr,subject_80_precision,subject_80_recall,subject_80_true_negatives,subject_80_true_positives,subject_92_accuracy,subject_92_auc,subject_92_false_negatives,subject_92_false_positives,subject_92_loss,subject_92_pr,subject_92_precision,subject_92_recall,subject_92_true_negatives,subject_92_true_positives,subject_96_accuracy,subject_96_auc,subject_96_false_negatives,subject_96_false_positives,subject_96_loss,subject_96_pr,subject_96_precision,subject_96_recall,subject_96_true_negatives,subject_96_true_positives,true_negatives,true_positives,val_accuracy,val_auc,val_false_negatives,val_false_positives,val_loss,val_pr,val_precision,val_recall,val_true_negatives,val_true_positives
0,0.7731249928474426,0.9015696048736572,846.0,243.0,0.6194584293166796,0.8768448829650879,0.8647746443748474,0.6474999785423279,,,,,,,,,,,,,,,,,,,,,,,,,,,,,,,,,,,,,,,,,,,,,,,,,,,,,,,,,,,,,,,,,,,,,,,,,,,,,,,,,,,,,,,,,,,,,,,,,,,,,,,,,,,,,,,,,,,,,,,,,2157.0,1554.0,0.8952465057373047,0.6153132915496826,180.0,177.0,0.889078375179443,0.09808147698640823,0.13658536970615387,0.13461539149284363,3023.0,28.0
1,0.7733333110809326,0.9056177735328674,851.0,237.0,0.6090626907348633,0.8818914294242859,0.8673012256622314,0.6454166769981384,,,,,,,,,,,,,,,,,,,,,,,,,,,,,,,,,,,,,,,,,,,,,,,,,,,,,,,,,,,,,,,,,,,,,,,,,,,,,,,,,,,,,,,,,,,,,,,,,,,,,,,,,,,,,,,,,,,,,,,,,2163.0,1549.0,0.8973004817962646,0.6142548322677612,178.0,172.0,0.8838437004058574,0.09811996668577194,0.14851485192775726,0.14423076808452606,3028.0,30.0
2,0.7749999761581421,0.9092768430709839,848.0,232.0,0.5946414998173714,0.8873298168182373,0.8699551820755005,0.6466666460037231,,,,,,,,,,,,,,,,,,,,,,,,,,,,,,,,,,,,,,,,,,,,,,,,,,,,,,,,,,,,,,,,,,,,,,,,,,,,,,,,,,,,,,,,,,,,,,,,,,,,,,,,,,,,,,,,,,,,,,,,,2168.0,1552.0,0.8978873491287231,0.6166646480560303,177.0,171.0,0.8832870762218052,0.09872105717658997,0.15346534550189972,0.14903846383094788,3029.0,31.0
3,0.7808333039283752,0.9116619825363159,821.0,231.0,0.5757641777396202,0.8897339105606079,0.8723756670951843,0.6579166650772095,,,,,,,,,,,,,,,,,,,,,,,,,,,,,,,,,,,,,,,,,,,,,,,,,,,,,,,,,,,,,,,,,,,,,,,,,,,,,,,,,,,,,,,,,,,,,,,,,,,,,,,,,,,,,,,,,,,,,,,,,2169.0,1579.0,0.8970070481300354,0.6194260120391846,177.0,174.0,0.8882020520212505,0.09945397824048996,0.15121951699256897,0.14903846383094788,3026.0,31.0
4,0.78104168176651,0.914154589176178,825.0,226.0,0.5721677240729331,0.8941395282745361,0.8745141625404358,0.65625,,,,,,,,,,,,,,,,,,,,,,,,,,,,,,,,,,,,,,,,,,,,,,,,,,,,,,,,,,,,,,,,,,,,,,,,,,,,,,,,,,,,,,,,,,,,,,,,,,,,,,,,,,,,,,,,,,,,,,,,,2174.0,1575.0,0.8975939154624939,0.6210757493972778,179.0,170.0,0.8868574981179805,0.09978770464658737,0.14572864770889282,0.13942307233810425,3030.0,29.0
5,0.784375011920929,0.9156635403633118,809.0,226.0,0.5589455670118332,0.8952287435531616,0.8756191730499268,0.6629166603088379,,,,,,,,,,,,,,,,,,,,,,,,,,,,,,,,,,,,,,,,,,,,,,,,,,,,,,,,,,,,,,,,,,,,,,,,,,,,,,,,,,,,,,,,,,,,,,,,,,,,,,,,,,,,,,,,,,,,,,,,,2174.0,1591.0,0.8978873491287231,0.6227381229400635,178.0,170.0,0.8908927479076764,0.10014184564352036,0.15000000596046448,0.14423076808452606,3030.0,30.0
6,0.7839583158493042,0.9166788458824158,812.0,225.0,0.5597305565079054,0.8971328139305115,0.8758962750434875,0.6616666913032532,,,,,,,,,,,,,,,,,,,,,,,,,,,,,,,,,,,,,,,,,,,,,,,,,,,,,,,,,,,,,,,,,,,,,,,,,,,,,,,,,,,,,,,,,,,,,,,,,,,,,,,,,,,,,,,,,,,,,,,,,2175.0,1588.0,0.8975939154624939,0.6251599788665771,179.0,170.0,0.8897358663117801,0.10082904249429703,0.14572864770889282,0.13942307233810425,3030.0,29.0
7,0.784166693687439,0.9185153245925903,814.0,222.0,0.5537303222219149,0.89923495054245,0.877212405204773,0.6608333587646484,,,,,,,,,,,,,,,,,,,,,,,,,,,,,,,,,,,,,,,,,,,,,,,,,,,,,,,,,,,,,,,,,,,,,,,,,,,,,,,,,,,,,,,,,,,,,,,,,,,,,,,,,,,,,,,,,,,,,,,,,2178.0,1586.0,0.8975939154624939,0.6248098611831665,179.0,170.0,0.8897600019385628,0.10083909332752228,0.14572864770889282,0.13942307233810425,3030.0,29.0
