,accuracy,auc,false_negatives,false_positives,loss,pr,precision,recall,subject_107_accuracy,subject_107_auc,subject_107_false_negatives,subject_107_false_positives,subject_107_loss,subject_107_pr,subject_107_precision,subject_107_recall,subject_107_true_negatives,subject_107_true_positives,subject_109_accuracy,subject_109_auc,subject_109_false_negatives,subject_109_false_positives,subject_109_loss,subject_109_pr,subject_109_precision,subject_109_recall,subject_109_true_negatives,subject_109_true_positives,subject_115_accuracy,subject_115_auc,subject_115_false_negatives,subject_115_false_positives,subject_115_loss,subject_115_pr,subject_115_precision,subject_115_recall,subject_115_true_negatives,subject_115_true_positives,subject_120_accuracy,subject_120_auc,subject_120_false_negatives,subject_120_false_positives,subject_120_loss,subject_120_pr,subject_120_precision,subject_120_recall,subject_120_true_negatives,subject_120_true_positives,subject_43_accuracy,subject_43_auc,subject_43_false_negatives,subject_43_false_positives,subject_43_loss,subject_43_pr,subject_43_precision,subject_43_recall,subject_43_true_negatives,subject_43_true_positives,subject_48_accuracy,subject_48_auc,subject_48_false_negatives,subject_48_false_positives,subject_48_loss,subject_48_pr,subject_48_precision,subject_48_recall,subject_48_true_negatives,subject_48_true_positives,subject_52_accuracy,subject_52_auc,subject_52_false_negatives,subject_52_false_positives,subject_52_loss,subject_52_pr,subject_52_precision,subject_52_recall,subject_52_true_negatives,subject_52_true_positives,subject_59_accuracy,subject_59_auc,subject_59_false_negatives,subject_59_false_positives,subject_59_loss,subject_59_pr,subject_59_precision,subject_59_recall,subject_59_true_negatives,subject_59_true_positives,subject_64_accuracy,subject_64_auc,subject_64_false_negatives,subject_64_false_positives,subject_64_loss,subject_64_pr,subject_64_precision,subject_64_recall,subject_64_true_negatives,subject_64_true_positives,subject_80_accuracy,subject_80_auc,subject_80_false_negatives,subject_80_false_positives,subject_80_loss,subject_80_pr,subject_80_precision,subject_80_recall,subject_80_true_negatives,subject_80_true_positives,subject_92_accuracy,subject_92_auc,subject_92_false_negatives,subject_92_false_positives,subject_92_loss,subject_92_pr,subject_92_precision,subject_92_recall,subject_92_true_negatives,subject_92_true_positives,subject_96_accuracy,subject_96_auc,subject_96_false_negatives,subject_96_false_positives,subject_96_loss,subject_96_pr,subject_96_precision,subject_96_recall,subject_96_true_negatives,subject_96_true_positives,true_negatives,true_positives,val_accuracy,val_auc,val_false_negatives,val_false_positives,val_loss,val_pr,val_precision,val_recall,val_true_negatives,val_true_positives
0,0.7679166793823242,0.8560956120491028,686.0,428.0,0.6298815526564916,0.8606308698654175,0.8001867532730103,0.7141666412353516,,,,,,,,,,,,,,,,,,,,,,,,,,,,,,,,,,,,,,,,,,,,,,,,,,,,,,,,,,,,,,,,,,,,,,,,,,,,,,,,,,,,,,,,,,,,,,,,,,,,,,,,,,,,,,,,,,,,,,,,,1972.0,1714.0,0.7430391907691956,0.31243622303009033,1044.0,1134.0,1.2735053578206197,0.08722083270549774,0.043844856321811676,0.047445256263017654,6246.0,52.0
1,0.7729166746139526,0.8613364696502686,688.0,402.0,0.6166063472628593,0.8665835857391357,0.8098391890525818,0.7133333086967468,,,,,,,,,,,,,,,,,,,,,,,,,,,,,,,,,,,,,,,,,,,,,,,,,,,,,,,,,,,,,,,,,,,,,,,,,,,,,,,,,,,,,,,,,,,,,,,,,,,,,,,,,,,,,,,,,,,,,,,,,1998.0,1712.0,0.7452808022499084,0.321661114692688,1038.0,1121.0,1.264184152140489,0.08830408751964569,0.04919423162937164,0.05291970819234848,6259.0,58.0
2,0.7774999737739563,0.8669945001602173,682.0,386.0,0.6054005500674248,0.8703022003173828,0.8165399432182312,0.715833306312561,,,,,,,,,,,,,,,,,,,,,,,,,,,,,,,,,,,,,,,,,,,,,,,,,,,,,,,,,,,,,,,,,,,,,,,,,,,,,,,,,,,,,,,,,,,,,,,,,,,,,,,,,,,,,,,,,,,,,,,,,2014.0,1718.0,0.7481123208999634,0.3286744952201843,1041.0,1094.0,1.2597306257939216,0.08912725746631622,0.04786771163344383,0.05018248036503792,6286.0,55.0
3,0.7825000286102295,0.8718845844268799,672.0,372.0,0.5955720214049022,0.8748669624328613,0.822857141494751,0.7200000286102295,,,,,,,,,,,,,,,,,,,,,,,,,,,,,,,,,,,,,,,,,,,,,,,,,,,,,,,,,,,,,,,,,,,,,,,,,,,,,,,,,,,,,,,,,,,,,,,,,,,,,,,,,,,,,,,,,,,,,,,,,2028.0,1728.0,0.7503539323806763,0.3355429172515869,1043.0,1073.0,1.2562794485087663,0.08996324986219406,0.04706927016377449,0.04835766553878784,6307.0,53.0
4,0.7897916436195374,0.877367377281189,650.0,359.0,0.5806917871038119,0.8793359994888306,0.8297771215438843,0.7291666865348816,,,,,,,,,,,,,,,,,,,,,,,,,,,,,,,,,,,,,,,,,,,,,,,,,,,,,,,,,,,,,,,,,,,,,,,,,,,,,,,,,,,,,,,,,,,,,,,,,,,,,,,,,,,,,,,,,,,,,,,,,2041.0,1750.0,0.7507078647613525,0.3387961983680725,1045.0,1068.0,1.2557457627525528,0.0903492271900177,0.04557640850543976,0.04653284698724747,6312.0,51.0
5,0.7918750047683716,0.8812128305435181,647.0,352.0,0.573342506190141,0.882212221622467,0.8327791094779968,0.7304166555404663,,,,,,,,,,,,,,,,,,,,,,,,,,,,,,,,,,,,,,,,,,,,,,,,,,,,,,,,,,,,,,,,,,,,,,,,,,,,,,,,,,,,,,,,,,,,,,,,,,,,,,,,,,,,,,,,,,,,,,,,,2048.0,1753.0,0.7536574006080627,0.34369218349456787,1047.0,1041.0,1.2529781908851685,0.09094508737325668,0.04495412856340408,0.04470802843570709,6339.0,49.0
6,0.7945833206176758,0.8850582242012024,637.0,349.0,0.5622219907244047,0.8845888376235962,0.8347538113594055,0.73458331823349,,,,,,,,,,,,,,,,,,,,,,,,,,,,,,,,,,,,,,,,,,,,,,,,,,,,,,,,,,,,,,,,,,,,,,,,,,,,,,,,,,,,,,,,,,,,,,,,,,,,,,,,,,,,,,,,,,,,,,,,,2051.0,1763.0,0.7531854510307312,0.3457337021827698,1047.0,1045.0,1.2532552803614725,0.09121281653642654,0.04478976130485535,0.04470802843570709,6335.0,49.0
7,0.7972916960716248,0.8883765935897827,631.0,342.0,0.552950006822745,0.8877037167549133,0.83799147605896,0.7370833158493042,,,,,,,,,,,,,,,,,,,,,,,,,,,,,,,,,,,,,,,,,,,,,,,,,,,,,,,,,,,,,,,,,,,,,,,,,,,,,,,,,,,,,,,,,,,,,,,,,,,,,,,,,,,,,,,,,,,,,,,,,2058.0,1769.0,0.7542473077774048,0.3496578633785248,1049.0,1034.0,1.249938127847143,0.09172265231609344,0.043478261679410934,0.04288320988416672,6346.0,47.0
8,0.800000011920929,0.891870379447937,625.0,335.0,0.5441834943493208,0.8907305598258972,0.8412322402000427,0.7395833134651184,,,,,,,,,,,,,,,,,,,,,,,,,,,,,,,,,,,,,,,,,,,,,,,,,,,,,,,,,,,,,,,,,,,,,,,,,,,,,,,,,,,,,,,,,,,,,,,,,,,,,,,,,,,,,,,,,,,,,,,,,2065.0,1775.0,0.7558990120887756,0.3531288206577301,1048.0,1021.0,1.245792125969239,0.09219398349523544,0.0449017770588398,0.043795619159936905,6359.0,48.0
9,0.8025000095367432,0.8941690325737,617.0,331.0,0.5355321441094081,0.8915895223617554,0.8434247970581055,0.7429166436195374,,,,,,,,,,,,,,,,,,,,,,,,,,,,,,,,,,,,,,,,,,,,,,,,,,,,,,,,,,,,,,,,,,,,,,,,,,,,,,,,,,,,,,,,,,,,,,,,,,,,,,,,,,,,,,,,,,,,,,,,,2069.0,1783.0,0.7556630373001099,0.3548305034637451,1053.0,1018.0,1.2451484368735184,0.0924360454082489,0.04052780568599701,0.039233576506376266,6362.0,43.0
10,0.8062499761581421,0.8964795470237732,603.0,327.0,0.5283447470267614,0.893373429775238,0.846045196056366,0.7487499713897705,,,,,,,,,,,,,,,,,,,,,,,,,,,,,,,,,,,,,,,,,,,,,,,,,,,,,,,,,,,,,,,,,,,,,,,,,,,,,,,,,,,,,,,,,,,,,,,,,,,,,,,,,,,,,,,,,,,,,,,,,2073.0,1797.0,0.7554270625114441,0.35760003328323364,1054.0,1019.0,1.2446754371405435,0.09280498325824738,0.03958529606461525,0.03832116723060608,6361.0,42.0
11,0.8085416555404663,0.8984377384185791,596.0,323.0,0.5243806074062983,0.8947440385818481,0.8481429219245911,0.7516666650772095,,,,,,,,,,,,,,,,,,,,,,,,,,,,,,,,,,,,,,,,,,,,,,,,,,,,,,,,,,,,,,,,,,,,,,,,,,,,,,,,,,,,,,,,,,,,,,,,,,,,,,,,,,,,,,,,,,,,,,,,,2077.0,1804.0,0.7563709020614624,0.3590266704559326,1056.0,1009.0,1.2444409207388611,0.09301380068063736,0.038131553679704666,0.036496348679065704,6371.0,40.0
12,0.81229168176651,0.9005433320999146,581.0,320.0,0.5182061742246151,0.8964295387268066,0.8503974080085754,0.7579166889190674,,,,,,,,,,,,,,,,,,,,,,,,,,,,,,,,,,,,,,,,,,,,,,,,,,,,,,,,,,,,,,,,,,,,,,,,,,,,,,,,,,,,,,,,,,,,,,,,,,,,,,,,,,,,,,,,,,,,,,,,,2080.0,1819.0,0.7557810544967651,0.3602597415447235,1056.0,1014.0,1.2476933200497737,0.09318865090608597,0.03795066475868225,0.036496348679065704,6366.0,40.0
13,0.8118749856948853,0.9015735387802124,584.0,319.0,0.5165103370447953,0.8970397710800171,0.8505854606628418,0.7566666603088379,,,,,,,,,,,,,,,,,,,,,,,,,,,,,,,,,,,,,,,,,,,,,,,,,,,,,,,,,,,,,,,,,,,,,,,,,,,,,,,,,,,,,,,,,,,,,,,,,,,,,,,,,,,,,,,,,,,,,,,,,2081.0,1816.0,0.7569608092308044,0.36250418424606323,1057.0,1003.0,1.247741216868373,0.09352198243141174,0.03742802143096924,0.035583943128585815,6377.0,39.0
14,0.8147916793823242,0.9028252959251404,573.0,316.0,0.5120097488164902,0.8984653949737549,0.8525431752204895,0.7612500190734863,,,,,,,,,,,,,,,,,,,,,,,,,,,,,,,,,,,,,,,,,,,,,,,,,,,,,,,,,,,,,,,,,,,,,,,,,,,,,,,,,,,,,,,,,,,,,,,,,,,,,,,,,,,,,,,,,,,,,,,,,2084.0,1827.0,0.7570788264274597,0.36361539363861084,1058.0,1001.0,1.2487996419458358,0.09369087964296341,0.0365736298263073,0.03467153385281563,6379.0,38.0
15,0.815625011920929,0.904140293598175,571.0,314.0,0.5089593716462453,0.8994448184967041,0.8534764051437378,0.7620833516120911,,,,,,,,,,,,,,,,,,,,,,,,,,,,,,,,,,,,,,,,,,,,,,,,,,,,,,,,,,,,,,,,,,,,,,,,,,,,,,,,,,,,,,,,,,,,,,,,,,,,,,,,,,,,,,,,,,,,,,,,,2086.0,1829.0,0.7569608092308044,0.36506566405296326,1059.0,1001.0,1.2510466322464557,0.0939023420214653,0.03564547374844551,0.03375912457704544,6379.0,37.0
16,0.8162500262260437,0.9053452014923096,573.0,309.0,0.5079831978181998,0.9003182053565979,0.8553370833396912,0.7612500190734863,,,,,,,,,,,,,,,,,,,,,,,,,,,,,,,,,,,,,,,,,,,,,,,,,,,,,,,,,,,,,,,,,,,,,,,,,,,,,,,,,,,,,,,,,,,,,,,,,,,,,,,,,,,,,,,,,,,,,,,,,2091.0,1827.0,0.758022665977478,0.36662787199020386,1060.0,991.0,1.252101405154089,0.09413520991802216,0.0350535549223423,0.03284671530127525,6389.0,36.0
