,accuracy,auc,false_negatives,false_positives,loss,pr,precision,recall,subject_107_accuracy,subject_107_auc,subject_107_false_negatives,subject_107_false_positives,subject_107_loss,subject_107_pr,subject_107_precision,subject_107_recall,subject_107_true_negatives,subject_107_true_positives,subject_115_accuracy,subject_115_auc,subject_115_false_negatives,subject_115_false_positives,subject_115_loss,subject_115_pr,subject_115_precision,subject_115_recall,subject_115_true_negatives,subject_115_true_positives,subject_120_accuracy,subject_120_auc,subject_120_false_negatives,subject_120_false_positives,subject_120_loss,subject_120_pr,subject_120_precision,subject_120_recall,subject_120_true_negatives,subject_120_true_positives,subject_43_accuracy,subject_43_auc,subject_43_false_negatives,subject_43_false_positives,subject_43_loss,subject_43_pr,subject_43_precision,subject_43_recall,subject_43_true_negatives,subject_43_true_positives,subject_52_accuracy,subject_52_auc,subject_52_false_negatives,subject_52_false_positives,subject_52_loss,subject_52_pr,subject_52_precision,subject_52_recall,subject_52_true_negatives,subject_52_true_positives,subject_64_accuracy,subject_64_auc,subject_64_false_negatives,subject_64_false_positives,subject_64_loss,subject_64_pr,subject_64_precision,subject_64_recall,subject_64_true_negatives,subject_64_true_positives,subject_80_accuracy,subject_80_auc,subject_80_false_negatives,subject_80_false_positives,subject_80_loss,subject_80_pr,subject_80_precision,subject_80_recall,subject_80_true_negatives,subject_80_true_positives,subject_92_accuracy,subject_92_auc,subject_92_false_negatives,subject_92_false_positives,subject_92_loss,subject_92_pr,subject_92_precision,subject_92_recall,subject_92_true_negatives,subject_92_true_positives,true_negatives,true_positives,val_accuracy,val_auc,val_false_negatives,val_false_positives,val_loss,val_pr,val_precision,val_recall,val_true_negatives,val_true_positives
0,0.5740625262260437,0.65854811668396,1006.0,357.0,1.4458053869009018,0.6014376878738403,0.624605655670166,0.3712500035762787,,,,,,,,,,,,,,,,,,,,,,,,,,,,,,,,,,,,,,,,,,,,,,,,,,,,,,,,,,,,,,,,,,,,,,,,,,,,,,,,,1243.0,594.0,0.8028677105903625,0.8567344546318054,934.0,1307.0,0.531088280057001,0.5987180471420288,0.5567989349365234,0.6374223828315735,7485.0,1642.0
1,0.606249988079071,0.6908583641052246,893.0,367.0,1.3074147236347198,0.6349226832389832,0.6582867503166199,0.44187501072883606,,,,,,,,,,,,,,,,,,,,,,,,,,,,,,,,,,,,,,,,,,,,,,,,,,,,,,,,,,,,,,,,,,,,,,,,,,,,,,,,,1233.0,707.0,0.7993490695953369,0.8592522144317627,909.0,1372.0,0.5418485977085941,0.6125717163085938,0.5485357046127319,0.6471273303031921,7420.0,1667.0
2,0.6278125047683716,0.714127779006958,831.0,360.0,1.2217728546261788,0.6609078645706177,0.6811337471008301,0.4806250035762787,,,,,,,,,,,,,,,,,,,,,,,,,,,,,,,,,,,,,,,,,,,,,,,,,,,,,,,,,,,,,,,,,,,,,,,,,,,,,,,,,1240.0,769.0,0.7968859672546387,0.8571341633796692,901.0,1408.0,0.5523484062133416,0.620042085647583,0.5433019995689392,0.6502329111099243,7384.0,1675.0
3,0.6568750143051147,0.7319126725196838,760.0,338.0,1.1707329115271567,0.6792399883270264,0.7130730152130127,0.5249999761581421,,,,,,,,,,,,,,,,,,,,,,,,,,,,,,,,,,,,,,,,,,,,,,,,,,,,,,,,,,,,,,,,,,,,,,,,,,,,,,,,,1262.0,840.0,0.7946868538856506,0.8517882227897644,909.0,1425.0,0.566900707545371,0.6193891763687134,0.5391332507133484,0.6471273303031921,7367.0,1667.0
4,0.6800000071525574,0.7454705238342285,710.0,314.0,1.1360341754555703,0.6928289532661438,0.7392026782035828,0.5562499761581421,,,,,,,,,,,,,,,,,,,,,,,,,,,,,,,,,,,,,,,,,,,,,,,,,,,,,,,,,,,,,,,,,,,,,,,,,,,,,,,,,1286.0,890.0,0.7916080355644226,0.8456615209579468,931.0,1438.0,0.5815221111511026,0.6187077760696411,0.533571183681488,0.6385869383811951,7354.0,1645.0
5,0.692187488079071,0.755940854549408,671.0,314.0,1.105148805975914,0.703234076499939,0.7473853826522827,0.5806249976158142,,,,,,,,,,,,,,,,,,,,,,,,,,,,,,,,,,,,,,,,,,,,,,,,,,,,,,,,,,,,,,,,,,,,,,,,,,,,,,,,,1286.0,929.0,0.7882652878761292,0.840408980846405,929.0,1478.0,0.600830389277185,0.6156730651855469,0.5270400047302246,0.6393633484840393,7314.0,1647.0
