,accuracy,auc,false_negatives,false_positives,loss,pr,precision,recall,subject_107_accuracy,subject_107_auc,subject_107_false_negatives,subject_107_false_positives,subject_107_loss,subject_107_pr,subject_107_precision,subject_107_recall,subject_107_true_negatives,subject_107_true_positives,subject_109_accuracy,subject_109_auc,subject_109_false_negatives,subject_109_false_positives,subject_109_loss,subject_109_pr,subject_109_precision,subject_109_recall,subject_109_true_negatives,subject_109_true_positives,subject_115_accuracy,subject_115_auc,subject_115_false_negatives,subject_115_false_positives,subject_115_loss,subject_115_pr,subject_115_precision,subject_115_recall,subject_115_true_negatives,subject_115_true_positives,subject_120_accuracy,subject_120_auc,subject_120_false_negatives,subject_120_false_positives,subject_120_loss,subject_120_pr,subject_120_precision,subject_120_recall,subject_120_true_negatives,subject_120_true_positives,subject_43_accuracy,subject_43_auc,subject_43_false_negatives,subject_43_false_positives,subject_43_loss,subject_43_pr,subject_43_precision,subject_43_recall,subject_43_true_negatives,subject_43_true_positives,subject_48_accuracy,subject_48_auc,subject_48_false_negatives,subject_48_false_positives,subject_48_loss,subject_48_pr,subject_48_precision,subject_48_recall,subject_48_true_negatives,subject_48_true_positives,subject_52_accuracy,subject_52_auc,subject_52_false_negatives,subject_52_false_positives,subject_52_loss,subject_52_pr,subject_52_precision,subject_52_recall,subject_52_true_negatives,subject_52_true_positives,subject_59_accuracy,subject_59_auc,subject_59_false_negatives,subject_59_false_positives,subject_59_loss,subject_59_pr,subject_59_precision,subject_59_recall,subject_59_true_negatives,subject_59_true_positives,subject_64_accuracy,subject_64_auc,subject_64_false_negatives,subject_64_false_positives,subject_64_loss,subject_64_pr,subject_64_precision,subject_64_recall,subject_64_true_negatives,subject_64_true_positives,subject_80_accuracy,subject_80_auc,subject_80_false_negatives,subject_80_false_positives,subject_80_loss,subject_80_pr,subject_80_precision,subject_80_recall,subject_80_true_negatives,subject_80_true_positives,subject_92_accuracy,subject_92_auc,subject_92_false_negatives,subject_92_false_positives,subject_92_loss,subject_92_pr,subject_92_precision,subject_92_recall,subject_92_true_negatives,subject_92_true_positives,true_negatives,true_positives,val_accuracy,val_auc,val_false_negatives,val_false_positives,val_loss,val_pr,val_precision,val_recall,val_true_negatives,val_true_positives
0,0.7047727108001709,0.8140948414802551,824.0,475.0,0.7430999554287303,0.8042624592781067,0.7433819770812988,0.6254545450210571,,,,,,,,,,,,,,,,,,,,,,,,,,,,,,,,,,,,,,,,,,,,,,,,,,,,,,,,,,,,,,,,,,,,,,,,,,,,,,,,,,,,,,,,,,,,,,,,,,,,,,,,,,,,,,,1725.0,1376.0,0.8631541728973389,0.824185848236084,374.0,787.0,0.352329727278066,0.3891608417034149,0.3447127342224121,0.5253807306289673,6909.0,414.0
1,0.7159090638160706,0.8253761529922485,787.0,463.0,0.701043714393269,0.8225401639938354,0.7531982660293579,0.6422727108001709,,,,,,,,,,,,,,,,,,,,,,,,,,,,,,,,,,,,,,,,,,,,,,,,,,,,,,,,,,,,,,,,,,,,,,,,,,,,,,,,,,,,,,,,,,,,,,,,,,,,,,,,,,,,,,,1737.0,1413.0,0.8624469637870789,0.8153958916664124,400.0,767.0,0.3586354375250887,0.3767206072807312,0.335930734872818,0.49238577485084534,6929.0,388.0
2,0.7222727537155151,0.835029125213623,770.0,452.0,0.6680809851126237,0.8359031081199646,0.7598299384117126,0.6499999761581421,,,,,,,,,,,,,,,,,,,,,,,,,,,,,,,,,,,,,,,,,,,,,,,,,,,,,,,,,,,,,,,,,,,,,,,,,,,,,,,,,,,,,,,,,,,,,,,,,,,,,,,,,,,,,,,1748.0,1430.0,0.8591466546058655,0.8071476817131042,423.0,772.0,0.36951464524194916,0.36169999837875366,0.3210202157497406,0.4631979763507843,6924.0,365.0
3,0.7263636589050293,0.842919111251831,759.0,445.0,0.6456534788825296,0.846402645111084,0.7640509009361267,0.6549999713897705,,,,,,,,,,,,,,,,,,,,,,,,,,,,,,,,,,,,,,,,,,,,,,,,,,,,,,,,,,,,,,,,,,,,,,,,,,,,,,,,,,,,,,,,,,,,,,,,,,,,,,,,,,,,,,,1755.0,1441.0,0.8536067605018616,0.7938916087150574,444.0,798.0,0.3837293277704058,0.3439490795135498,0.3012259304523468,0.43654823303222656,6898.0,344.0
4,0.7329545617103577,0.8495815396308899,740.0,435.0,0.6264076965505426,0.8546445965766907,0.7704485654830933,0.6636363863945007,,,,,,,,,,,,,,,,,,,,,,,,,,,,,,,,,,,,,,,,,,,,,,,,,,,,,,,,,,,,,,,,,,,,,,,,,,,,,,,,,,,,,,,,,,,,,,,,,,,,,,,,,,,,,,,1765.0,1460.0,0.8493635058403015,0.7864523530006409,460.0,818.0,0.39834349861351853,0.3278307318687439,0.2862129211425781,0.41624364256858826,6878.0,328.0
5,0.7388636469841003,0.8555921316146851,731.0,418.0,0.6105617574128238,0.8613166809082031,0.7784843444824219,0.6677272915840149,,,,,,,,,,,,,,,,,,,,,,,,,,,,,,,,,,,,,,,,,,,,,,,,,,,,,,,,,,,,,,,,,,,,,,,,,,,,,,,,,,,,,,,,,,,,,,,,,,,,,,,,,,,,,,,1782.0,1469.0,0.8487741351127625,0.7783655524253845,469.0,814.0,0.407051568096508,0.318428099155426,0.28155338764190674,0.40482234954833984,6882.0,319.0
