,accuracy,auc,false_negatives,false_positives,loss,pr,precision,recall,subject_107_accuracy,subject_107_auc,subject_107_false_negatives,subject_107_false_positives,subject_107_loss,subject_107_pr,subject_107_precision,subject_107_recall,subject_107_true_negatives,subject_107_true_positives,subject_109_accuracy,subject_109_auc,subject_109_false_negatives,subject_109_false_positives,subject_109_loss,subject_109_pr,subject_109_precision,subject_109_recall,subject_109_true_negatives,subject_109_true_positives,subject_115_accuracy,subject_115_auc,subject_115_false_negatives,subject_115_false_positives,subject_115_loss,subject_115_pr,subject_115_precision,subject_115_recall,subject_115_true_negatives,subject_115_true_positives,subject_120_accuracy,subject_120_auc,subject_120_false_negatives,subject_120_false_positives,subject_120_loss,subject_120_pr,subject_120_precision,subject_120_recall,subject_120_true_negatives,subject_120_true_positives,subject_43_accuracy,subject_43_auc,subject_43_false_negatives,subject_43_false_positives,subject_43_loss,subject_43_pr,subject_43_precision,subject_43_recall,subject_43_true_negatives,subject_43_true_positives,subject_48_accuracy,subject_48_auc,subject_48_false_negatives,subject_48_false_positives,subject_48_loss,subject_48_pr,subject_48_precision,subject_48_recall,subject_48_true_negatives,subject_48_true_positives,subject_52_accuracy,subject_52_auc,subject_52_false_negatives,subject_52_false_positives,subject_52_loss,subject_52_pr,subject_52_precision,subject_52_recall,subject_52_true_negatives,subject_52_true_positives,subject_59_accuracy,subject_59_auc,subject_59_false_negatives,subject_59_false_positives,subject_59_loss,subject_59_pr,subject_59_precision,subject_59_recall,subject_59_true_negatives,subject_59_true_positives,subject_64_accuracy,subject_64_auc,subject_64_false_negatives,subject_64_false_positives,subject_64_loss,subject_64_pr,subject_64_precision,subject_64_recall,subject_64_true_negatives,subject_64_true_positives,subject_80_accuracy,subject_80_auc,subject_80_false_negatives,subject_80_false_positives,subject_80_loss,subject_80_pr,subject_80_precision,subject_80_recall,subject_80_true_negatives,subject_80_true_positives,subject_92_accuracy,subject_92_auc,subject_92_false_negatives,subject_92_false_positives,subject_92_loss,subject_92_pr,subject_92_precision,subject_92_recall,subject_92_true_negatives,subject_92_true_positives,true_negatives,true_positives,val_accuracy,val_auc,val_false_negatives,val_false_positives,val_loss,val_pr,val_precision,val_recall,val_true_negatives,val_true_positives
0,0.7147727012634277,0.8506383895874023,866.0,389.0,0.6865820808844133,0.8490964770317078,0.7742310166358948,0.6063636541366577,,,,,,,,,,,,,,,,,,,,,,,,,,,,,,,,,,,,,,,,,,,,,,,,,,,,,,,,,,,,,,,,,,,,,,,,,,,,,,,,,,,,,,,,,,,,,,,,,,,,,,,,,,,,,,,1811.0,1334.0,0.7972573041915894,0.8160965442657471,1098.0,957.0,0.5888123350201767,0.7049005031585693,0.6480323672294617,0.6160839200019836,6319.0,1762.0
1,0.7238636612892151,0.8572120666503906,822.0,393.0,0.6594029208746823,0.855492889881134,0.7780914902687073,0.6263636350631714,,,,,,,,,,,,,,,,,,,,,,,,,,,,,,,,,,,,,,,,,,,,,,,,,,,,,,,,,,,,,,,,,,,,,,,,,,,,,,,,,,,,,,,,,,,,,,,,,,,,,,,,,,,,,,,1807.0,1378.0,0.7976519465446472,0.813627302646637,1109.0,942.0,0.5955912202196791,0.703171968460083,0.6502042412757874,0.6122377514839172,6334.0,1751.0
2,0.730681836605072,0.8631514310836792,802.0,383.0,0.6391453112255443,0.8609482049942017,0.7849522829055786,0.635454535484314,,,,,,,,,,,,,,,,,,,,,,,,,,,,,,,,,,,,,,,,,,,,,,,,,,,,,,,,,,,,,,,,,,,,,,,,,,,,,,,,,,,,,,,,,,,,,,,,,,,,,,,,,,,,,,,1817.0,1398.0,0.7976519465446472,0.8111677169799805,1129.0,922.0,0.6012682625413788,0.6997271776199341,0.6524689197540283,0.6052447557449341,6354.0,1731.0
3,0.7379545569419861,0.8694027662277222,779.0,374.0,0.6169121484322981,0.8667451739311218,0.7916434407234192,0.6459090709686279,,,,,,,,,,,,,,,,,,,,,,,,,,,,,,,,,,,,,,,,,,,,,,,,,,,,,,,,,,,,,,,,,,,,,,,,,,,,,,,,,,,,,,,,,,,,,,,,,,,,,,,,,,,,,,,1826.0,1421.0,0.7984411716461182,0.8094395995140076,1142.0,901.0,0.6061538705086276,0.6980034708976746,0.6559755802154541,0.6006993055343628,6375.0,1718.0
4,0.7434090971946716,0.8747481107711792,757.0,372.0,0.5986787937987934,0.8714545965194702,0.7950413227081299,0.6559090614318848,,,,,,,,,,,,,,,,,,,,,,,,,,,,,,,,,,,,,,,,,,,,,,,,,,,,,,,,,,,,,,,,,,,,,,,,,,,,,,,,,,,,,,,,,,,,,,,,,,,,,,,,,,,,,,,1828.0,1443.0,0.7993291020393372,0.808301568031311,1135.0,899.0,0.6098577576588718,0.6963909864425659,0.6573932766914368,0.6031468510627747,6377.0,1725.0
5,0.7513636350631714,0.8783859014511108,727.0,367.0,0.5846690156243064,0.8753486275672913,0.800543487071991,0.6695454716682434,,,,,,,,,,,,,,,,,,,,,,,,,,,,,,,,,,,,,,,,,,,,,,,,,,,,,,,,,,,,,,,,,,,,,,,,,,,,,,,,,,,,,,,,,,,,,,,,,,,,,,,,,,,,,,,1833.0,1473.0,0.8009076714515686,0.8054684400558472,1136.0,882.0,0.6164998694395775,0.6954343318939209,0.6615502834320068,0.6027972102165222,6394.0,1724.0
