,accuracy,auc,false_negatives,false_positives,loss,pr,precision,recall,subject_107_accuracy,subject_107_auc,subject_107_false_negatives,subject_107_false_positives,subject_107_loss,subject_107_pr,subject_107_precision,subject_107_recall,subject_107_true_negatives,subject_107_true_positives,subject_115_accuracy,subject_115_auc,subject_115_false_negatives,subject_115_false_positives,subject_115_loss,subject_115_pr,subject_115_precision,subject_115_recall,subject_115_true_negatives,subject_115_true_positives,subject_120_accuracy,subject_120_auc,subject_120_false_negatives,subject_120_false_positives,subject_120_loss,subject_120_pr,subject_120_precision,subject_120_recall,subject_120_true_negatives,subject_120_true_positives,subject_43_accuracy,subject_43_auc,subject_43_false_negatives,subject_43_false_positives,subject_43_loss,subject_43_pr,subject_43_precision,subject_43_recall,subject_43_true_negatives,subject_43_true_positives,subject_52_accuracy,subject_52_auc,subject_52_false_negatives,subject_52_false_positives,subject_52_loss,subject_52_pr,subject_52_precision,subject_52_recall,subject_52_true_negatives,subject_52_true_positives,subject_64_accuracy,subject_64_auc,subject_64_false_negatives,subject_64_false_positives,subject_64_loss,subject_64_pr,subject_64_precision,subject_64_recall,subject_64_true_negatives,subject_64_true_positives,subject_80_accuracy,subject_80_auc,subject_80_false_negatives,subject_80_false_positives,subject_80_loss,subject_80_pr,subject_80_precision,subject_80_recall,subject_80_true_negatives,subject_80_true_positives,subject_92_accuracy,subject_92_auc,subject_92_false_negatives,subject_92_false_positives,subject_92_loss,subject_92_pr,subject_92_precision,subject_92_recall,subject_92_true_negatives,subject_92_true_positives,true_negatives,true_positives,val_accuracy,val_auc,val_false_negatives,val_false_positives,val_loss,val_pr,val_precision,val_recall,val_true_negatives,val_true_positives
0,0.5978124737739563,0.6716433763504028,953.0,334.0,1.4987104266881943,0.6048327684402466,0.6595311164855957,0.40437498688697815,,,,,,,,,,,,,,,,,,,,,,,,,,,,,,,,,,,,,,,,,,,,,,,,,,,,,,,,,,,,,,,,,,,,,,,,,,,,,,,,,1266.0,647.0,0.7967100739479065,0.8561698198318481,766.0,1545.0,0.5965832249955507,0.6074084043502808,0.5394933223724365,0.7026397585868835,7247.0,1810.0
1,0.621874988079071,0.6948196291923523,862.0,348.0,1.426284103989601,0.6299285888671875,0.6795580387115479,0.4612500071525574,,,,,,,,,,,,,,,,,,,,,,,,,,,,,,,,,,,,,,,,,,,,,,,,,,,,,,,,,,,,,,,,,,,,,,,,,,,,,,,,,1252.0,738.0,0.7945988774299622,0.8598411083221436,748.0,1587.0,0.6175525307571443,0.6183292269706726,0.5352855324745178,0.7096273303031921,7205.0,1828.0
2,0.6584374904632568,0.7083537578582764,746.0,347.0,1.3978845423460007,0.6463109254837036,0.7110741138458252,0.5337499976158142,,,,,,,,,,,,,,,,,,,,,,,,,,,,,,,,,,,,,,,,,,,,,,,,,,,,,,,,,,,,,,,,,,,,,,,,,,,,,,,,,1253.0,854.0,0.790992259979248,0.859189510345459,766.0,1610.0,0.641447826894885,0.6227473020553589,0.5292397737503052,0.7026397585868835,7182.0,1810.0
3,0.6725000143051147,0.719901978969574,700.0,348.0,1.3759932160377502,0.6574183702468872,0.7211538553237915,0.5625,,,,,,,,,,,,,,,,,,,,,,,,,,,,,,,,,,,,,,,,,,,,,,,,,,,,,,,,,,,,,,,,,,,,,,,,,,,,,,,,,1252.0,900.0,0.7893208861351013,0.8570263385772705,780.0,1615.0,0.6653377579644396,0.6230185031890869,0.5265318155288696,0.6972049474716187,7177.0,1796.0
4,0.6803125143051147,0.7301471829414368,681.0,342.0,1.3484092783927917,0.6660943627357483,0.7287867069244385,0.5743749737739563,,,,,,,,,,,,,,,,,,,,,,,,,,,,,,,,,,,,,,,,,,,,,,,,,,,,,,,,,,,,,,,,,,,,,,,,,,,,,,,,,1258.0,919.0,0.7872976660728455,0.8546240925788879,784.0,1634.0,0.6853392692748129,0.621608316898346,0.5230589509010315,0.695652186870575,7158.0,1792.0
5,0.6909375190734863,0.7389072179794312,655.0,334.0,1.3327759289741516,0.6731449961662292,0.7388584613800049,0.590624988079071,,,,,,,,,,,,,,,,,,,,,,,,,,,,,,,,,,,,,,,,,,,,,,,,,,,,,,,,,,,,,,,,,,,,,,,,,,,,,,,,,1266.0,945.0,0.7858902215957642,0.8522322773933411,786.0,1648.0,0.7029290556865708,0.6215326189994812,0.5206515192985535,0.6948757767677307,7144.0,1790.0
