,accuracy,auc,false_negatives,false_positives,loss,pr,precision,recall,subject_107_accuracy,subject_107_auc,subject_107_false_negatives,subject_107_false_positives,subject_107_loss,subject_107_pr,subject_107_precision,subject_107_recall,subject_107_true_negatives,subject_107_true_positives,subject_109_accuracy,subject_109_auc,subject_109_false_negatives,subject_109_false_positives,subject_109_loss,subject_109_pr,subject_109_precision,subject_109_recall,subject_109_true_negatives,subject_109_true_positives,subject_115_accuracy,subject_115_auc,subject_115_false_negatives,subject_115_false_positives,subject_115_loss,subject_115_pr,subject_115_precision,subject_115_recall,subject_115_true_negatives,subject_115_true_positives,subject_120_accuracy,subject_120_auc,subject_120_false_negatives,subject_120_false_positives,subject_120_loss,subject_120_pr,subject_120_precision,subject_120_recall,subject_120_true_negatives,subject_120_true_positives,subject_43_accuracy,subject_43_auc,subject_43_false_negatives,subject_43_false_positives,subject_43_loss,subject_43_pr,subject_43_precision,subject_43_recall,subject_43_true_negatives,subject_43_true_positives,subject_48_accuracy,subject_48_auc,subject_48_false_negatives,subject_48_false_positives,subject_48_loss,subject_48_pr,subject_48_precision,subject_48_recall,subject_48_true_negatives,subject_48_true_positives,subject_52_accuracy,subject_52_auc,subject_52_false_negatives,subject_52_false_positives,subject_52_loss,subject_52_pr,subject_52_precision,subject_52_recall,subject_52_true_negatives,subject_52_true_positives,subject_59_accuracy,subject_59_auc,subject_59_false_negatives,subject_59_false_positives,subject_59_loss,subject_59_pr,subject_59_precision,subject_59_recall,subject_59_true_negatives,subject_59_true_positives,subject_64_accuracy,subject_64_auc,subject_64_false_negatives,subject_64_false_positives,subject_64_loss,subject_64_pr,subject_64_precision,subject_64_recall,subject_64_true_negatives,subject_64_true_positives,subject_80_accuracy,subject_80_auc,subject_80_false_negatives,subject_80_false_positives,subject_80_loss,subject_80_pr,subject_80_precision,subject_80_recall,subject_80_true_negatives,subject_80_true_positives,subject_92_accuracy,subject_92_auc,subject_92_false_negatives,subject_92_false_positives,subject_92_loss,subject_92_pr,subject_92_precision,subject_92_recall,subject_92_true_negatives,subject_92_true_positives,subject_96_accuracy,subject_96_auc,subject_96_false_negatives,subject_96_false_positives,subject_96_loss,subject_96_pr,subject_96_precision,subject_96_recall,subject_96_true_negatives,subject_96_true_positives,true_negatives,true_positives,val_accuracy,val_auc,val_false_negatives,val_false_positives,val_loss,val_pr,val_precision,val_recall,val_true_negatives,val_true_positives
0,0.7587500214576721,0.8353797197341919,838.0,320.0,0.8733361512422562,0.8220728039741516,0.8299680948257446,0.6508333086967468,,,,,,,,,,,,,,,,,,,,,,,,,,,,,,,,,,,,,,,,,,,,,,,,,,,,,,,,,,,,,,,,,,,,,,,,,,,,,,,,,,,,,,,,,,,,,,,,,,,,,,,,,,,,,,,,,,,,,,,,,2080.0,1562.0,0.9675290584564209,0.0,0.0,123.0,0.0824459276546615,0.0,0.0,0.0,3665.0,0.0
1,0.7585416436195374,0.8431600332260132,871.0,288.0,0.8650345513224602,0.8310719728469849,0.8414969444274902,0.6370833516120911,,,,,,,,,,,,,,,,,,,,,,,,,,,,,,,,,,,,,,,,,,,,,,,,,,,,,,,,,,,,,,,,,,,,,,,,,,,,,,,,,,,,,,,,,,,,,,,,,,,,,,,,,,,,,,,,,,,,,,,,,2112.0,1529.0,0.97307288646698,0.0,0.0,102.0,0.06561016551206142,0.0,0.0,0.0,3686.0,0.0
2,0.7631250023841858,0.8495016098022461,858.0,279.0,0.8332993361353874,0.8374208211898804,0.8467874526977539,0.6424999833106995,,,,,,,,,,,,,,,,,,,,,,,,,,,,,,,,,,,,,,,,,,,,,,,,,,,,,,,,,,,,,,,,,,,,,,,,,,,,,,,,,,,,,,,,,,,,,,,,,,,,,,,,,,,,,,,,,,,,,,,,,2121.0,1542.0,0.9751847982406616,0.0,0.0,94.0,0.06285291674341358,0.0,0.0,0.0,3694.0,0.0
3,0.7664583325386047,0.8554237484931946,848.0,273.0,0.8029297022024791,0.8435099720954895,0.8504109382629395,0.6466666460037231,,,,,,,,,,,,,,,,,,,,,,,,,,,,,,,,,,,,,,,,,,,,,,,,,,,,,,,,,,,,,,,,,,,,,,,,,,,,,,,,,,,,,,,,,,,,,,,,,,,,,,,,,,,,,,,,,,,,,,,,,2127.0,1552.0,0.9741288423538208,0.0,0.0,98.0,0.06345205856319969,0.0,0.0,0.0,3690.0,0.0
4,0.7699999809265137,0.8604663610458374,833.0,271.0,0.7767834842205048,0.8474088311195374,0.8525571227073669,0.652916669845581,,,,,,,,,,,,,,,,,,,,,,,,,,,,,,,,,,,,,,,,,,,,,,,,,,,,,,,,,,,,,,,,,,,,,,,,,,,,,,,,,,,,,,,,,,,,,,,,,,,,,,,,,,,,,,,,,,,,,,,,,2129.0,1567.0,0.9741288423538208,0.0,0.0,98.0,0.06444210093763461,0.0,0.0,0.0,3690.0,0.0
5,0.7729166746139526,0.8647065758705139,815.0,275.0,0.7513689597447714,0.8502946496009827,0.852150559425354,0.6604166626930237,,,,,,,,,,,,,,,,,,,,,,,,,,,,,,,,,,,,,,,,,,,,,,,,,,,,,,,,,,,,,,,,,,,,,,,,,,,,,,,,,,,,,,,,,,,,,,,,,,,,,,,,,,,,,,,,,,,,,,,,,2125.0,1585.0,0.9720168709754944,0.0,0.0,106.0,0.06779002915741335,0.0,0.0,0.0,3682.0,0.0
6,0.7754166722297668,0.8687602877616882,805.0,273.0,0.7342805232604345,0.8539740443229675,0.8538544178009033,0.6645833253860474,,,,,,,,,,,,,,,,,,,,,,,,,,,,,,,,,,,,,,,,,,,,,,,,,,,,,,,,,,,,,,,,,,,,,,,,,,,,,,,,,,,,,,,,,,,,,,,,,,,,,,,,,,,,,,,,,,,,,,,,,2127.0,1595.0,0.971488893032074,0.0,0.0,108.0,0.06920790041520515,0.0,0.0,0.0,3680.0,0.0
7,0.7770833373069763,0.8718712329864502,797.0,273.0,0.7189663584033649,0.8562695980072021,0.85447758436203,0.6679166555404663,,,,,,,,,,,,,,,,,,,,,,,,,,,,,,,,,,,,,,,,,,,,,,,,,,,,,,,,,,,,,,,,,,,,,,,,,,,,,,,,,,,,,,,,,,,,,,,,,,,,,,,,,,,,,,,,,,,,,,,,,2127.0,1603.0,0.9704329371452332,0.0,0.0,112.0,0.07084203333472941,0.0,0.0,0.0,3676.0,0.0
