,accuracy,auc,false_negatives,false_positives,loss,pr,precision,recall,subject_107_accuracy,subject_107_auc,subject_107_false_negatives,subject_107_false_positives,subject_107_loss,subject_107_pr,subject_107_precision,subject_107_recall,subject_107_true_negatives,subject_107_true_positives,subject_109_accuracy,subject_109_auc,subject_109_false_negatives,subject_109_false_positives,subject_109_loss,subject_109_pr,subject_109_precision,subject_109_recall,subject_109_true_negatives,subject_109_true_positives,subject_115_accuracy,subject_115_auc,subject_115_false_negatives,subject_115_false_positives,subject_115_loss,subject_115_pr,subject_115_precision,subject_115_recall,subject_115_true_negatives,subject_115_true_positives,subject_120_accuracy,subject_120_auc,subject_120_false_negatives,subject_120_false_positives,subject_120_loss,subject_120_pr,subject_120_precision,subject_120_recall,subject_120_true_negatives,subject_120_true_positives,subject_43_accuracy,subject_43_auc,subject_43_false_negatives,subject_43_false_positives,subject_43_loss,subject_43_pr,subject_43_precision,subject_43_recall,subject_43_true_negatives,subject_43_true_positives,subject_48_accuracy,subject_48_auc,subject_48_false_negatives,subject_48_false_positives,subject_48_loss,subject_48_pr,subject_48_precision,subject_48_recall,subject_48_true_negatives,subject_48_true_positives,subject_52_accuracy,subject_52_auc,subject_52_false_negatives,subject_52_false_positives,subject_52_loss,subject_52_pr,subject_52_precision,subject_52_recall,subject_52_true_negatives,subject_52_true_positives,subject_59_accuracy,subject_59_auc,subject_59_false_negatives,subject_59_false_positives,subject_59_loss,subject_59_pr,subject_59_precision,subject_59_recall,subject_59_true_negatives,subject_59_true_positives,subject_64_accuracy,subject_64_auc,subject_64_false_negatives,subject_64_false_positives,subject_64_loss,subject_64_pr,subject_64_precision,subject_64_recall,subject_64_true_negatives,subject_64_true_positives,subject_80_accuracy,subject_80_auc,subject_80_false_negatives,subject_80_false_positives,subject_80_loss,subject_80_pr,subject_80_precision,subject_80_recall,subject_80_true_negatives,subject_80_true_positives,subject_92_accuracy,subject_92_auc,subject_92_false_negatives,subject_92_false_positives,subject_92_loss,subject_92_pr,subject_92_precision,subject_92_recall,subject_92_true_negatives,subject_92_true_positives,true_negatives,true_positives,val_accuracy,val_auc,val_false_negatives,val_false_positives,val_loss,val_pr,val_precision,val_recall,val_true_negatives,val_true_positives
0,0.6945454478263855,0.8033193945884705,808.0,536.0,0.860205995386297,0.7916885018348694,0.7219917178153992,0.6327272653579712,,,,,,,,,,,,,,,,,,,,,,,,,,,,,,,,,,,,,,,,,,,,,,,,,,,,,,,,,,,,,,,,,,,,,,,,,,,,,,,,,,,,,,,,,,,,,,,,,,,,,,,,,,,,,,,1664.0,1392.0,0.8035125136375427,0.8155518770217896,325.0,1342.0,0.5158473268706301,0.3090224862098694,0.2565096914768219,0.5875634551048279,6354.0,463.0
1,0.7038636207580566,0.8149078488349915,772.0,531.0,0.8127763253992254,0.8089172840118408,0.7289433479309082,0.6490908861160278,,,,,,,,,,,,,,,,,,,,,,,,,,,,,,,,,,,,,,,,,,,,,,,,,,,,,,,,,,,,,,,,,,,,,,,,,,,,,,,,,,,,,,,,,,,,,,,,,,,,,,,,,,,,,,,1669.0,1428.0,0.8018622994422913,0.8113404512405396,341.0,1340.0,0.5129994582955649,0.30218854546546936,0.25013989210128784,0.567258894443512,6356.0,447.0
2,0.710454523563385,0.824288010597229,739.0,535.0,0.7733605859496376,0.8216376900672913,0.7319639325141907,0.6640909314155579,,,,,,,,,,,,,,,,,,,,,,,,,,,,,,,,,,,,,,,,,,,,,,,,,,,,,,,,,,,,,,,,,,,,,,,,,,,,,,,,,,,,,,,,,,,,,,,,,,,,,,,,,,,,,,,1665.0,1461.0,0.7989156246185303,0.8078302145004272,355.0,1351.0,0.5209997639741497,0.2938321828842163,0.24271300435066223,0.549492359161377,6345.0,433.0
3,0.715681791305542,0.8328472375869751,707.0,544.0,0.7373884619366039,0.8324248790740967,0.7329406142234802,0.678636372089386,,,,,,,,,,,,,,,,,,,,,,,,,,,,,,,,,,,,,,,,,,,,,,,,,,,,,,,,,,,,,,,,,,,,,,,,,,,,,,,,,,,,,,,,,,,,,,,,,,,,,,,,,,,,,,,1656.0,1493.0,0.7931400537490845,0.8009918928146362,358.0,1397.0,0.5391037699356781,0.2813602387905121,0.23535850644111633,0.5456852912902832,6299.0,430.0
4,0.7197727560997009,0.8403804898262024,692.0,541.0,0.7073195288398049,0.8421738743782043,0.7359687685966492,0.6854545474052429,,,,,,,,,,,,,,,,,,,,,,,,,,,,,,,,,,,,,,,,,,,,,,,,,,,,,,,,,,,,,,,,,,,,,,,,,,,,,,,,,,,,,,,,,,,,,,,,,,,,,,,,,,,,,,,1659.0,1508.0,0.789250373840332,0.7961110472679138,369.0,1419.0,0.5498826450640613,0.2741842567920685,0.22796517610549927,0.5317258834838867,6277.0,419.0
5,0.7247727513313293,0.8469211459159851,676.0,535.0,0.6841741130568765,0.8487585186958313,0.740165114402771,0.692727267742157,,,,,,,,,,,,,,,,,,,,,,,,,,,,,,,,,,,,,,,,,,,,,,,,,,,,,,,,,,,,,,,,,,,,,,,,,,,,,,,,,,,,,,,,,,,,,,,,,,,,,,,,,,,,,,,1665.0,1524.0,0.7876001596450806,0.7902208566665649,379.0,1423.0,0.5610642083013805,0.2642436623573303,0.2232532799243927,0.5190355181694031,6273.0,409.0
6,0.7288636565208435,0.8524141311645508,662.0,531.0,0.6637078096649863,0.8545820713043213,0.7433542609214783,0.6990908980369568,,,,,,,,,,,,,,,,,,,,,,,,,,,,,,,,,,,,,,,,,,,,,,,,,,,,,,,,,,,,,,,,,,,,,,,,,,,,,,,,,,,,,,,,,,,,,,,,,,,,,,,,,,,,,,,1669.0,1538.0,0.7852427959442139,0.7853773832321167,393.0,1429.0,0.5696359286326274,0.2584327459335327,0.21655701100826263,0.5012690424919128,6267.0,395.0
