,accuracy,auc,false_negatives,false_positives,loss,pr,precision,recall,subject_107_accuracy,subject_107_auc,subject_107_false_negatives,subject_107_false_positives,subject_107_loss,subject_107_pr,subject_107_precision,subject_107_recall,subject_107_true_negatives,subject_107_true_positives,subject_109_accuracy,subject_109_auc,subject_109_false_negatives,subject_109_false_positives,subject_109_loss,subject_109_pr,subject_109_precision,subject_109_recall,subject_109_true_negatives,subject_109_true_positives,subject_115_accuracy,subject_115_auc,subject_115_false_negatives,subject_115_false_positives,subject_115_loss,subject_115_pr,subject_115_precision,subject_115_recall,subject_115_true_negatives,subject_115_true_positives,subject_120_accuracy,subject_120_auc,subject_120_false_negatives,subject_120_false_positives,subject_120_loss,subject_120_pr,subject_120_precision,subject_120_recall,subject_120_true_negatives,subject_120_true_positives,subject_43_accuracy,subject_43_auc,subject_43_false_negatives,subject_43_false_positives,subject_43_loss,subject_43_pr,subject_43_precision,subject_43_recall,subject_43_true_negatives,subject_43_true_positives,subject_48_accuracy,subject_48_auc,subject_48_false_negatives,subject_48_false_positives,subject_48_loss,subject_48_pr,subject_48_precision,subject_48_recall,subject_48_true_negatives,subject_48_true_positives,subject_52_accuracy,subject_52_auc,subject_52_false_negatives,subject_52_false_positives,subject_52_loss,subject_52_pr,subject_52_precision,subject_52_recall,subject_52_true_negatives,subject_52_true_positives,subject_59_accuracy,subject_59_auc,subject_59_false_negatives,subject_59_false_positives,subject_59_loss,subject_59_pr,subject_59_precision,subject_59_recall,subject_59_true_negatives,subject_59_true_positives,subject_64_accuracy,subject_64_auc,subject_64_false_negatives,subject_64_false_positives,subject_64_loss,subject_64_pr,subject_64_precision,subject_64_recall,subject_64_true_negatives,subject_64_true_positives,subject_80_accuracy,subject_80_auc,subject_80_false_negatives,subject_80_false_positives,subject_80_loss,subject_80_pr,subject_80_precision,subject_80_recall,subject_80_true_negatives,subject_80_true_positives,subject_92_accuracy,subject_92_auc,subject_92_false_negatives,subject_92_false_positives,subject_92_loss,subject_92_pr,subject_92_precision,subject_92_recall,subject_92_true_negatives,subject_92_true_positives,subject_96_accuracy,subject_96_auc,subject_96_false_negatives,subject_96_false_positives,subject_96_loss,subject_96_pr,subject_96_precision,subject_96_recall,subject_96_true_negatives,subject_96_true_positives,true_negatives,true_positives,val_accuracy,val_auc,val_false_negatives,val_false_positives,val_loss,val_pr,val_precision,val_recall,val_true_negatives,val_true_positives
0,0.7695833444595337,0.8733420968055725,811.0,295.0,0.7131532747546832,0.8535343408584595,0.8434182405471802,0.6620833277702332,,,,,,,,,,,,,,,,,,,,,,,,,,,,,,,,,,,,,,,,,,,,,,,,,,,,,,,,,,,,,,,,,,,,,,,,,,,,,,,,,,,,,,,,,,,,,,,,,,,,,,,,,,,,,,,,,,,,,,,,,2105.0,1589.0,0.8955398797988892,0.6214475035667419,192.0,164.0,0.8525142582229606,0.09773322939872742,0.08888889104127884,0.07692307978868484,3036.0,16.0
1,0.7743750214576721,0.8819063901901245,790.0,293.0,0.6678593154748281,0.8632433414459229,0.8460325598716736,0.6708333492279053,,,,,,,,,,,,,,,,,,,,,,,,,,,,,,,,,,,,,,,,,,,,,,,,,,,,,,,,,,,,,,,,,,,,,,,,,,,,,,,,,,,,,,,,,,,,,,,,,,,,,,,,,,,,,,,,,,,,,,,,,2107.0,1610.0,0.8931924700737,0.6240737438201904,191.0,173.0,0.8505552786669122,0.0977523997426033,0.08947368711233139,0.08173076808452606,3027.0,17.0
2,0.7799999713897705,0.889136016368866,766.0,290.0,0.6299152501424153,0.8695026636123657,0.8492723703384399,0.6808333396911621,,,,,,,,,,,,,,,,,,,,,,,,,,,,,,,,,,,,,,,,,,,,,,,,,,,,,,,,,,,,,,,,,,,,,,,,,,,,,,,,,,,,,,,,,,,,,,,,,,,,,,,,,,,,,,,,,,,,,,,,,2110.0,1634.0,0.8920187950134277,0.6229094862937927,191.0,177.0,0.8525595689288608,0.09737244993448257,0.08762886375188828,0.08173076808452606,3023.0,17.0
3,0.7858333587646484,0.8952335715293884,740.0,288.0,0.6000452517966429,0.8747553825378418,0.8521560430526733,0.6916666626930237,,,,,,,,,,,,,,,,,,,,,,,,,,,,,,,,,,,,,,,,,,,,,,,,,,,,,,,,,,,,,,,,,,,,,,,,,,,,,,,,,,,,,,,,,,,,,,,,,,,,,,,,,,,,,,,,,,,,,,,,,2112.0,1660.0,0.8908450603485107,0.6309728622436523,191.0,181.0,0.8548829708283356,0.09896663576364517,0.08585858345031738,0.08173076808452606,3019.0,17.0
4,0.7887499928474426,0.900007963180542,729.0,285.0,0.5769288766384125,0.8799943923950195,0.85429447889328,0.6962500214576721,,,,,,,,,,,,,,,,,,,,,,,,,,,,,,,,,,,,,,,,,,,,,,,,,,,,,,,,,,,,,,,,,,,,,,,,,,,,,,,,,,,,,,,,,,,,,,,,,,,,,,,,,,,,,,,,,,,,,,,,,2115.0,1671.0,0.8908450603485107,0.6332588195800781,190.0,182.0,0.8591599481206544,0.09942951053380966,0.09000000357627869,0.08653846383094788,3018.0,18.0
5,0.7943750023841858,0.903866171836853,704.0,283.0,0.5569667577246825,0.883063793182373,0.8569985032081604,0.7066666483879089,,,,,,,,,,,,,,,,,,,,,,,,,,,,,,,,,,,,,,,,,,,,,,,,,,,,,,,,,,,,,,,,,,,,,,,,,,,,,,,,,,,,,,,,,,,,,,,,,,,,,,,,,,,,,,,,,,,,,,,,,2117.0,1696.0,0.8905516266822815,0.6363070011138916,189.0,184.0,0.8610472151825965,0.10008750110864639,0.09359605610370636,0.09134615212678909,3016.0,19.0
6,0.7975000143051147,0.9076564311981201,695.0,277.0,0.5413882363339265,0.8867197036743164,0.8602421879768372,0.7104166746139526,,,,,,,,,,,,,,,,,,,,,,,,,,,,,,,,,,,,,,,,,,,,,,,,,,,,,,,,,,,,,,,,,,,,,,,,,,,,,,,,,,,,,,,,,,,,,,,,,,,,,,,,,,,,,,,,,,,,,,,,,2123.0,1705.0,0.8908450603485107,0.6365452408790588,188.0,184.0,0.8642620180729129,0.10008387267589569,0.09803921729326248,0.09615384787321091,3016.0,20.0
