,accuracy,auc,false_negatives,false_positives,loss,pr,precision,recall,subject_107_accuracy,subject_107_auc,subject_107_false_negatives,subject_107_false_positives,subject_107_loss,subject_107_pr,subject_107_precision,subject_107_recall,subject_107_true_negatives,subject_107_true_positives,subject_109_accuracy,subject_109_auc,subject_109_false_negatives,subject_109_false_positives,subject_109_loss,subject_109_pr,subject_109_precision,subject_109_recall,subject_109_true_negatives,subject_109_true_positives,subject_115_accuracy,subject_115_auc,subject_115_false_negatives,subject_115_false_positives,subject_115_loss,subject_115_pr,subject_115_precision,subject_115_recall,subject_115_true_negatives,subject_115_true_positives,subject_120_accuracy,subject_120_auc,subject_120_false_negatives,subject_120_false_positives,subject_120_loss,subject_120_pr,subject_120_precision,subject_120_recall,subject_120_true_negatives,subject_120_true_positives,subject_43_accuracy,subject_43_auc,subject_43_false_negatives,subject_43_false_positives,subject_43_loss,subject_43_pr,subject_43_precision,subject_43_recall,subject_43_true_negatives,subject_43_true_positives,subject_48_accuracy,subject_48_auc,subject_48_false_negatives,subject_48_false_positives,subject_48_loss,subject_48_pr,subject_48_precision,subject_48_recall,subject_48_true_negatives,subject_48_true_positives,subject_52_accuracy,subject_52_auc,subject_52_false_negatives,subject_52_false_positives,subject_52_loss,subject_52_pr,subject_52_precision,subject_52_recall,subject_52_true_negatives,subject_52_true_positives,subject_59_accuracy,subject_59_auc,subject_59_false_negatives,subject_59_false_positives,subject_59_loss,subject_59_pr,subject_59_precision,subject_59_recall,subject_59_true_negatives,subject_59_true_positives,subject_64_accuracy,subject_64_auc,subject_64_false_negatives,subject_64_false_positives,subject_64_loss,subject_64_pr,subject_64_precision,subject_64_recall,subject_64_true_negatives,subject_64_true_positives,subject_80_accuracy,subject_80_auc,subject_80_false_negatives,subject_80_false_positives,subject_80_loss,subject_80_pr,subject_80_precision,subject_80_recall,subject_80_true_negatives,subject_80_true_positives,subject_92_accuracy,subject_92_auc,subject_92_false_negatives,subject_92_false_positives,subject_92_loss,subject_92_pr,subject_92_precision,subject_92_recall,subject_92_true_negatives,subject_92_true_positives,true_negatives,true_positives,val_accuracy,val_auc,val_false_negatives,val_false_positives,val_loss,val_pr,val_precision,val_recall,val_true_negatives,val_true_positives
0,0.9870454560626639,0.998635237867182,12.0,45.0,0.06606073861772364,0.9986522793769838,0.9806355021216655,0.9945454597473147,,,,,,,,,,,,,,,,,,,,,,,,,,,,,,,,,,,,,,,,,,,,,,,,,,,,,,,,,,,,,,,,,,,,,,,,,,,,,,,,,,,,,,,,,,,,,,,,,,,,,,,,,,,,,,,2155.0,2188.0,0.7835518715811935,0.3837572671803461,659.0,1586.0,0.6375919365807341,0.3064409524742535,0.3048536132258244,0.26757665377898976,7170.0,957.0
1,0.9981818199157717,0.9999829584901985,1.0,7.0,0.03023775703358379,0.9999827796762641,0.996849596500397,0.9995454549789431,,,,,,,,,,,,,,,,,,,,,,,,,,,,,,,,,,,,,,,,,,,,,,,,,,,,,,,,,,,,,,,,,,,,,,,,,,,,,,,,,,,,,,,,,,,,,,,,,,,,,,,,,,,,,,,2193.0,2199.0,0.7728499832171251,0.3818718868013611,742.0,1614.0,0.7400700056827901,0.30238576347746077,0.31261583681139665,0.25443829552942476,7142.0,874.0
2,0.9997727274894717,0.9999999837441877,0.0,1.0,0.01769667985933748,0.9999999945813961,0.9995477145368405,1.0000000000000002,,,,,,,,,,,,,,,,,,,,,,,,,,,,,,,,,,,,,,,,,,,,,,,,,,,,,,,,,,,,,,,,,,,,,,,,,,,,,,,,,,,,,,,,,,,,,,,,,,,,,,,,,,,,,,,2199.0,2200.0,0.7677400667052263,0.3798989881386041,791.0,1618.0,0.8217330776145836,0.29902659398544906,0.3127804205218108,0.24508663322352736,7138.0,825.0
3,0.9997727274894717,1.0000000108372082,0.0,1.0,0.012047197798436339,0.9999999945813962,0.9995477145368405,1.0000000000000002,,,,,,,,,,,,,,,,,,,,,,,,,,,,,,,,,,,,,,,,,,,,,,,,,,,,,,,,,,,,,,,,,,,,,,,,,,,,,,,,,,,,,,,,,,,,,,,,,,,,,,,,,,,,,,,2199.0,2200.0,0.7637871149747794,0.37687266093628136,819.0,1631.0,0.8800249684824168,0.29541346420434467,0.3116041348792391,0.2409844967880352,7125.0,797.0
4,1.0000000000000002,0.9999999674883756,0.0,0.0,0.009225915109908039,0.9999999945813962,1.0000000000000002,1.0000000000000002,,,,,,,,,,,,,,,,,,,,,,,,,,,,,,,,,,,,,,,,,,,,,,,,,,,,,,,,,,,,,,,,,,,,,,,,,,,,,,,,,,,,,,,,,,,,,,,,,,,,,,,,,,,,,,,2200.0,2200.0,0.7617624382967201,0.37443915674965034,828.0,1643.0,0.9202917942521728,0.2930603852338236,0.30976725948670636,0.24019005354472306,7113.0,788.0
5,1.0000000000000002,0.999999989162792,0.0,0.0,0.007549225556748835,0.999999989162792,1.0000000000000002,1.0000000000000002,,,,,,,,,,,,,,,,,,,,,,,,,,,,,,,,,,,,,,,,,,,,,,,,,,,,,,,,,,,,,,,,,,,,,,,,,,,,,,,,,,,,,,,,,,,,,,,,,,,,,,,,,,,,,,,2200.0,2200.0,0.760219826553027,0.37307077266974104,838.0,1649.0,0.9527918966707041,0.29115259180738345,0.3096873922969584,0.23873286641706062,7107.0,778.0
