,accuracy,auc,false_negatives,false_positives,loss,pr,precision,recall,subject_107_accuracy,subject_107_auc,subject_107_false_negatives,subject_107_false_positives,subject_107_loss,subject_107_pr,subject_107_precision,subject_107_recall,subject_107_true_negatives,subject_107_true_positives,subject_109_accuracy,subject_109_auc,subject_109_false_negatives,subject_109_false_positives,subject_109_loss,subject_109_pr,subject_109_precision,subject_109_recall,subject_109_true_negatives,subject_109_true_positives,subject_115_accuracy,subject_115_auc,subject_115_false_negatives,subject_115_false_positives,subject_115_loss,subject_115_pr,subject_115_precision,subject_115_recall,subject_115_true_negatives,subject_115_true_positives,subject_120_accuracy,subject_120_auc,subject_120_false_negatives,subject_120_false_positives,subject_120_loss,subject_120_pr,subject_120_precision,subject_120_recall,subject_120_true_negatives,subject_120_true_positives,subject_43_accuracy,subject_43_auc,subject_43_false_negatives,subject_43_false_positives,subject_43_loss,subject_43_pr,subject_43_precision,subject_43_recall,subject_43_true_negatives,subject_43_true_positives,subject_48_accuracy,subject_48_auc,subject_48_false_negatives,subject_48_false_positives,subject_48_loss,subject_48_pr,subject_48_precision,subject_48_recall,subject_48_true_negatives,subject_48_true_positives,subject_52_accuracy,subject_52_auc,subject_52_false_negatives,subject_52_false_positives,subject_52_loss,subject_52_pr,subject_52_precision,subject_52_recall,subject_52_true_negatives,subject_52_true_positives,subject_59_accuracy,subject_59_auc,subject_59_false_negatives,subject_59_false_positives,subject_59_loss,subject_59_pr,subject_59_precision,subject_59_recall,subject_59_true_negatives,subject_59_true_positives,subject_64_accuracy,subject_64_auc,subject_64_false_negatives,subject_64_false_positives,subject_64_loss,subject_64_pr,subject_64_precision,subject_64_recall,subject_64_true_negatives,subject_64_true_positives,subject_80_accuracy,subject_80_auc,subject_80_false_negatives,subject_80_false_positives,subject_80_loss,subject_80_pr,subject_80_precision,subject_80_recall,subject_80_true_negatives,subject_80_true_positives,subject_92_accuracy,subject_92_auc,subject_92_false_negatives,subject_92_false_positives,subject_92_loss,subject_92_pr,subject_92_precision,subject_92_recall,subject_92_true_negatives,subject_92_true_positives,subject_96_accuracy,subject_96_auc,subject_96_false_negatives,subject_96_false_positives,subject_96_loss,subject_96_pr,subject_96_precision,subject_96_recall,subject_96_true_negatives,subject_96_true_positives,true_negatives,true_positives,val_accuracy,val_auc,val_false_negatives,val_false_positives,val_loss,val_pr,val_precision,val_recall,val_true_negatives,val_true_positives
0,0.9912500033775966,0.9999187638362248,25.0,17.0,0.03554938555927947,0.9999197671810787,0.9932182580232621,0.9895833333333334,,,,,,,,,,,,,,,,,,,,,,,,,,,,,,,,,,,,,,,,,,,,,,,,,,,,,,,,,,,,,,,,,,,,,,,,,,,,,,,,,,,,,,,,,,,,,,,,,,,,,,,,,,,,,,,,,,,,,,,,,2383.0,2375.0,0.9960401303035531,0.0,0.0,15.0,0.017319621094389413,0.0,0.0,0.0,3773.0,0.0
1,0.9991666674613954,1.0,3.0,1.0,0.016808854726453624,0.9999999900658926,0.9995854049921037,0.998750001192093,,,,,,,,,,,,,,,,,,,,,,,,,,,,,,,,,,,,,,,,,,,,,,,,,,,,,,,,,,,,,,,,,,,,,,,,,,,,,,,,,,,,,,,,,,,,,,,,,,,,,,,,,,,,,,,,,,,,,,,,,2399.0,2397.0,0.9973600894495955,0.0,0.0,10.0,0.016457771482152633,0.0,0.0,0.0,3778.0,0.0
2,1.0,0.9999999950329463,0.0,0.0,0.011101091882834833,0.9999999900658926,1.0,1.0,,,,,,,,,,,,,,,,,,,,,,,,,,,,,,,,,,,,,,,,,,,,,,,,,,,,,,,,,,,,,,,,,,,,,,,,,,,,,,,,,,,,,,,,,,,,,,,,,,,,,,,,,,,,,,,,,,,,,,,,,2400.0,2400.0,0.9973600894495955,0.0,0.0,10.0,0.016265960355533175,0.0,0.0,0.0,3778.0,0.0
3,1.0,0.9999999900658926,0.0,0.0,0.008408500811395544,0.999999985098839,1.0,1.0,,,,,,,,,,,,,,,,,,,,,,,,,,,,,,,,,,,,,,,,,,,,,,,,,,,,,,,,,,,,,,,,,,,,,,,,,,,,,,,,,,,,,,,,,,,,,,,,,,,,,,,,,,,,,,,,,,,,,,,,,2400.0,2400.0,0.9976240782954249,0.0,0.0,9.0,0.015814176337240773,0.0,0.0,0.0,3779.0,0.0
4,1.0,1.0,0.0,0.0,0.006875512178909655,0.9999999950329463,1.0,1.0,,,,,,,,,,,,,,,,,,,,,,,,,,,,,,,,,,,,,,,,,,,,,,,,,,,,,,,,,,,,,,,,,,,,,,,,,,,,,,,,,,,,,,,,,,,,,,,,,,,,,,,,,,,,,,,,,,,,,,,,,2400.0,2400.0,0.9973600869949164,0.0,0.0,10.0,0.015605752424576931,0.0,0.0,0.0,3778.0,0.0
5,1.0,0.9999999751647314,0.0,0.0,0.005881442389994239,1.0000000049670539,1.0,1.0,,,,,,,,,,,,,,,,,,,,,,,,,,,,,,,,,,,,,,,,,,,,,,,,,,,,,,,,,,,,,,,,,,,,,,,,,,,,,,,,,,,,,,,,,,,,,,,,,,,,,,,,,,,,,,,,,,,,,,,,,2400.0,2400.0,0.9973600869949164,0.0,0.0,10.0,0.015251691216763225,0.0,0.0,0.0,3778.0,0.0
6,1.0,0.9999999801317853,0.0,0.0,0.00517938039614819,0.9999999950329465,1.0,1.0,,,,,,,,,,,,,,,,,,,,,,,,,,,,,,,,,,,,,,,,,,,,,,,,,,,,,,,,,,,,,,,,,,,,,,,,,,,,,,,,,,,,,,,,,,,,,,,,,,,,,,,,,,,,,,,,,,,,,,,,,2400.0,2400.0,0.9973600869949164,0.0,0.0,10.0,0.014809097340522253,0.0,0.0,0.0,3778.0,0.0
7,1.0,0.9999999950329463,0.0,0.0,0.004648853559435034,0.9999999950329463,1.0,1.0,,,,,,,,,,,,,,,,,,,,,,,,,,,,,,,,,,,,,,,,,,,,,,,,,,,,,,,,,,,,,,,,,,,,,,,,,,,,,,,,,,,,,,,,,,,,,,,,,,,,,,,,,,,,,,,,,,,,,,,,,2400.0,2400.0,0.9973600869949164,0.0,0.0,10.0,0.014619934378074307,0.0,0.0,0.0,3778.0,0.0
8,1.0,0.9999999850988388,0.0,0.0,0.004234376360351841,1.0000000049670537,1.0,1.0,,,,,,,,,,,,,,,,,,,,,,,,,,,,,,,,,,,,,,,,,,,,,,,,,,,,,,,,,,,,,,,,,,,,,,,,,,,,,,,,,,,,,,,,,,,,,,,,,,,,,,,,,,,,,,,,,,,,,,,,,2400.0,2400.0,0.9970960956944082,0.0,0.0,11.0,0.014514945365941898,0.0,0.0,0.0,3777.0,0.0
9,1.0,0.9999999900658927,0.0,0.0,0.0039003556982303666,0.9999999950329463,1.0,1.0,,,,,,,,,,,,,,,,,,,,,,,,,,,,,,,,,,,,,,,,,,,,,,,,,,,,,,,,,,,,,,,,,,,,,,,,,,,,,,,,,,,,,,,,,,,,,,,,,,,,,,,,,,,,,,,,,,,,,,,,,2400.0,2400.0,0.9970960956944082,0.0,0.0,11.0,0.014257561291458328,0.0,0.0,0.0,3777.0,0.0
10,1.0,0.9999999900658926,0.0,0.0,0.003619008021584402,1.0,1.0,1.0,,,,,,,,,,,,,,,,,,,,,,,,,,,,,,,,,,,,,,,,,,,,,,,,,,,,,,,,,,,,,,,,,,,,,,,,,,,,,,,,,,,,,,,,,,,,,,,,,,,,,,,,,,,,,,,,,,,,,,,,,2400.0,2400.0,0.9970960956944082,0.0,0.0,11.0,0.014173777002094799,0.0,0.0,0.0,3777.0,0.0
11,1.0,0.9999999850988389,0.0,0.0,0.003381832422067722,0.9999999950329463,1.0,1.0,,,,,,,,,,,,,,,,,,,,,,,,,,,,,,,,,,,,,,,,,,,,,,,,,,,,,,,,,,,,,,,,,,,,,,,,,,,,,,,,,,,,,,,,,,,,,,,,,,,,,,,,,,,,,,,,,,,,,,,,,2400.0,2400.0,0.9970960956944082,0.0,0.0,11.0,0.01406236388062893,0.0,0.0,0.0,3777.0,0.0
12,1.0,0.9999999900658926,0.0,0.0,0.003177841204063346,1.0000000049670539,1.0,1.0,,,,,,,,,,,,,,,,,,,,,,,,,,,,,,,,,,,,,,,,,,,,,,,,,,,,,,,,,,,,,,,,,,,,,,,,,,,,,,,,,,,,,,,,,,,,,,,,,,,,,,,,,,,,,,,,,,,,,,,,,2400.0,2400.0,0.9970960956944082,0.0,0.0,11.0,0.014003727234602015,0.0,0.0,0.0,3777.0,0.0
13,1.0,0.9999999950329463,0.0,0.0,0.00299745614368779,1.0,1.0,1.0,,,,,,,,,,,,,,,,,,,,,,,,,,,,,,,,,,,,,,,,,,,,,,,,,,,,,,,,,,,,,,,,,,,,,,,,,,,,,,,,,,,,,,,,,,,,,,,,,,,,,,,,,,,,,,,,,,,,,,,,,2400.0,2400.0,0.9970960956944082,0.0,0.0,11.0,0.013954928395314509,0.0,0.0,0.0,3777.0,0.0
14,1.0,0.9999999950329465,0.0,0.0,0.0028396954476678123,0.9999999900658926,1.0,1.0,,,,,,,,,,,,,,,,,,,,,,,,,,,,,,,,,,,,,,,,,,,,,,,,,,,,,,,,,,,,,,,,,,,,,,,,,,,,,,,,,,,,,,,,,,,,,,,,,,,,,,,,,,,,,,,,,,,,,,,,,2400.0,2400.0,0.9970960956944082,0.0,0.0,11.0,0.013850038527270606,0.0,0.0,0.0,3777.0,0.0
15,1.0,0.9999999950329463,0.0,0.0,0.002700857128171871,1.0000000099341075,1.0,1.0,,,,,,,,,,,,,,,,,,,,,,,,,,,,,,,,,,,,,,,,,,,,,,,,,,,,,,,,,,,,,,,,,,,,,,,,,,,,,,,,,,,,,,,,,,,,,,,,,,,,,,,,,,,,,,,,,,,,,,,,,2400.0,2400.0,0.9968321043938997,0.0,0.0,12.0,0.013754859670288342,0.0,0.0,0.0,3776.0,0.0
16,1.0,0.9999999900658927,0.0,0.0,0.002574340781429783,1.0,1.0,1.0,,,,,,,,,,,,,,,,,,,,,,,,,,,,,,,,,,,,,,,,,,,,,,,,,,,,,,,,,,,,,,,,,,,,,,,,,,,,,,,,,,,,,,,,,,,,,,,,,,,,,,,,,,,,,,,,,,,,,,,,,2400.0,2400.0,0.9968321043938997,0.0,0.0,12.0,0.01371466011556855,0.0,0.0,0.0,3776.0,0.0
17,1.0,0.9999999950329463,0.0,0.0,0.002462026276625693,1.0,1.0,1.0,,,,,,,,,,,,,,,,,,,,,,,,,,,,,,,,,,,,,,,,,,,,,,,,,,,,,,,,,,,,,,,,,,,,,,,,,,,,,,,,,,,,,,,,,,,,,,,,,,,,,,,,,,,,,,,,,,,,,,,,,2400.0,2400.0,0.9968321043938997,0.0,0.0,12.0,0.013636591654824566,0.0,0.0,0.0,3776.0,0.0
18,1.0,0.9999999950329465,0.0,0.0,0.002360227295624403,1.0,1.0,1.0,,,,,,,,,,,,,,,,,,,,,,,,,,,,,,,,,,,,,,,,,,,,,,,,,,,,,,,,,,,,,,,,,,,,,,,,,,,,,,,,,,,,,,,,,,,,,,,,,,,,,,,,,,,,,,,,,,,,,,,,,2400.0,2400.0,0.9968321043938997,0.0,0.0,12.0,0.013559942823765138,0.0,0.0,0.0,3776.0,0.0
19,1.0,0.9999999900658927,0.0,0.0,0.0022669112864726537,0.9999999850988389,1.0,1.0,,,,,,,,,,,,,,,,,,,,,,,,,,,,,,,,,,,,,,,,,,,,,,,,,,,,,,,,,,,,,,,,,,,,,,,,,,,,,,,,,,,,,,,,,,,,,,,,,,,,,,,,,,,,,,,,,,,,,,,,,2400.0,2400.0,0.9968321043938997,0.0,0.0,12.0,0.01352122823148179,0.0,0.0,0.0,3776.0,0.0
20,1.0,0.9999999850988389,0.0,0.0,0.002181268360000104,1.0,1.0,1.0,,,,,,,,,,,,,,,,,,,,,,,,,,,,,,,,,,,,,,,,,,,,,,,,,,,,,,,,,,,,,,,,,,,,,,,,,,,,,,,,,,,,,,,,,,,,,,,,,,,,,,,,,,,,,,,,,,,,,,,,,2400.0,2400.0,0.9968321043938997,0.0,0.0,12.0,0.013481216445794367,0.0,0.0,0.0,3776.0,0.0
21,1.0,1.0,0.0,0.0,0.0021034751791739834,1.0,1.0,1.0,,,,,,,,,,,,,,,,,,,,,,,,,,,,,,,,,,,,,,,,,,,,,,,,,,,,,,,,,,,,,,,,,,,,,,,,,,,,,,,,,,,,,,,,,,,,,,,,,,,,,,,,,,,,,,,,,,,,,,,,,2400.0,2400.0,0.9968321043938997,0.0,0.0,12.0,0.013479572735546619,0.0,0.0,0.0,3776.0,0.0
22,1.0,1.0000000149011612,0.0,0.0,0.0020318265721046675,1.0,1.0,1.0,,,,,,,,,,,,,,,,,,,,,,,,,,,,,,,,,,,,,,,,,,,,,,,,,,,,,,,,,,,,,,,,,,,,,,,,,,,,,,,,,,,,,,,,,,,,,,,,,,,,,,,,,,,,,,,,,,,,,,,,,2400.0,2400.0,0.9968321043938997,0.0,0.0,12.0,0.013399800861934388,0.0,0.0,0.0,3776.0,0.0
23,1.0,1.0000000149011612,0.0,0.0,0.0019639608172777423,1.0,1.0,1.0,,,,,,,,,,,,,,,,,,,,,,,,,,,,,,,,,,,,,,,,,,,,,,,,,,,,,,,,,,,,,,,,,,,,,,,,,,,,,,,,,,,,,,,,,,,,,,,,,,,,,,,,,,,,,,,,,,,,,,,,,2400.0,2400.0,0.9968321043938997,0.0,0.0,12.0,0.013363854477350199,0.0,0.0,0.0,3776.0,0.0
24,1.0,0.9999999900658927,0.0,0.0,0.0019021519496648885,1.0,1.0,1.0,,,,,,,,,,,,,,,,,,,,,,,,,,,,,,,,,,,,,,,,,,,,,,,,,,,,,,,,,,,,,,,,,,,,,,,,,,,,,,,,,,,,,,,,,,,,,,,,,,,,,,,,,,,,,,,,,,,,,,,,,2400.0,2400.0,0.9968321043938997,0.0,0.0,12.0,0.013375551169251368,0.0,0.0,0.0,3776.0,0.0
25,1.0,0.9999999950329465,0.0,0.0,0.001843855160016877,1.0,1.0,1.0,,,,,,,,,,,,,,,,,,,,,,,,,,,,,,,,,,,,,,,,,,,,,,,,,,,,,,,,,,,,,,,,,,,,,,,,,,,,,,,,,,,,,,,,,,,,,,,,,,,,,,,,,,,,,,,,,,,,,,,,,2400.0,2400.0,0.9965681130933914,0.0,0.0,13.0,0.013349358611412563,0.0,0.0,0.0,3775.0,0.0
26,1.0,0.9999999900658926,0.0,0.0,0.001790172045584768,0.9999999950329465,1.0,1.0,,,,,,,,,,,,,,,,,,,,,,,,,,,,,,,,,,,,,,,,,,,,,,,,,,,,,,,,,,,,,,,,,,,,,,,,,,,,,,,,,,,,,,,,,,,,,,,,,,,,,,,,,,,,,,,,,,,,,,,,,2400.0,2400.0,0.9965681130933914,0.0,0.0,13.0,0.013336994379027765,0.0,0.0,0.0,3775.0,0.0
27,1.0,0.9999999900658926,0.0,0.0,0.0017386933990443747,0.9999999950329463,1.0,1.0,,,,,,,,,,,,,,,,,,,,,,,,,,,,,,,,,,,,,,,,,,,,,,,,,,,,,,,,,,,,,,,,,,,,,,,,,,,,,,,,,,,,,,,,,,,,,,,,,,,,,,,,,,,,,,,,,,,,,,,,,2400.0,2400.0,0.9965681130933914,0.0,0.0,13.0,0.013282755513923461,0.0,0.0,0.0,3775.0,0.0
28,1.0,0.9999999900658926,0.0,0.0,0.0016916649243406332,1.0,1.0,1.0,,,,,,,,,,,,,,,,,,,,,,,,,,,,,,,,,,,,,,,,,,,,,,,,,,,,,,,,,,,,,,,,,,,,,,,,,,,,,,,,,,,,,,,,,,,,,,,,,,,,,,,,,,,,,,,,,,,,,,,,,2400.0,2400.0,0.9965681130933914,0.0,0.0,13.0,0.013268187176497654,0.0,0.0,0.0,3775.0,0.0
29,1.0,0.9999999900658926,0.0,0.0,0.0016474706698985152,1.0,1.0,1.0,,,,,,,,,,,,,,,,,,,,,,,,,,,,,,,,,,,,,,,,,,,,,,,,,,,,,,,,,,,,,,,,,,,,,,,,,,,,,,,,,,,,,,,,,,,,,,,,,,,,,,,,,,,,,,,,,,,,,,,,,2400.0,2400.0,0.9965681130933914,0.0,0.0,13.0,0.013256881989369888,0.0,0.0,0.0,3775.0,0.0
