,accuracy,auc,false_negatives,false_positives,loss,pr,precision,recall,subject_107_accuracy,subject_107_auc,subject_107_false_negatives,subject_107_false_positives,subject_107_loss,subject_107_pr,subject_107_precision,subject_107_recall,subject_107_true_negatives,subject_107_true_positives,subject_115_accuracy,subject_115_auc,subject_115_false_negatives,subject_115_false_positives,subject_115_loss,subject_115_pr,subject_115_precision,subject_115_recall,subject_115_true_negatives,subject_115_true_positives,subject_120_accuracy,subject_120_auc,subject_120_false_negatives,subject_120_false_positives,subject_120_loss,subject_120_pr,subject_120_precision,subject_120_recall,subject_120_true_negatives,subject_120_true_positives,subject_43_accuracy,subject_43_auc,subject_43_false_negatives,subject_43_false_positives,subject_43_loss,subject_43_pr,subject_43_precision,subject_43_recall,subject_43_true_negatives,subject_43_true_positives,subject_52_accuracy,subject_52_auc,subject_52_false_negatives,subject_52_false_positives,subject_52_loss,subject_52_pr,subject_52_precision,subject_52_recall,subject_52_true_negatives,subject_52_true_positives,subject_64_accuracy,subject_64_auc,subject_64_false_negatives,subject_64_false_positives,subject_64_loss,subject_64_pr,subject_64_precision,subject_64_recall,subject_64_true_negatives,subject_64_true_positives,subject_80_accuracy,subject_80_auc,subject_80_false_negatives,subject_80_false_positives,subject_80_loss,subject_80_pr,subject_80_precision,subject_80_recall,subject_80_true_negatives,subject_80_true_positives,subject_92_accuracy,subject_92_auc,subject_92_false_negatives,subject_92_false_positives,subject_92_loss,subject_92_pr,subject_92_precision,subject_92_recall,subject_92_true_negatives,subject_92_true_positives,true_negatives,true_positives,val_accuracy,val_auc,val_false_negatives,val_false_positives,val_loss,val_pr,val_precision,val_recall,val_true_negatives,val_true_positives
0,0.869999997317791,0.995209351181984,172.0,244.0,0.28744202334433794,0.9942735582590103,0.8985671922564507,0.8924999982118607,,,,,,,,,,,,,,,,,,,,,,,,,,,,,,,,,,,,,,,,,,,,,,,,,,,,,,,,,,,,,,,,,,,,,,,,,,,,,,,,,1356.0,1428.0,0.7953025999411489,0.3803800376974975,840.0,1487.0,0.5442627773443722,0.3031534652876484,0.23689845374757185,0.27815210557576164,7305.0,1736.0
1,0.9715625047683716,0.9999874755740166,6.0,85.0,0.08739859783556313,0.9999874383211136,0.9594731479883194,0.9962500035762787,,,,,,,,,,,,,,,,,,,,,,,,,,,,,,,,,,,,,,,,,,,,,,,,,,,,,,,,,,,,,,,,,,,,,,,,,,,,,,,,,1515.0,1594.0,0.7886171714467619,0.38424357438406254,996.0,1407.0,0.5372630710495482,0.3041530531909078,0.23987196068647126,0.2602971497812373,7385.0,1580.0
2,0.9990625008940697,0.999999962747097,0.0,3.0,0.03352721722796559,0.9999999925494194,0.9981527104973793,1.0,,,,,,,,,,,,,,,,,,,,,,,,,,,,,,,,,,,,,,,,,,,,,,,,,,,,,,,,,,,,,,,,,,,,,,,,,,,,,,,,,1597.0,1600.0,0.7741907074323933,0.3856716052819774,1191.0,1376.0,0.5587809593885361,0.3034916566573424,0.2635631433974514,0.2432414406801087,7416.0,1385.0
3,1.0,0.9999999925494194,0.0,0.0,0.018986672898754477,1.0,1.0,1.0,,,,,,,,,,,,,,,,,,,,,,,,,,,,,,,,,,,,,,,,,,,,,,,,,,,,,,,,,,,,,,,,,,,,,,,,,,,,,,,,,1600.0,1600.0,0.7667135823095962,0.3853570355822049,1307.0,1345.0,0.5805712502024069,0.3028414412326246,0.2623455431587591,0.23087713975402974,7447.0,1269.0
4,1.0,0.9999999701976776,0.0,0.0,0.013184125956613571,0.9999999925494194,1.0,1.0,,,,,,,,,,,,,,,,,,,,,,,,,,,,,,,,,,,,,,,,,,,,,,,,,,,,,,,,,,,,,,,,,,,,,,,,,,,,,,,,,1600.0,1600.0,0.7627550996708921,0.38518440360590067,1370.0,1327.0,0.596801093590012,0.30262228890592824,0.2683410863487088,0.22584323204868986,7465.0,1206.0
5,1.0,1.0,0.0,0.0,0.010278996981214731,0.9999999925494194,1.0,1.0,,,,,,,,,,,,,,,,,,,,,,,,,,,,,,,,,,,,,,,,,,,,,,,,,,,,,,,,,,,,,,,,,,,,,,,,,,,,,,,,,1600.0,1600.0,0.761259682890733,0.3854528095712132,1410.0,1304.0,0.6070507269440006,0.30245266807836435,0.26696280501704245,0.22162764512079805,7488.0,1166.0
6,1.0,0.9999999925494194,0.0,0.0,0.008485700819874183,0.9999999925494194,1.0,1.0,,,,,,,,,,,,,,,,,,,,,,,,,,,,,,,,,,,,,,,,,,,,,,,,,,,,,,,,,,,,,,,,,,,,,,,,,,,,,,,,,1600.0,1600.0,0.7609078061781996,0.38581974159488364,1430.0,1288.0,0.6158301124805887,0.3023811561054826,0.2605055175684943,0.21804750927761302,7504.0,1146.0
