,accuracy,auc,false_negatives,false_positives,loss,pr,precision,recall,subject_107_accuracy,subject_107_auc,subject_107_false_negatives,subject_107_false_positives,subject_107_loss,subject_107_pr,subject_107_precision,subject_107_recall,subject_107_true_negatives,subject_107_true_positives,subject_115_accuracy,subject_115_auc,subject_115_false_negatives,subject_115_false_positives,subject_115_loss,subject_115_pr,subject_115_precision,subject_115_recall,subject_115_true_negatives,subject_115_true_positives,subject_120_accuracy,subject_120_auc,subject_120_false_negatives,subject_120_false_positives,subject_120_loss,subject_120_pr,subject_120_precision,subject_120_recall,subject_120_true_negatives,subject_120_true_positives,subject_43_accuracy,subject_43_auc,subject_43_false_negatives,subject_43_false_positives,subject_43_loss,subject_43_pr,subject_43_precision,subject_43_recall,subject_43_true_negatives,subject_43_true_positives,subject_52_accuracy,subject_52_auc,subject_52_false_negatives,subject_52_false_positives,subject_52_loss,subject_52_pr,subject_52_precision,subject_52_recall,subject_52_true_negatives,subject_52_true_positives,subject_64_accuracy,subject_64_auc,subject_64_false_negatives,subject_64_false_positives,subject_64_loss,subject_64_pr,subject_64_precision,subject_64_recall,subject_64_true_negatives,subject_64_true_positives,subject_80_accuracy,subject_80_auc,subject_80_false_negatives,subject_80_false_positives,subject_80_loss,subject_80_pr,subject_80_precision,subject_80_recall,subject_80_true_negatives,subject_80_true_positives,subject_92_accuracy,subject_92_auc,subject_92_false_negatives,subject_92_false_positives,subject_92_loss,subject_92_pr,subject_92_precision,subject_92_recall,subject_92_true_negatives,subject_92_true_positives,true_negatives,true_positives,val_accuracy,val_auc,val_false_negatives,val_false_positives,val_loss,val_pr,val_precision,val_recall,val_true_negatives,val_true_positives
0,0.8968749940395355,0.9899749979376793,207.0,123.0,0.26157530266791584,0.9887208715081215,0.9374927207827568,0.8706250041723251,,,,,,,,,,,,,,,,,,,,,,,,,,,,,,,,,,,,,,,,,,,,,,,,,,,,,,,,,,,,,,,,,,,,,,,,,,,,,,,,,1477.0,1393.0,0.7747185157479576,0.3724809144895569,1119.0,1442.0,0.6288871733722606,0.2959436291434201,0.2750998731076004,0.25343452926717286,7350.0,1457.0
1,0.9506250023841858,0.9990625157952309,125.0,33.0,0.12507898485288024,0.99903504550457,0.9808631539344788,0.921875,,,,,,,,,,,,,,,,,,,,,,,,,,,,,,,,,,,,,,,,,,,,,,,,,,,,,,,,,,,,,,,,,,,,,,,,,,,,,,,,,1567.0,1475.0,0.7444581345069752,0.3752708803760091,1380.0,1525.0,0.696801797752729,0.29627192545784437,0.2769772842300978,0.22980562177533248,7267.0,1196.0
2,0.9753125011920929,0.9999202936887741,66.0,13.0,0.08238598740659651,0.9999193921685219,0.9921480417251587,0.9587500020861626,,,,,,,,,,,,,,,,,,,,,,,,,,,,,,,,,,,,,,,,,,,,,,,,,,,,,,,,,,,,,,,,,,,,,,,,,,,,,,,,,1587.0,1534.0,0.7388282862454546,0.37611915497273146,1436.0,1533.0,0.7229978698375421,0.29618213674411403,0.2777961299562647,0.22575866020455654,7259.0,1140.0
3,0.9840625002980232,0.9999874532222748,42.0,9.0,0.061223182221874596,0.9999874234199524,0.9944997057318687,0.973750002682209,,,,,,,,,,,,,,,,,,,,,,,,,,,,,,,,,,,,,,,,,,,,,,,,,,,,,,,,,,,,,,,,,,,,,,,,,,,,,,,,,1591.0,1558.0,0.7380365984885312,0.37665120419442527,1438.0,1540.0,0.7307820101286407,0.29616527250698554,0.27846084666726123,0.22732160684510405,7252.0,1138.0
4,0.9884375035762787,0.9999999925494194,33.0,4.0,0.04863813002128154,0.9999999925494194,0.997549019753933,0.979374997317791,,,,,,,,,,,,,,,,,,,,,,,,,,,,,,,,,,,,,,,,,,,,,,,,,,,,,,,,,,,,,,,,,,,,,,,,,,,,,,,,,1596.0,1567.0,0.7394440573424541,0.37732180781049013,1435.0,1527.0,0.7298647999041893,0.296321966647997,0.2793097467902972,0.22926659937646507,7265.0,1141.0
5,0.9924999997019768,1.0000000298023224,21.0,3.0,0.040315592493861914,0.9999999776482582,0.9981527104973793,0.9868749976158142,,,,,,,,,,,,,,,,,,,,,,,,,,,,,,,,,,,,,,,,,,,,,,,,,,,,,,,,,,,,,,,,,,,,,,,,,,,,,,,,,1597.0,1579.0,0.7401477833141498,0.37743929596873427,1432.0,1522.0,0.728462334509931,0.29614750921390665,0.27911552352952673,0.22956538083979483,7270.0,1144.0
