,accuracy,auc,false_negatives,false_positives,loss,pr,precision,recall,subject_107_accuracy,subject_107_auc,subject_107_false_negatives,subject_107_false_positives,subject_107_loss,subject_107_pr,subject_107_precision,subject_107_recall,subject_107_true_negatives,subject_107_true_positives,subject_109_accuracy,subject_109_auc,subject_109_false_negatives,subject_109_false_positives,subject_109_loss,subject_109_pr,subject_109_precision,subject_109_recall,subject_109_true_negatives,subject_109_true_positives,subject_115_accuracy,subject_115_auc,subject_115_false_negatives,subject_115_false_positives,subject_115_loss,subject_115_pr,subject_115_precision,subject_115_recall,subject_115_true_negatives,subject_115_true_positives,subject_120_accuracy,subject_120_auc,subject_120_false_negatives,subject_120_false_positives,subject_120_loss,subject_120_pr,subject_120_precision,subject_120_recall,subject_120_true_negatives,subject_120_true_positives,subject_43_accuracy,subject_43_auc,subject_43_false_negatives,subject_43_false_positives,subject_43_loss,subject_43_pr,subject_43_precision,subject_43_recall,subject_43_true_negatives,subject_43_true_positives,subject_48_accuracy,subject_48_auc,subject_48_false_negatives,subject_48_false_positives,subject_48_loss,subject_48_pr,subject_48_precision,subject_48_recall,subject_48_true_negatives,subject_48_true_positives,subject_52_accuracy,subject_52_auc,subject_52_false_negatives,subject_52_false_positives,subject_52_loss,subject_52_pr,subject_52_precision,subject_52_recall,subject_52_true_negatives,subject_52_true_positives,subject_59_accuracy,subject_59_auc,subject_59_false_negatives,subject_59_false_positives,subject_59_loss,subject_59_pr,subject_59_precision,subject_59_recall,subject_59_true_negatives,subject_59_true_positives,subject_64_accuracy,subject_64_auc,subject_64_false_negatives,subject_64_false_positives,subject_64_loss,subject_64_pr,subject_64_precision,subject_64_recall,subject_64_true_negatives,subject_64_true_positives,subject_80_accuracy,subject_80_auc,subject_80_false_negatives,subject_80_false_positives,subject_80_loss,subject_80_pr,subject_80_precision,subject_80_recall,subject_80_true_negatives,subject_80_true_positives,subject_92_accuracy,subject_92_auc,subject_92_false_negatives,subject_92_false_positives,subject_92_loss,subject_92_pr,subject_92_precision,subject_92_recall,subject_92_true_negatives,subject_92_true_positives,true_negatives,true_positives,val_accuracy,val_auc,val_false_negatives,val_false_positives,val_loss,val_pr,val_precision,val_recall,val_true_negatives,val_true_positives
0,0.9550000049851157,0.9966318444772201,148.0,50.0,0.11890358435498043,0.9966056455265391,0.9779045636003667,0.9327272718602962,,,,,,,,,,,,,,,,,,,,,,,,,,,,,,,,,,,,,,,,,,,,,,,,,,,,,,,,,,,,,,,,,,,,,,,,,,,,,,,,,,,,,,,,,,,,,,,,,,,,,,,,,,,,,,,2150.0,2052.0,0.8223100587915281,0.38289777146680354,585.0,1258.0,0.49728925064805446,0.2964817606892496,0.30202244245725574,0.2741692458346595,7498.0,1031.0
1,0.9834090958942069,0.9997636133974248,58.0,15.0,0.06964395493946292,0.9997756697914817,0.9933641119436785,0.9736363671042705,,,,,,,,,,,,,,,,,,,,,,,,,,,,,,,,,,,,,,,,,,,,,,,,,,,,,,,,,,,,,,,,,,,,,,,,,,,,,,,,,,,,,,,,,,,,,,,,,,,,,,,,,,,,,,,2185.0,2142.0,0.7974353999163808,0.38159047095324145,650.0,1451.0,0.6084910675521453,0.29168326372903514,0.2880113382528888,0.2634444397547693,7305.0,966.0
2,0.9899999986995353,0.9999636140736666,40.0,4.0,0.04960161876272072,0.9999645189805466,0.9981953393329275,0.9818181829019028,,,,,,,,,,,,,,,,,,,,,,,,,,,,,,,,,,,,,,,,,,,,,,,,,,,,,,,,,,,,,,,,,,,,,,,,,,,,,,,,,,,,,,,,,,,,,,,,,,,,,,,,,,,,,,,2196.0,2160.0,0.7853837260467134,0.38114645197912855,683.0,1543.0,0.6851895300459123,0.28778967310735903,0.27957277234989936,0.2590866990407553,7213.0,933.0
3,0.992727274244482,0.9999977296048944,29.0,3.0,0.039076221967962656,0.9999977241862905,0.9986476247960873,0.9868181835521354,,,,,,,,,,,,,,,,,,,,,,,,,,,,,,,,,,,,,,,,,,,,,,,,,,,,,,,,,,,,,,,,,,,,,,,,,,,,,,,,,,,,,,,,,,,,,,,,,,,,,,,,,,,,,,,2197.0,2171.0,0.7803702302883363,0.38053648480107505,691.0,1587.0,0.7405206973490738,0.2867536569395628,0.281294437618822,0.25972596331540104,7169.0,925.0
4,0.9952272718602962,1.0000000162558123,20.0,1.0,0.03269917147911408,1.0000000000000002,0.9995477145368404,0.9909090887416495,,,,,,,,,,,,,,,,,,,,,,,,,,,,,,,,,,,,,,,,,,,,,,,,,,,,,,,,,,,,,,,,,,,,,,,,,,,,,,,,,,,,,,,,,,,,,,,,,,,,,,,,,,,,,,,2199.0,2180.0,0.7773814026684408,0.3792043602976889,700.0,1609.0,0.7843281854916129,0.28475623341356976,0.2826005424535555,0.2596219714157746,7147.0,916.0
5,0.9961363619024105,0.9999999837441879,16.0,1.0,0.028261484405533832,1.0000000000000002,0.9995477145368404,0.992727274244482,,,,,,,,,,,,,,,,,,,,,,,,,,,,,,,,,,,,,,,,,,,,,,,,,,,,,,,,,,,,,,,,,,,,,,,,,,,,,,,,,,,,,,,,,,,,,,,,,,,,,,,,,,,,,,,2199.0,2184.0,0.7752603097135295,0.37917975396940806,713.0,1618.0,0.8192229663844964,0.2835993067527709,0.2797678913152498,0.2534980501762652,7138.0,903.0
