,accuracy,auc,false_negatives,false_positives,loss,pr,precision,recall,subject_107_accuracy,subject_107_auc,subject_107_false_negatives,subject_107_false_positives,subject_107_loss,subject_107_pr,subject_107_precision,subject_107_recall,subject_107_true_negatives,subject_107_true_positives,subject_109_accuracy,subject_109_auc,subject_109_false_negatives,subject_109_false_positives,subject_109_loss,subject_109_pr,subject_109_precision,subject_109_recall,subject_109_true_negatives,subject_109_true_positives,subject_115_accuracy,subject_115_auc,subject_115_false_negatives,subject_115_false_positives,subject_115_loss,subject_115_pr,subject_115_precision,subject_115_recall,subject_115_true_negatives,subject_115_true_positives,subject_120_accuracy,subject_120_auc,subject_120_false_negatives,subject_120_false_positives,subject_120_loss,subject_120_pr,subject_120_precision,subject_120_recall,subject_120_true_negatives,subject_120_true_positives,subject_43_accuracy,subject_43_auc,subject_43_false_negatives,subject_43_false_positives,subject_43_loss,subject_43_pr,subject_43_precision,subject_43_recall,subject_43_true_negatives,subject_43_true_positives,subject_48_accuracy,subject_48_auc,subject_48_false_negatives,subject_48_false_positives,subject_48_loss,subject_48_pr,subject_48_precision,subject_48_recall,subject_48_true_negatives,subject_48_true_positives,subject_52_accuracy,subject_52_auc,subject_52_false_negatives,subject_52_false_positives,subject_52_loss,subject_52_pr,subject_52_precision,subject_52_recall,subject_52_true_negatives,subject_52_true_positives,subject_59_accuracy,subject_59_auc,subject_59_false_negatives,subject_59_false_positives,subject_59_loss,subject_59_pr,subject_59_precision,subject_59_recall,subject_59_true_negatives,subject_59_true_positives,subject_64_accuracy,subject_64_auc,subject_64_false_negatives,subject_64_false_positives,subject_64_loss,subject_64_pr,subject_64_precision,subject_64_recall,subject_64_true_negatives,subject_64_true_positives,subject_80_accuracy,subject_80_auc,subject_80_false_negatives,subject_80_false_positives,subject_80_loss,subject_80_pr,subject_80_precision,subject_80_recall,subject_80_true_negatives,subject_80_true_positives,subject_92_accuracy,subject_92_auc,subject_92_false_negatives,subject_92_false_positives,subject_92_loss,subject_92_pr,subject_92_precision,subject_92_recall,subject_92_true_negatives,subject_92_true_positives,true_negatives,true_positives,val_accuracy,val_auc,val_false_negatives,val_false_positives,val_loss,val_pr,val_precision,val_recall,val_true_negatives,val_true_positives
0,0.9763636372306131,0.9998352148316123,91.0,13.0,0.06763047011823138,0.9998357946222479,0.9941181107000873,0.9586363651535729,,,,,,,,,,,,,,,,,,,,,,,,,,,,,,,,,,,,,,,,,,,,,,,,,,,,,,,,,,,,,,,,,,,,,,,,,,,,,,,,,,,,,,,,,,,,,,,,,,,,,,,,,,,,,,,2187.0,2109.0,0.8127466469838475,0.6853090402359274,861.0,1037.0,0.5713428420877383,0.6096633919459586,0.5959135175645117,0.5112960363290586,6239.0,1999.0
1,0.9943181872367861,1.0000000270930205,20.0,5.0,0.03345813621004874,0.9999999783255837,0.9977519457990475,0.9909090887416494,,,,,,,,,,,,,,,,,,,,,,,,,,,,,,,,,,,,,,,,,,,,,,,,,,,,,,,,,,,,,,,,,,,,,,,,,,,,,,,,,,,,,,,,,,,,,,,,,,,,,,,,,,,,,,,2195.0,2180.0,0.8034727728639708,0.6818179259548623,843.0,1149.0,0.6386112862008909,0.6027332091529066,0.5888743580281499,0.5166489081229388,6127.0,2017.0
2,0.9984090924263003,1.0000000216744165,5.0,2.0,0.023554373800077223,0.999999989162792,0.999099910259247,0.9977272748947146,,,,,,,,,,,,,,,,,,,,,,,,,,,,,,,,,,,,,,,,,,,,,,,,,,,,,,,,,,,,,,,,,,,,,,,,,,,,,,,,,,,,,,,,,,,,,,,,,,,,,,,,,,,,,,,2198.0,2195.0,0.801894243462592,0.6799540873014183,834.0,1174.0,0.6628015188903317,0.5992827135319774,0.5873847159468102,0.517352147879051,6102.0,2026.0
3,0.9988636374473574,1.0000000054186042,4.0,1.0,0.018836328741163016,0.9999999837441879,0.9995477145368404,0.9981818199157717,,,,,,,,,,,,,,,,,,,,,,,,,,,,,,,,,,,,,,,,,,,,,,,,,,,,,,,,,,,,,,,,,,,,,,,,,,,,,,,,,,,,,,,,,,,,,,,,,,,,,,,,,,,,,,,2199.0,2196.0,0.801104980279069,0.6783995714917743,836.0,1180.0,0.6746210326366717,0.5960899583448458,0.5882693861964752,0.5168770865817285,6096.0,2024.0
4,0.9995454549789431,0.9999999837441879,1.0,1.0,0.015946801863187417,0.9999999945813961,0.9995477145368404,0.9995454549789431,,,,,,,,,,,,,,,,,,,,,,,,,,,,,,,,,,,,,,,,,,,,,,,,,,,,,,,,,,,,,,,,,,,,,,,,,,,,,,,,,,,,,,,,,,,,,,,,,,,,,,,,,,,,,,,2199.0,2199.0,0.7999210743661367,0.6775693036527641,845.0,1183.0,0.6822046908952434,0.5953974436612797,0.5869335015175752,0.5107748103993279,6093.0,2015.0
5,0.9995454549789431,0.999999978325584,1.0,1.0,0.013963186104189266,0.999999989162792,0.9995477145368404,0.9995454549789431,,,,,,,,,,,,,,,,,,,,,,,,,,,,,,,,,,,,,,,,,,,,,,,,,,,,,,,,,,,,,,,,,,,,,,,,,,,,,,,,,,,,,,,,,,,,,,,,,,,,,,,,,,,,,,,2199.0,2199.0,0.7997237585526146,0.6775876744911251,854.0,1176.0,0.6882873428220525,0.5948137779967843,0.5890991951220601,0.5086283955337876,6100.0,2006.0
