,accuracy,auc,false_negatives,false_positives,loss,pr,precision,recall,subject_107_accuracy,subject_107_auc,subject_107_false_negatives,subject_107_false_positives,subject_107_loss,subject_107_pr,subject_107_precision,subject_107_recall,subject_107_true_negatives,subject_107_true_positives,subject_109_accuracy,subject_109_auc,subject_109_false_negatives,subject_109_false_positives,subject_109_loss,subject_109_pr,subject_109_precision,subject_109_recall,subject_109_true_negatives,subject_109_true_positives,subject_115_accuracy,subject_115_auc,subject_115_false_negatives,subject_115_false_positives,subject_115_loss,subject_115_pr,subject_115_precision,subject_115_recall,subject_115_true_negatives,subject_115_true_positives,subject_120_accuracy,subject_120_auc,subject_120_false_negatives,subject_120_false_positives,subject_120_loss,subject_120_pr,subject_120_precision,subject_120_recall,subject_120_true_negatives,subject_120_true_positives,subject_43_accuracy,subject_43_auc,subject_43_false_negatives,subject_43_false_positives,subject_43_loss,subject_43_pr,subject_43_precision,subject_43_recall,subject_43_true_negatives,subject_43_true_positives,subject_48_accuracy,subject_48_auc,subject_48_false_negatives,subject_48_false_positives,subject_48_loss,subject_48_pr,subject_48_precision,subject_48_recall,subject_48_true_negatives,subject_48_true_positives,subject_52_accuracy,subject_52_auc,subject_52_false_negatives,subject_52_false_positives,subject_52_loss,subject_52_pr,subject_52_precision,subject_52_recall,subject_52_true_negatives,subject_52_true_positives,subject_59_accuracy,subject_59_auc,subject_59_false_negatives,subject_59_false_positives,subject_59_loss,subject_59_pr,subject_59_precision,subject_59_recall,subject_59_true_negatives,subject_59_true_positives,subject_64_accuracy,subject_64_auc,subject_64_false_negatives,subject_64_false_positives,subject_64_loss,subject_64_pr,subject_64_precision,subject_64_recall,subject_64_true_negatives,subject_64_true_positives,subject_80_accuracy,subject_80_auc,subject_80_false_negatives,subject_80_false_positives,subject_80_loss,subject_80_pr,subject_80_precision,subject_80_recall,subject_80_true_negatives,subject_80_true_positives,subject_92_accuracy,subject_92_auc,subject_92_false_negatives,subject_92_false_positives,subject_92_loss,subject_92_pr,subject_92_precision,subject_92_recall,subject_92_true_negatives,subject_92_true_positives,subject_96_accuracy,subject_96_auc,subject_96_false_negatives,subject_96_false_positives,subject_96_loss,subject_96_pr,subject_96_precision,subject_96_recall,subject_96_true_negatives,subject_96_true_positives,true_negatives,true_positives,val_accuracy,val_auc,val_false_negatives,val_false_positives,val_loss,val_pr,val_precision,val_recall,val_true_negatives,val_true_positives
0,0.991458331545194,0.9998478839794794,33.0,8.0,0.028445432421867742,0.999850665529569,0.9966727197170259,0.9862500031789144,,,,,,,,,,,,,,,,,,,,,,,,,,,,,,,,,,,,,,,,,,,,,,,,,,,,,,,,,,,,,,,,,,,,,,,,,,,,,,,,,,,,,,,,,,,,,,,,,,,,,,,,,,,,,,,,,,,,,,,,,2392.0,2367.0,0.8838028208890432,0.6025462190450077,158.0,238.0,0.9047433256734317,0.11258757586630297,0.09536384612741605,0.22887323397985646,2962.0,50.0
1,0.9958333373069764,0.9999833007653556,20.0,0.0,0.020725375956390058,0.9999833504358928,1.0,0.991666669646899,,,,,,,,,,,,,,,,,,,,,,,,,,,,,,,,,,,,,,,,,,,,,,,,,,,,,,,,,,,,,,,,,,,,,,,,,,,,,,,,,,,,,,,,,,,,,,,,,,,,,,,,,,,,,,,,,,,,,,,,,2400.0,2380.0,0.8840962419627418,0.600789047672715,158.0,237.0,0.8904081840555762,0.11242327393150665,0.0956961302690103,0.22887323397985646,2963.0,50.0
2,0.9970833361148835,0.9999968657890956,14.0,0.0,0.016657327280845492,0.9999968459208807,1.0,0.9941666672627132,,,,,,,,,,,,,,,,,,,,,,,,,,,,,,,,,,,,,,,,,,,,,,,,,,,,,,,,,,,,,,,,,,,,,,,,,,,,,,,,,,,,,,,,,,,,,,,,,,,,,,,,,,,,,,,,,,,,,,,,,2400.0,2386.0,0.8835093998153445,0.6029098699210396,158.0,239.0,0.889742573888597,0.11215278487914884,0.09503387019667826,0.22887323397985646,2961.0,50.0
3,0.9983333349227906,0.9999978890021644,8.0,0.0,0.014211178369975338,0.9999979138374329,1.0,0.9966666698455812,,,,,,,,,,,,,,,,,,,,,,,,,,,,,,,,,,,,,,,,,,,,,,,,,,,,,,,,,,,,,,,,,,,,,,,,,,,,,,,,,,,,,,,,,,,,,,,,,,,,,,,,,,,,,,,,,,,,,,,,,2400.0,2392.0,0.8838028208890432,0.600019784880356,158.0,238.0,0.8910475262045039,0.11104768758613459,0.09536384612741605,0.22887323397985646,2962.0,50.0
4,0.998750001192093,0.9999979088703792,6.0,0.0,0.012569200366463824,0.999997913837433,1.0,0.9975000023841859,,,,,,,,,,,,,,,,,,,,,,,,,,,,,,,,,,,,,,,,,,,,,,,,,,,,,,,,,,,,,,,,,,,,,,,,,,,,,,,,,,,,,,,,,,,,,,,,,,,,,,,,,,,,,,,,,,,,,,,,,2400.0,2394.0,0.8838028208890432,0.6000854761247904,158.0,238.0,0.8933780530479654,0.11213967282797249,0.09536384612741605,0.22887323397985646,2962.0,50.0
5,0.9993750005960466,0.9999999850988389,3.0,0.0,0.011339931810895603,0.9999999900658927,1.0,0.998750001192093,,,,,,,,,,,,,,,,,,,,,,,,,,,,,,,,,,,,,,,,,,,,,,,,,,,,,,,,,,,,,,,,,,,,,,,,,,,,,,,,,,,,,,,,,,,,,,,,,,,,,,,,,,,,,,,,,,,,,,,,,2400.0,2397.0,0.8835093998153445,0.5983661937881524,159.0,238.0,0.8955472549056702,0.11275659595996561,0.09378220602660112,0.22429577355653468,2962.0,49.0
6,0.9993750005960466,0.9999999950329463,3.0,0.0,0.010425014569967363,1.0,1.0,0.998750001192093,,,,,,,,,,,,,,,,,,,,,,,,,,,,,,,,,,,,,,,,,,,,,,,,,,,,,,,,,,,,,,,,,,,,,,,,,,,,,,,,,,,,,,,,,,,,,,,,,,,,,,,,,,,,,,,,,,,,,,,,,2400.0,2397.0,0.8829225576679471,0.5954724172471275,160.0,239.0,0.8971058943889874,0.11156864860423013,0.09186828178419194,0.21971831313321288,2961.0,48.0
7,0.9993750005960466,0.999999980131785,3.0,0.0,0.00966058071819134,0.9999999950329463,1.0,0.998750001192093,,,,,,,,,,,,,,,,,,,,,,,,,,,,,,,,,,,,,,,,,,,,,,,,,,,,,,,,,,,,,,,,,,,,,,,,,,,,,,,,,,,,,,,,,,,,,,,,,,,,,,,,,,,,,,,,,,,,,,,,,2400.0,2397.0,0.8829225576679471,0.5939581280862781,160.0,239.0,0.8988704769054352,0.1104075960342733,0.09186828178419194,0.21971831313321288,2961.0,48.0
