,accuracy,auc,false_negatives,false_positives,loss,pr,precision,recall,subject_107_accuracy,subject_107_auc,subject_107_false_negatives,subject_107_false_positives,subject_107_loss,subject_107_pr,subject_107_precision,subject_107_recall,subject_107_true_negatives,subject_107_true_positives,subject_109_accuracy,subject_109_auc,subject_109_false_negatives,subject_109_false_positives,subject_109_loss,subject_109_pr,subject_109_precision,subject_109_recall,subject_109_true_negatives,subject_109_true_positives,subject_115_accuracy,subject_115_auc,subject_115_false_negatives,subject_115_false_positives,subject_115_loss,subject_115_pr,subject_115_precision,subject_115_recall,subject_115_true_negatives,subject_115_true_positives,subject_120_accuracy,subject_120_auc,subject_120_false_negatives,subject_120_false_positives,subject_120_loss,subject_120_pr,subject_120_precision,subject_120_recall,subject_120_true_negatives,subject_120_true_positives,subject_43_accuracy,subject_43_auc,subject_43_false_negatives,subject_43_false_positives,subject_43_loss,subject_43_pr,subject_43_precision,subject_43_recall,subject_43_true_negatives,subject_43_true_positives,subject_48_accuracy,subject_48_auc,subject_48_false_negatives,subject_48_false_positives,subject_48_loss,subject_48_pr,subject_48_precision,subject_48_recall,subject_48_true_negatives,subject_48_true_positives,subject_52_accuracy,subject_52_auc,subject_52_false_negatives,subject_52_false_positives,subject_52_loss,subject_52_pr,subject_52_precision,subject_52_recall,subject_52_true_negatives,subject_52_true_positives,subject_59_accuracy,subject_59_auc,subject_59_false_negatives,subject_59_false_positives,subject_59_loss,subject_59_pr,subject_59_precision,subject_59_recall,subject_59_true_negatives,subject_59_true_positives,subject_64_accuracy,subject_64_auc,subject_64_false_negatives,subject_64_false_positives,subject_64_loss,subject_64_pr,subject_64_precision,subject_64_recall,subject_64_true_negatives,subject_64_true_positives,subject_80_accuracy,subject_80_auc,subject_80_false_negatives,subject_80_false_positives,subject_80_loss,subject_80_pr,subject_80_precision,subject_80_recall,subject_80_true_negatives,subject_80_true_positives,subject_92_accuracy,subject_92_auc,subject_92_false_negatives,subject_92_false_positives,subject_92_loss,subject_92_pr,subject_92_precision,subject_92_recall,subject_92_true_negatives,subject_92_true_positives,true_negatives,true_positives,val_accuracy,val_auc,val_false_negatives,val_false_positives,val_loss,val_pr,val_precision,val_recall,val_true_negatives,val_true_positives
0,0.9797727303071456,0.9984965812076221,28.0,61.0,0.0707859151116149,0.9985369118777188,0.9738837534731085,0.9872727285731924,,,,,,,,,,,,,,,,,,,,,,,,,,,,,,,,,,,,,,,,,,,,,,,,,,,,,,,,,,,,,,,,,,,,,,,,,,,,,,,,,,,,,,,,,,,,,,,,,,,,,,,,,,,,,,,2139.0,2172.0,0.8561999115641529,0.3216862645367303,570.0,650.0,0.4669503480394511,0.25127705815039625,0.18685121591194573,0.19530055910095973,7046.0,218.0
1,0.9934090917760677,0.9999397559599443,9.0,20.0,0.04291950271718881,0.9999406771226363,0.9915846261111173,0.9959090948104861,,,,,,,,,,,,,,,,,,,,,,,,,,,,,,,,,,,,,,,,,,,,,,,,,,,,,,,,,,,,,,,,,,,,,,,,,,,,,,,,,,,,,,,,,,,,,,,,,,,,,,,,,,,,,,,2180.0,2191.0,0.8398161269004252,0.31626182550082277,609.0,750.0,0.5427913442702424,0.23418180579174694,0.18690740712995185,0.18107810035130145,6946.0,179.0
2,0.9972727298736574,0.9999977512793108,3.0,9.0,0.03119377785785632,0.9999977350234988,0.9960852536288176,0.9986363649368288,,,,,,,,,,,,,,,,,,,,,,,,,,,,,,,,,,,,,,,,,,,,,,,,,,,,,,,,,,,,,,,,,,,,,,,,,,,,,,,,,,,,,,,,,,,,,,,,,,,,,,,,,,,,,,,2191.0,2197.0,0.8367515306661624,0.31408117529582663,624.0,761.0,0.5725390297950245,0.22773081838438278,0.18087536044232636,0.166798793856109,6935.0,164.0
3,0.9986363649368288,1.0000000162558123,1.0,5.0,0.02434062923220071,0.999999989162792,0.9977827072143557,0.9995454549789431,,,,,,,,,,,,,,,,,,,,,,,,,,,,,,,,,,,,,,,,,,,,,,,,,,,,,,,,,,,,,,,,,,,,,,,,,,,,,,,,,,,,,,,,,,,,,,,,,,,,,,,,,,,,,,,2195.0,2199.0,0.837694488103971,0.3121511245156054,627.0,750.0,0.5843839753386268,0.2217178604741638,0.18043013094787833,0.1635532931322368,6946.0,161.0
4,0.9986363649368288,0.9999999837441877,1.0,5.0,0.020352572749622846,0.999999983744188,0.9977827072143557,0.9995454549789431,,,,,,,,,,,,,,,,,,,,,,,,,,,,,,,,,,,,,,,,,,,,,,,,,,,,,,,,,,,,,,,,,,,,,,,,,,,,,,,,,,,,,,,,,,,,,,,,,,,,,,,,,,,,,,,2195.0,2199.0,0.8365157908254612,0.31147441412693255,637.0,750.0,0.5922488573290214,0.2180806190014335,0.1724898523946575,0.1554264274409558,6946.0,151.0
5,0.9986363649368288,0.999999994581396,1.0,5.0,0.01756837611425329,0.9999999783255838,0.9977827072143557,0.9995454549789431,,,,,,,,,,,,,,,,,,,,,,,,,,,,,,,,,,,,,,,,,,,,,,,,,,,,,,,,,,,,,,,,,,,,,,,,,,,,,,,,,,,,,,,,,,,,,,,,,,,,,,,,,,,,,,,2195.0,2199.0,0.8375766144952139,0.3105156741463761,639.0,739.0,0.5995940102706276,0.2144962866061254,0.1738311235161954,0.15460849374019836,6957.0,149.0
