,accuracy,auc,false_negatives,false_positives,loss,pr,precision,recall,subject_107_accuracy,subject_107_auc,subject_107_false_negatives,subject_107_false_positives,subject_107_loss,subject_107_pr,subject_107_precision,subject_107_recall,subject_107_true_negatives,subject_107_true_positives,subject_109_accuracy,subject_109_auc,subject_109_false_negatives,subject_109_false_positives,subject_109_loss,subject_109_pr,subject_109_precision,subject_109_recall,subject_109_true_negatives,subject_109_true_positives,subject_115_accuracy,subject_115_auc,subject_115_false_negatives,subject_115_false_positives,subject_115_loss,subject_115_pr,subject_115_precision,subject_115_recall,subject_115_true_negatives,subject_115_true_positives,subject_120_accuracy,subject_120_auc,subject_120_false_negatives,subject_120_false_positives,subject_120_loss,subject_120_pr,subject_120_precision,subject_120_recall,subject_120_true_negatives,subject_120_true_positives,subject_43_accuracy,subject_43_auc,subject_43_false_negatives,subject_43_false_positives,subject_43_loss,subject_43_pr,subject_43_precision,subject_43_recall,subject_43_true_negatives,subject_43_true_positives,subject_48_accuracy,subject_48_auc,subject_48_false_negatives,subject_48_false_positives,subject_48_loss,subject_48_pr,subject_48_precision,subject_48_recall,subject_48_true_negatives,subject_48_true_positives,subject_52_accuracy,subject_52_auc,subject_52_false_negatives,subject_52_false_positives,subject_52_loss,subject_52_pr,subject_52_precision,subject_52_recall,subject_52_true_negatives,subject_52_true_positives,subject_59_accuracy,subject_59_auc,subject_59_false_negatives,subject_59_false_positives,subject_59_loss,subject_59_pr,subject_59_precision,subject_59_recall,subject_59_true_negatives,subject_59_true_positives,subject_64_accuracy,subject_64_auc,subject_64_false_negatives,subject_64_false_positives,subject_64_loss,subject_64_pr,subject_64_precision,subject_64_recall,subject_64_true_negatives,subject_64_true_positives,subject_80_accuracy,subject_80_auc,subject_80_false_negatives,subject_80_false_positives,subject_80_loss,subject_80_pr,subject_80_precision,subject_80_recall,subject_80_true_negatives,subject_80_true_positives,subject_92_accuracy,subject_92_auc,subject_92_false_negatives,subject_92_false_positives,subject_92_loss,subject_92_pr,subject_92_precision,subject_92_recall,subject_92_true_negatives,subject_92_true_positives,subject_96_accuracy,subject_96_auc,subject_96_false_negatives,subject_96_false_positives,subject_96_loss,subject_96_pr,subject_96_precision,subject_96_recall,subject_96_true_negatives,subject_96_true_positives,true_negatives,true_positives,val_accuracy,val_auc,val_false_negatives,val_false_positives,val_loss,val_pr,val_precision,val_recall,val_true_negatives,val_true_positives
0,0.9658333361148835,0.9955166826645533,138.0,26.0,0.08999884401195839,0.996122732758522,0.9891691754261653,0.9425000001986823,,,,,,,,,,,,,,,,,,,,,,,,,,,,,,,,,,,,,,,,,,,,,,,,,,,,,,,,,,,,,,,,,,,,,,,,,,,,,,,,,,,,,,,,,,,,,,,,,,,,,,,,,,,,,,,,,,,,,,,,,2374.0,2262.0,0.8820521985778351,0.3942098916837964,462.0,207.0,0.336127838889946,0.27529873431506546,0.28160892870429544,0.15886593779236372,4645.0,358.0
1,0.9802083323399227,0.9993718961874645,78.0,17.0,0.05880102525911449,0.9994046340386074,0.9934125641981763,0.967500001192093,,,,,,,,,,,,,,,,,,,,,,,,,,,,,,,,,,,,,,,,,,,,,,,,,,,,,,,,,,,,,,,,,,,,,,,,,,,,,,,,,,,,,,,,,,,,,,,,,,,,,,,,,,,,,,,,,,,,,,,,,2383.0,2322.0,0.8824048096521616,0.39412802663777546,428.0,239.0,0.326033165061742,0.27718828691561065,0.2698629428284461,0.1850987690670366,4613.0,392.0
2,0.9860416700442632,0.9998906304438909,57.0,10.0,0.04552559110180785,0.9998959004878998,0.9960317462682725,0.9762500027815502,,,,,,,,,,,,,,,,,,,,,,,,,,,,,,,,,,,,,,,,,,,,,,,,,,,,,,,,,,,,,,,,,,,,,,,,,,,,,,,,,,,,,,,,,,,,,,,,,,,,,,,,,,,,,,,,,,,,,,,,,2390.0,2343.0,0.8822284984403673,0.3929385442407578,418.0,250.0,0.3264050014997302,0.2767303455489647,0.26622844768007653,0.19468208138629983,4602.0,402.0
3,0.9897916664679846,0.9999874830245973,42.0,7.0,0.037030536418121,0.9999875823656719,0.9971819669008256,0.9824999968210857,,,,,,,,,,,,,,,,,,,,,,,,,,,,,,,,,,,,,,,,,,,,,,,,,,,,,,,,,,,,,,,,,,,,,,,,,,,,,,,,,,,,,,,,,,,,,,,,,,,,,,,,,,,,,,,,,,,,,,,,,2393.0,2358.0,0.879583929422376,0.3932773652046456,412.0,271.0,0.32858656629265187,0.27989271023062456,0.25885307061655394,0.20026922843856435,4581.0,408.0
4,0.9920833309491476,0.9999999850988389,32.0,6.0,0.030562515171283545,0.9999999900658927,0.9975728144248328,0.986666664481163,,,,,,,,,,,,,,,,,,,,,,,,,,,,,,,,,,,,,,,,,,,,,,,,,,,,,,,,,,,,,,,,,,,,,,,,,,,,,,,,,,,,,,,,,,,,,,,,,,,,,,,,,,,,,,,,,,,,,,,,,2394.0,2368.0,0.8781734895386716,0.3936247879006126,399.0,292.0,0.33119217940982676,0.28069340018883915,0.2546565992959968,0.20911810419959645,4560.0,421.0
5,0.9931250015894573,1.0000000049670537,29.0,4.0,0.02607424530171556,0.999999985098839,0.9983660131692887,0.9879166682561239,,,,,,,,,,,,,,,,,,,,,,,,,,,,,,,,,,,,,,,,,,,,,,,,,,,,,,,,,,,,,,,,,,,,,,,,,,,,,,,,,,,,,,,,,,,,,,,,,,,,,,,,,,,,,,,,,,,,,,,,,2396.0,2371.0,0.8769393622959283,0.39396637926148764,394.0,304.0,0.33419399756943313,0.28065968119396145,0.2522277960235881,0.21377407045895694,4548.0,426.0
6,0.9941666672627132,1.0000000149011612,25.0,3.0,0.02286069857635691,0.9999999850988389,0.9987684736649197,0.9895833333333334,,,,,,,,,,,,,,,,,,,,,,,,,,,,,,,,,,,,,,,,,,,,,,,,,,,,,,,,,,,,,,,,,,,,,,,,,,,,,,,,,,,,,,,,,,,,,,,,,,,,,,,,,,,,,,,,,,,,,,,,,2397.0,2375.0,0.8757052184076,0.3941382727098398,388.0,317.0,0.3372609464010639,0.2797260709705911,0.24984889613052014,0.21908983251944247,4535.0,432.0
