,accuracy,auc,false_negatives,false_positives,loss,pr,precision,recall,subject_107_accuracy,subject_107_auc,subject_107_false_negatives,subject_107_false_positives,subject_107_loss,subject_107_pr,subject_107_precision,subject_107_recall,subject_107_true_negatives,subject_107_true_positives,subject_115_accuracy,subject_115_auc,subject_115_false_negatives,subject_115_false_positives,subject_115_loss,subject_115_pr,subject_115_precision,subject_115_recall,subject_115_true_negatives,subject_115_true_positives,subject_120_accuracy,subject_120_auc,subject_120_false_negatives,subject_120_false_positives,subject_120_loss,subject_120_pr,subject_120_precision,subject_120_recall,subject_120_true_negatives,subject_120_true_positives,subject_43_accuracy,subject_43_auc,subject_43_false_negatives,subject_43_false_positives,subject_43_loss,subject_43_pr,subject_43_precision,subject_43_recall,subject_43_true_negatives,subject_43_true_positives,subject_52_accuracy,subject_52_auc,subject_52_false_negatives,subject_52_false_positives,subject_52_loss,subject_52_pr,subject_52_precision,subject_52_recall,subject_52_true_negatives,subject_52_true_positives,subject_64_accuracy,subject_64_auc,subject_64_false_negatives,subject_64_false_positives,subject_64_loss,subject_64_pr,subject_64_precision,subject_64_recall,subject_64_true_negatives,subject_64_true_positives,subject_80_accuracy,subject_80_auc,subject_80_false_negatives,subject_80_false_positives,subject_80_loss,subject_80_pr,subject_80_precision,subject_80_recall,subject_80_true_negatives,subject_80_true_positives,subject_92_accuracy,subject_92_auc,subject_92_false_negatives,subject_92_false_positives,subject_92_loss,subject_92_pr,subject_92_precision,subject_92_recall,subject_92_true_negatives,subject_92_true_positives,true_negatives,true_positives,val_accuracy,val_auc,val_false_negatives,val_false_positives,val_loss,val_pr,val_precision,val_recall,val_true_negatives,val_true_positives
0,0.8393750041723251,0.9901140555739403,217.0,297.0,0.4132483633607626,0.9864423498511314,0.8874103054404259,0.8643750064074993,,,,,,,,,,,,,,,,,,,,,,,,,,,,,,,,,,,,,,,,,,,,,,,,,,,,,,,,,,,,,,,,,,,,,,,,,,,,,,,,,1303.0,1383.0,0.7875615812623107,0.3704604016358713,809.0,1606.0,0.580541644337183,0.29909338840374555,0.29154379730867214,0.2977893498741263,7186.0,1767.0
1,0.926875002682209,0.999445304274559,78.0,156.0,0.16983836898580193,0.9994391053915024,0.9292984381318092,0.9512500017881393,,,,,,,,,,,,,,,,,,,,,,,,,,,,,,,,,,,,,,,,,,,,,,,,,,,,,,,,,,,,,,,,,,,,,,,,,,,,,,,,,1444.0,1522.0,0.7693525783240502,0.3755178186232401,1095.0,1527.0,0.5951858759570321,0.301969803408323,0.28002877041624097,0.27024505614584216,7265.0,1481.0
2,0.9656250029802322,0.9999406337738037,36.0,74.0,0.10551448663696647,0.9999411404132843,0.9614857286214828,0.9774999991059303,,,,,,,,,,,,,,,,,,,,,,,,,,,,,,,,,,,,,,,,,,,,,,,,,,,,,,,,,,,,,,,,,,,,,,,,,,,,,,,,,1526.0,1564.0,0.761963411767159,0.3778952535905107,1251.0,1455.0,0.6122789647198988,0.3039484236764287,0.29086017731333347,0.2580822000121416,7337.0,1325.0
3,0.9753125011920929,0.9999984353780746,28.0,51.0,0.0792525397706777,0.9999984353780746,0.9723446518182755,0.9825000017881393,,,,,,,,,,,,,,,,,,,,,,,,,,,,,,,,,,,,,,,,,,,,,,,,,,,,,,,,,,,,,,,,,,,,,,,,,,,,,,,,,1549.0,1572.0,0.7622273064662166,0.3790213291197071,1312.0,1391.0,0.6214294882811886,0.3044650192561911,0.29303773364116403,0.25136943389566574,7401.0,1264.0
4,0.9812500029802322,0.9999999776482582,24.0,36.0,0.0640621817484498,0.9999999925494194,0.9803076386451721,0.9849999994039536,,,,,,,,,,,,,,,,,,,,,,,,,,,,,,,,,,,,,,,,,,,,,,,,,,,,,,,,,,,,,,,,,,,,,,,,,,,,,,,,,1564.0,1576.0,0.7598522185314549,0.3798047096313178,1363.0,1367.0,0.6275069350337401,0.30461059043014826,0.2915540156672321,0.24553669559691338,7425.0,1213.0
5,0.9856249988079071,0.9999999850988388,19.0,27.0,0.054367823395878076,1.0,0.9846566393971443,0.9881249964237213,,,,,,,,,,,,,,,,,,,,,,,,,,,,,,,,,,,,,,,,,,,,,,,,,,,,,,,,,,,,,,,,,,,,,,,,,,,,,,,,,1573.0,1581.0,0.7597642596929028,0.3806276138109023,1375.0,1356.0,0.6319517026949323,0.304898169675526,0.29156596260243617,0.24569799783551127,7436.0,1201.0
