,accuracy,auc,false_negatives,false_positives,loss,pr,precision,recall,subject_107_accuracy,subject_107_auc,subject_107_false_negatives,subject_107_false_positives,subject_107_loss,subject_107_pr,subject_107_precision,subject_107_recall,subject_107_true_negatives,subject_107_true_positives,subject_109_accuracy,subject_109_auc,subject_109_false_negatives,subject_109_false_positives,subject_109_loss,subject_109_pr,subject_109_precision,subject_109_recall,subject_109_true_negatives,subject_109_true_positives,subject_115_accuracy,subject_115_auc,subject_115_false_negatives,subject_115_false_positives,subject_115_loss,subject_115_pr,subject_115_precision,subject_115_recall,subject_115_true_negatives,subject_115_true_positives,subject_120_accuracy,subject_120_auc,subject_120_false_negatives,subject_120_false_positives,subject_120_loss,subject_120_pr,subject_120_precision,subject_120_recall,subject_120_true_negatives,subject_120_true_positives,subject_43_accuracy,subject_43_auc,subject_43_false_negatives,subject_43_false_positives,subject_43_loss,subject_43_pr,subject_43_precision,subject_43_recall,subject_43_true_negatives,subject_43_true_positives,subject_48_accuracy,subject_48_auc,subject_48_false_negatives,subject_48_false_positives,subject_48_loss,subject_48_pr,subject_48_precision,subject_48_recall,subject_48_true_negatives,subject_48_true_positives,subject_52_accuracy,subject_52_auc,subject_52_false_negatives,subject_52_false_positives,subject_52_loss,subject_52_pr,subject_52_precision,subject_52_recall,subject_52_true_negatives,subject_52_true_positives,subject_59_accuracy,subject_59_auc,subject_59_false_negatives,subject_59_false_positives,subject_59_loss,subject_59_pr,subject_59_precision,subject_59_recall,subject_59_true_negatives,subject_59_true_positives,subject_64_accuracy,subject_64_auc,subject_64_false_negatives,subject_64_false_positives,subject_64_loss,subject_64_pr,subject_64_precision,subject_64_recall,subject_64_true_negatives,subject_64_true_positives,subject_80_accuracy,subject_80_auc,subject_80_false_negatives,subject_80_false_positives,subject_80_loss,subject_80_pr,subject_80_precision,subject_80_recall,subject_80_true_negatives,subject_80_true_positives,subject_92_accuracy,subject_92_auc,subject_92_false_negatives,subject_92_false_positives,subject_92_loss,subject_92_pr,subject_92_precision,subject_92_recall,subject_92_true_negatives,subject_92_true_positives,true_negatives,true_positives,val_accuracy,val_auc,val_false_negatives,val_false_positives,val_loss,val_pr,val_precision,val_recall,val_true_negatives,val_true_positives
0,0.9588636485013097,0.9985670338977466,46.0,135.0,0.10677868688479067,0.9985475973649459,0.950117214159532,0.97909091277556,,,,,,,,,,,,,,,,,,,,,,,,,,,,,,,,,,,,,,,,,,,,,,,,,,,,,,,,,,,,,,,,,,,,,,,,,,,,,,,,,,,,,,,,,,,,,,,,,,,,,,,,,,,,,,,2065.0,2154.0,0.8461810477720797,0.3238575913500302,570.0,735.0,0.4221659727519285,0.2437405169487899,0.1735032475160462,0.1673261678370593,6961.0,218.0
1,0.9763636372306131,0.9999908859079533,30.0,74.0,0.07115417817946185,0.9999909942800349,0.9715961488810454,0.9863636385310782,,,,,,,,,,,,,,,,,,,,,,,,,,,,,,,,,,,,,,,,,,,,,,,,,,,,,,,,,,,,,,,,,,,,,,,,,,,,,,,,,,,,,,,,,,,,,,,,,,,,,,,,,,,,,,,2126.0,2170.0,0.8272041425930896,0.32296616302689873,619.0,847.0,0.5119395765789004,0.2409178675106256,0.1662648753884377,0.15428023964328227,6849.0,169.0
2,0.9827272729440171,0.999999983744188,19.0,57.0,0.056670611344955185,0.9999999891627921,0.9780233773318207,0.9913636337627066,,,,,,,,,,,,,,,,,,,,,,,,,,,,,,,,,,,,,,,,,,,,,,,,,,,,,,,,,,,,,,,,,,,,,,,,,,,,,,,,,,,,,,,,,,,,,,,,,,,,,,,,,,,,,,,2143.0,2181.0,0.8202498686139396,0.32185442922026525,640.0,885.0,0.5510220167569365,0.23054443947524744,0.15829345262497455,0.14648960397009267,6811.0,148.0
3,0.9870454506440598,0.9999999837441879,13.0,44.0,0.04749148165468465,1.0000000054186042,0.9829218875278128,0.9940909093076534,,,,,,,,,,,,,,,,,,,,,,,,,,,,,,,,,,,,,,,,,,,,,,,,,,,,,,,,,,,,,,,,,,,,,,,,,,,,,,,,,,,,,,,,,,,,,,,,,,,,,,,,,,,,,,,2156.0,2187.0,0.8206034763727139,0.3208149636707908,644.0,878.0,0.5669254892615918,0.22937783289776273,0.16227221284860827,0.145698616080924,6818.0,144.0
4,0.9893181865865536,1.0,10.0,37.0,0.04113614217716863,0.999999983744188,0.9855602600357751,0.9954545443708248,,,,,,,,,,,,,,,,,,,,,,,,,,,,,,,,,,,,,,,,,,,,,,,,,,,,,,,,,,,,,,,,,,,,,,,,,,,,,,,,,,,,,,,,,,,,,,,,,,,,,,,,,,,,,,,2163.0,2190.0,0.8208392226207039,0.3195489368760209,649.0,871.0,0.5766942419970381,0.2283102787718465,0.16161715822405887,0.14442825568282255,6825.0,139.0
5,0.9909090941602535,1.0,7.0,33.0,0.03648528018458323,0.999999983744188,0.9870085282759236,0.9968181794339962,,,,,,,,,,,,,,,,,,,,,,,,,,,,,,,,,,,,,,,,,,,,,,,,,,,,,,,,,,,,,,,,,,,,,,,,,,,,,,,,,,,,,,,,,,,,,,,,,,,,,,,,,,,,,,,2167.0,2193.0,0.8203677499367348,0.31668112886114985,654.0,870.0,0.5840401245105024,0.2242128515316596,0.16124962035606966,0.14474515509139615,6826.0,134.0
