,accuracy,auc,false_negatives,false_positives,loss,pr,precision,recall,subject_107_accuracy,subject_107_auc,subject_107_false_negatives,subject_107_false_positives,subject_107_loss,subject_107_pr,subject_107_precision,subject_107_recall,subject_107_true_negatives,subject_107_true_positives,subject_109_accuracy,subject_109_auc,subject_109_false_negatives,subject_109_false_positives,subject_109_loss,subject_109_pr,subject_109_precision,subject_109_recall,subject_109_true_negatives,subject_109_true_positives,subject_115_accuracy,subject_115_auc,subject_115_false_negatives,subject_115_false_positives,subject_115_loss,subject_115_pr,subject_115_precision,subject_115_recall,subject_115_true_negatives,subject_115_true_positives,subject_120_accuracy,subject_120_auc,subject_120_false_negatives,subject_120_false_positives,subject_120_loss,subject_120_pr,subject_120_precision,subject_120_recall,subject_120_true_negatives,subject_120_true_positives,subject_43_accuracy,subject_43_auc,subject_43_false_negatives,subject_43_false_positives,subject_43_loss,subject_43_pr,subject_43_precision,subject_43_recall,subject_43_true_negatives,subject_43_true_positives,subject_48_accuracy,subject_48_auc,subject_48_false_negatives,subject_48_false_positives,subject_48_loss,subject_48_pr,subject_48_precision,subject_48_recall,subject_48_true_negatives,subject_48_true_positives,subject_52_accuracy,subject_52_auc,subject_52_false_negatives,subject_52_false_positives,subject_52_loss,subject_52_pr,subject_52_precision,subject_52_recall,subject_52_true_negatives,subject_52_true_positives,subject_59_accuracy,subject_59_auc,subject_59_false_negatives,subject_59_false_positives,subject_59_loss,subject_59_pr,subject_59_precision,subject_59_recall,subject_59_true_negatives,subject_59_true_positives,subject_64_accuracy,subject_64_auc,subject_64_false_negatives,subject_64_false_positives,subject_64_loss,subject_64_pr,subject_64_precision,subject_64_recall,subject_64_true_negatives,subject_64_true_positives,subject_80_accuracy,subject_80_auc,subject_80_false_negatives,subject_80_false_positives,subject_80_loss,subject_80_pr,subject_80_precision,subject_80_recall,subject_80_true_negatives,subject_80_true_positives,subject_92_accuracy,subject_92_auc,subject_92_false_negatives,subject_92_false_positives,subject_92_loss,subject_92_pr,subject_92_precision,subject_92_recall,subject_92_true_negatives,subject_92_true_positives,subject_96_accuracy,subject_96_auc,subject_96_false_negatives,subject_96_false_positives,subject_96_loss,subject_96_pr,subject_96_precision,subject_96_recall,subject_96_true_negatives,subject_96_true_positives,true_negatives,true_positives,val_accuracy,val_auc,val_false_negatives,val_false_positives,val_loss,val_pr,val_precision,val_recall,val_true_negatives,val_true_positives
0,0.9672916680574417,0.9975364406903584,111.0,46.0,0.08685943906350682,0.9976967920859655,0.982500101129214,0.9537499994039537,,,,,,,,,,,,,,,,,,,,,,,,,,,,,,,,,,,,,,,,,,,,,,,,,,,,,,,,,,,,,,,,,,,,,,,,,,,,,,,,,,,,,,,,,,,,,,,,,,,,,,,,,,,,,,,,,,,,,,,,,2354.0,2289.0,0.8750000101723019,0.4289518193314207,463.0,246.0,0.33715210929451817,0.31715111615207203,0.4653932936016696,0.1721682545002576,4606.0,357.0
1,0.98833333949248,0.9998208036025366,42.0,14.0,0.05025320028963809,0.9998229593038559,0.9943119287490846,0.9825000017881393,,,,,,,,,,,,,,,,,,,,,,,,,,,,,,,,,,,,,,,,,,,,,,,,,,,,,,,,,,,,,,,,,,,,,,,,,,,,,,,,,,,,,,,,,,,,,,,,,,,,,,,,,,,,,,,,,,,,,,,,,2386.0,2358.0,0.8797602184820914,0.43114688588970973,413.0,269.0,0.32504208843176213,0.32183360565868857,0.4624989506471981,0.2103149252451105,4583.0,407.0
2,0.9935416678587596,0.9999749759833019,25.0,6.0,0.036341148269129916,0.9999750753243766,0.9975409309069316,0.9895833333333334,,,,,,,,,,,,,,,,,,,,,,,,,,,,,,,,,,,,,,,,,,,,,,,,,,,,,,,,,,,,,,,,,,,,,,,,,,,,,,,,,,,,,,,,,,,,,,,,,,,,,,,,,,,,,,,,,,,,,,,,,2394.0,2375.0,0.8776445683454426,0.4277333562145448,403.0,291.0,0.32459793884947674,0.32015062353674884,0.45213562733531837,0.21664160208931596,4561.0,417.0
3,0.9949999998013179,0.9999958276748656,20.0,4.0,0.028666492437866207,0.9999958276748657,0.9983660131692887,0.9916666646798452,,,,,,,,,,,,,,,,,,,,,,,,,,,,,,,,,,,,,,,,,,,,,,,,,,,,,,,,,,,,,,,,,,,,,,,,,,,,,,,,,,,,,,,,,,,,,,,,,,,,,,,,,,,,,,,,,,,,,,,,,2396.0,2380.0,0.8785260877505008,0.42642682130817633,397.0,292.0,0.325312990382218,0.319466072661416,0.45107650042252745,0.2216859895404959,4560.0,423.0
4,0.996249998609225,0.9999999950329463,15.0,3.0,0.023838792636912933,1.0000000049670539,0.9987684736649197,0.9937500009934108,,,,,,,,,,,,,,,,,,,,,,,,,,,,,,,,,,,,,,,,,,,,,,,,,,,,,,,,,,,,,,,,,,,,,,,,,,,,,,,,,,,,,,,,,,,,,,,,,,,,,,,,,,,,,,,,,,,,,,,,,2397.0,2385.0,0.8785260962414303,0.4264067098267156,392.0,297.0,0.326549822106873,0.3198634906237149,0.4487491270634956,0.2257991858162984,4555.0,428.0
5,0.9979166686534883,0.9999999751647314,10.0,0.0,0.02047054437881646,0.9999999850988389,1.0,0.9958333323399227,,,,,,,,,,,,,,,,,,,,,,,,,,,,,,,,,,,,,,,,,,,,,,,,,,,,,,,,,,,,,,,,,,,,,,,,,,,,,,,,,,,,,,,,,,,,,,,,,,,,,,,,,,,,,,,,,,,,,,,,,2400.0,2390.0,0.8781734867223732,0.42288952120100326,387.0,304.0,0.32781662342766804,0.31771284329201843,0.4464613446395723,0.22909821673429062,4548.0,433.0
6,0.9985416680574418,0.9999999850988389,7.0,0.0,0.017887857391809422,0.9999999950329465,1.0,0.9970833311478298,,,,,,,,,,,,,,,,,,,,,,,,,,,,,,,,,,,,,,,,,,,,,,,,,,,,,,,,,,,,,,,,,,,,,,,,,,,,,,,,,,,,,,,,,,,,,,,,,,,,,,,,,,,,,,,,,,,,,,,,,2400.0,2393.0,0.8781734850410009,0.42288683281294553,386.0,305.0,0.32911938090869,0.31720149300582656,0.44238344738614577,0.22975802291788905,4547.0,434.0
7,0.9993750005960466,0.9999999850988389,3.0,0.0,0.01602077200116279,0.9999999900658926,1.0,0.998750001192093,,,,,,,,,,,,,,,,,,,,,,,,,,,,,,,,,,,,,,,,,,,,,,,,,,,,,,,,,,,,,,,,,,,,,,,,,,,,,,,,,,,,,,,,,,,,,,,,,,,,,,,,,,,,,,,,,,,,,,,,,2400.0,2397.0,0.8776445803252194,0.4210366604610626,382.0,312.0,0.3305882392598842,0.31525494441999535,0.2745553123093458,0.22956193018867538,4540.0,438.0
