,accuracy,auc,false_negatives,false_positives,loss,pr,precision,recall,subject_107_accuracy,subject_107_auc,subject_107_false_negatives,subject_107_false_positives,subject_107_loss,subject_107_pr,subject_107_precision,subject_107_recall,subject_107_true_negatives,subject_107_true_positives,subject_109_accuracy,subject_109_auc,subject_109_false_negatives,subject_109_false_positives,subject_109_loss,subject_109_pr,subject_109_precision,subject_109_recall,subject_109_true_negatives,subject_109_true_positives,subject_115_accuracy,subject_115_auc,subject_115_false_negatives,subject_115_false_positives,subject_115_loss,subject_115_pr,subject_115_precision,subject_115_recall,subject_115_true_negatives,subject_115_true_positives,subject_120_accuracy,subject_120_auc,subject_120_false_negatives,subject_120_false_positives,subject_120_loss,subject_120_pr,subject_120_precision,subject_120_recall,subject_120_true_negatives,subject_120_true_positives,subject_43_accuracy,subject_43_auc,subject_43_false_negatives,subject_43_false_positives,subject_43_loss,subject_43_pr,subject_43_precision,subject_43_recall,subject_43_true_negatives,subject_43_true_positives,subject_48_accuracy,subject_48_auc,subject_48_false_negatives,subject_48_false_positives,subject_48_loss,subject_48_pr,subject_48_precision,subject_48_recall,subject_48_true_negatives,subject_48_true_positives,subject_52_accuracy,subject_52_auc,subject_52_false_negatives,subject_52_false_positives,subject_52_loss,subject_52_pr,subject_52_precision,subject_52_recall,subject_52_true_negatives,subject_52_true_positives,subject_59_accuracy,subject_59_auc,subject_59_false_negatives,subject_59_false_positives,subject_59_loss,subject_59_pr,subject_59_precision,subject_59_recall,subject_59_true_negatives,subject_59_true_positives,subject_64_accuracy,subject_64_auc,subject_64_false_negatives,subject_64_false_positives,subject_64_loss,subject_64_pr,subject_64_precision,subject_64_recall,subject_64_true_negatives,subject_64_true_positives,subject_80_accuracy,subject_80_auc,subject_80_false_negatives,subject_80_false_positives,subject_80_loss,subject_80_pr,subject_80_precision,subject_80_recall,subject_80_true_negatives,subject_80_true_positives,subject_92_accuracy,subject_92_auc,subject_92_false_negatives,subject_92_false_positives,subject_92_loss,subject_92_pr,subject_92_precision,subject_92_recall,subject_92_true_negatives,subject_92_true_positives,true_negatives,true_positives,val_accuracy,val_auc,val_false_negatives,val_false_positives,val_loss,val_pr,val_precision,val_recall,val_true_negatives,val_true_positives
0,0.958636365153573,0.9960011352192272,171.0,11.0,0.12690303510901602,0.9964449514042248,0.9949908364902844,0.9222727309573782,,,,,,,,,,,,,,,,,,,,,,,,,,,,,,,,,,,,,,,,,,,,,,,,,,,,,,,,,,,,,,,,,,,,,,,,,,,,,,,,,,,,,,,,,,,,,,,,,,,,,,,,,,,,,,,2189.0,2029.0,0.8232742025500046,0.3893695508840688,812.0,1021.0,0.5135092765076721,0.30283634220363087,0.2889248077077752,0.24551174598589764,7735.0,804.0
1,0.9731818220832134,0.9993545575575397,109.0,9.0,0.08387648565017364,0.9994538697329436,0.9959650906649504,0.9504545493559405,,,,,,,,,,,,,,,,,,,,,,,,,,,,,,,,,,,,,,,,,,,,,,,,,,,,,,,,,,,,,,,,,,,,,,,,,,,,,,,,,,,,,,,,,,,,,,,,,,,,,,,,,,,,,,,2191.0,2091.0,0.7750674929344833,0.3870703749706329,796.0,1537.0,0.6907655689404212,0.29005393892745,0.2837762433131873,0.25449472584183774,7219.0,820.0
2,0.9747727296569133,0.9997897744178774,98.0,13.0,0.07193138883533802,0.9998193979263308,0.9943186207251118,0.955454544587569,,,,,,,,,,,,,,,,,,,,,,,,,,,,,,,,,,,,,,,,,,,,,,,,,,,,,,,,,,,,,,,,,,,,,,,,,,,,,,,,,,,,,,,,,,,,,,,,,,,,,,,,,,,,,,,2187.0,2102.0,0.7630158092092466,0.38382918605738237,792.0,1666.0,0.8048777981244839,0.28272652589258795,0.2800712346157143,0.2553047092780155,7090.0,824.0
3,0.9750000021674419,0.9999113462188027,96.0,14.0,0.06382669099691239,0.9999189972877504,0.9939082860946657,0.9563636346296832,,,,,,,,,,,,,,,,,,,,,,,,,,,,,,,,,,,,,,,,,,,,,,,,,,,,,,,,,,,,,,,,,,,,,,,,,,,,,,,,,,,,,,,,,,,,,,,,,,,,,,,,,,,,,,,2186.0,2104.0,0.7587736233109174,0.38127949035080344,794.0,1708.0,0.871370164745984,0.27822839933337273,0.27526748175792054,0.2535099902934105,7048.0,822.0
4,0.9772727326913315,0.9999670277942312,86.0,14.0,0.057406602952290664,0.9999683065847917,0.9939541112292899,0.9609090902588586,,,,,,,,,,,,,,,,,,,,,,,,,,,,,,,,,,,,,,,,,,,,,,,,,,,,,,,,,,,,,,,,,,,,,,,,,,,,,,,,,,,,,,,,,,,,,,,,,,,,,,,,,,,,,,,2186.0,2114.0,0.7563632844304008,0.3800722342451429,794.0,1733.0,0.9233266617952667,0.27546935144925366,0.2761834423329625,0.2531980694983854,7023.0,822.0
5,0.9795454577966172,0.9999795285138219,76.0,14.0,0.05229107624935833,0.9999799240719189,0.9939541112292899,0.9654545458880339,,,,,,,,,,,,,,,,,,,,,,,,,,,,,,,,,,,,,,,,,,,,,,,,,,,,,,,,,,,,,,,,,,,,,,,,,,,,,,,,,,,,,,,,,,,,,,,,,,,,,,,,,,,,,,,2186.0,2124.0,0.755109907397652,0.3789718973558472,797.0,1743.0,0.9616232490804725,0.2734716769998891,0.27537956400539165,0.2524973122691078,7013.0,819.0
