,accuracy,auc,false_negatives,false_positives,loss,pr,precision,recall,subject_107_accuracy,subject_107_auc,subject_107_false_negatives,subject_107_false_positives,subject_107_loss,subject_107_pr,subject_107_precision,subject_107_recall,subject_107_true_negatives,subject_107_true_positives,subject_109_accuracy,subject_109_auc,subject_109_false_negatives,subject_109_false_positives,subject_109_loss,subject_109_pr,subject_109_precision,subject_109_recall,subject_109_true_negatives,subject_109_true_positives,subject_115_accuracy,subject_115_auc,subject_115_false_negatives,subject_115_false_positives,subject_115_loss,subject_115_pr,subject_115_precision,subject_115_recall,subject_115_true_negatives,subject_115_true_positives,subject_120_accuracy,subject_120_auc,subject_120_false_negatives,subject_120_false_positives,subject_120_loss,subject_120_pr,subject_120_precision,subject_120_recall,subject_120_true_negatives,subject_120_true_positives,subject_43_accuracy,subject_43_auc,subject_43_false_negatives,subject_43_false_positives,subject_43_loss,subject_43_pr,subject_43_precision,subject_43_recall,subject_43_true_negatives,subject_43_true_positives,subject_48_accuracy,subject_48_auc,subject_48_false_negatives,subject_48_false_positives,subject_48_loss,subject_48_pr,subject_48_precision,subject_48_recall,subject_48_true_negatives,subject_48_true_positives,subject_52_accuracy,subject_52_auc,subject_52_false_negatives,subject_52_false_positives,subject_52_loss,subject_52_pr,subject_52_precision,subject_52_recall,subject_52_true_negatives,subject_52_true_positives,subject_59_accuracy,subject_59_auc,subject_59_false_negatives,subject_59_false_positives,subject_59_loss,subject_59_pr,subject_59_precision,subject_59_recall,subject_59_true_negatives,subject_59_true_positives,subject_64_accuracy,subject_64_auc,subject_64_false_negatives,subject_64_false_positives,subject_64_loss,subject_64_pr,subject_64_precision,subject_64_recall,subject_64_true_negatives,subject_64_true_positives,subject_80_accuracy,subject_80_auc,subject_80_false_negatives,subject_80_false_positives,subject_80_loss,subject_80_pr,subject_80_precision,subject_80_recall,subject_80_true_negatives,subject_80_true_positives,subject_92_accuracy,subject_92_auc,subject_92_false_negatives,subject_92_false_positives,subject_92_loss,subject_92_pr,subject_92_precision,subject_92_recall,subject_92_true_negatives,subject_92_true_positives,subject_96_accuracy,subject_96_auc,subject_96_false_negatives,subject_96_false_positives,subject_96_loss,subject_96_pr,subject_96_precision,subject_96_recall,subject_96_true_negatives,subject_96_true_positives,true_negatives,true_positives,val_accuracy,val_auc,val_false_negatives,val_false_positives,val_loss,val_pr,val_precision,val_recall,val_true_negatives,val_true_positives
0,0.9918749978144964,0.999776025613149,30.0,9.0,0.03050151909701526,0.9997896055380503,0.9962972700595857,0.9875000019868215,,,,,,,,,,,,,,,,,,,,,,,,,,,,,,,,,,,,,,,,,,,,,,,,,,,,,,,,,,,,,,,,,,,,,,,,,,,,,,,,,,,,,,,,,,,,,,,,,,,,,,,,,,,,,,,,,,,,,,,,,2391.0,2370.0,0.8943662087262516,0.5882469214184184,177.0,183.0,0.8080712386342125,0.12348261192231111,0.07957087918906144,0.14190140408529361,3017.0,31.0
1,0.9952083379030229,0.9999531110127768,21.0,2.0,0.02222819362767041,0.9999544074138006,0.9991749177376431,0.9912499984105428,,,,,,,,,,,,,,,,,,,,,,,,,,,,,,,,,,,,,,,,,,,,,,,,,,,,,,,,,,,,,,,,,,,,,,,,,,,,,,,,,,,,,,,,,,,,,,,,,,,,,,,,,,,,,,,,,,,,,,,,,2398.0,2379.0,0.8940727876525529,0.5881099279077959,177.0,184.0,0.7930375371815814,0.12533814407570262,0.07920078786326126,0.14190140408529361,3016.0,31.0
2,0.9960416704416276,0.9999957978725433,17.0,2.0,0.01786301142497299,0.999995822707812,0.9991749177376431,0.9929166684548061,,,,,,,,,,,,,,,,,,,,,,,,,,,,,,,,,,,,,,,,,,,,,,,,,,,,,,,,,,,,,,,,,,,,,,,,,,,,,,,,,,,,,,,,,,,,,,,,,,,,,,,,,,,,,,,,,,,,,,,,,2398.0,2383.0,0.8940727876525529,0.5873300183407018,177.0,184.0,0.7887830133977205,0.12561387106986113,0.07920078786326126,0.14190140408529361,3016.0,31.0
3,0.9975000023841859,0.9999999950329463,10.0,2.0,0.015174994481882701,0.9999999850988389,0.9991749177376431,0.9958333323399227,,,,,,,,,,,,,,,,,,,,,,,,,,,,,,,,,,,,,,,,,,,,,,,,,,,,,,,,,,,,,,,,,,,,,,,,,,,,,,,,,,,,,,,,,,,,,,,,,,,,,,,,,,,,,,,,,,,,,,,,,2398.0,2390.0,0.8940727876525529,0.5870353470385914,177.0,184.0,0.7881875972664479,0.12535260838102286,0.07920078786326126,0.14190140408529361,3016.0,31.0
4,0.9979166686534883,1.0000000149011612,8.0,2.0,0.013280920390582955,0.9999999950329465,0.9991749177376431,0.9966666698455812,,,,,,,,,,,,,,,,,,,,,,,,,,,,,,,,,,,,,,,,,,,,,,,,,,,,,,,,,,,,,,,,,,,,,,,,,,,,,,,,,,,,,,,,,,,,,,,,,,,,,,,,,,,,,,,,,,,,,,,,,2398.0,2392.0,0.8940727876525529,0.5867598560494436,177.0,184.0,0.7883952754764749,0.12539622995635152,0.07920078786326126,0.14190140408529361,3016.0,31.0
5,0.9985416680574418,0.9999999900658926,6.0,1.0,0.011944641766215987,0.9999999900658926,0.9995854049921037,0.9975000023841859,,,,,,,,,,,,,,,,,,,,,,,,,,,,,,,,,,,,,,,,,,,,,,,,,,,,,,,,,,,,,,,,,,,,,,,,,,,,,,,,,,,,,,,,,,,,,,,,,,,,,,,,,,,,,,,,,,,,,,,,,2399.0,2394.0,0.8940727876525529,0.5869136414897274,177.0,184.0,0.7893666339060332,0.12576529457115793,0.07920078786326126,0.14190140408529361,3016.0,31.0
6,0.998750001192093,1.0,5.0,1.0,0.010961115958634764,0.9999999950329465,0.9995854049921037,0.9979166686534883,,,,,,,,,,,,,,,,,,,,,,,,,,,,,,,,,,,,,,,,,,,,,,,,,,,,,,,,,,,,,,,,,,,,,,,,,,,,,,,,,,,,,,,,,,,,,,,,,,,,,,,,,,,,,,,,,,,,,,,,,2399.0,2395.0,0.8937793338382747,0.5856484076086903,178.0,184.0,0.7907248648166579,0.12593207697213535,0.07700408323549889,0.13732394366197184,3016.0,30.0
7,0.9991666674613954,0.9999999900658926,3.0,1.0,0.01011643704570209,0.9999999950329463,0.9995854049921037,0.998750001192093,,,,,,,,,,,,,,,,,,,,,,,,,,,,,,,,,,,,,,,,,,,,,,,,,,,,,,,,,,,,,,,,,,,,,,,,,,,,,,,,,,,,,,,,,,,,,,,,,,,,,,,,,,,,,,,,,,,,,,,,,2399.0,2397.0,0.8937793338382747,0.5858964871772578,178.0,184.0,0.7919678156499279,0.12657597015651179,0.07700408323549889,0.13732394366197184,3016.0,30.0
8,0.9991666674613954,1.0000000049670537,3.0,1.0,0.009411308205065628,0.9999999950329463,0.9995854049921037,0.998750001192093,,,,,,,,,,,,,,,,,,,,,,,,,,,,,,,,,,,,,,,,,,,,,,,,,,,,,,,,,,,,,,,,,,,,,,,,,,,,,,,,,,,,,,,,,,,,,,,,,,,,,,,,,,,,,,,,,,,,,,,,,2399.0,2397.0,0.8937793338382747,0.5861457777275166,178.0,184.0,0.7932623038981838,0.12661049840315966,0.07700408323549889,0.13732394366197184,3016.0,30.0
