,accuracy,auc,false_negatives,false_positives,loss,pr,precision,recall,subject_107_accuracy,subject_107_auc,subject_107_false_negatives,subject_107_false_positives,subject_107_loss,subject_107_pr,subject_107_precision,subject_107_recall,subject_107_true_negatives,subject_107_true_positives,subject_109_accuracy,subject_109_auc,subject_109_false_negatives,subject_109_false_positives,subject_109_loss,subject_109_pr,subject_109_precision,subject_109_recall,subject_109_true_negatives,subject_109_true_positives,subject_115_accuracy,subject_115_auc,subject_115_false_negatives,subject_115_false_positives,subject_115_loss,subject_115_pr,subject_115_precision,subject_115_recall,subject_115_true_negatives,subject_115_true_positives,subject_120_accuracy,subject_120_auc,subject_120_false_negatives,subject_120_false_positives,subject_120_loss,subject_120_pr,subject_120_precision,subject_120_recall,subject_120_true_negatives,subject_120_true_positives,subject_43_accuracy,subject_43_auc,subject_43_false_negatives,subject_43_false_positives,subject_43_loss,subject_43_pr,subject_43_precision,subject_43_recall,subject_43_true_negatives,subject_43_true_positives,subject_48_accuracy,subject_48_auc,subject_48_false_negatives,subject_48_false_positives,subject_48_loss,subject_48_pr,subject_48_precision,subject_48_recall,subject_48_true_negatives,subject_48_true_positives,subject_52_accuracy,subject_52_auc,subject_52_false_negatives,subject_52_false_positives,subject_52_loss,subject_52_pr,subject_52_precision,subject_52_recall,subject_52_true_negatives,subject_52_true_positives,subject_59_accuracy,subject_59_auc,subject_59_false_negatives,subject_59_false_positives,subject_59_loss,subject_59_pr,subject_59_precision,subject_59_recall,subject_59_true_negatives,subject_59_true_positives,subject_64_accuracy,subject_64_auc,subject_64_false_negatives,subject_64_false_positives,subject_64_loss,subject_64_pr,subject_64_precision,subject_64_recall,subject_64_true_negatives,subject_64_true_positives,subject_80_accuracy,subject_80_auc,subject_80_false_negatives,subject_80_false_positives,subject_80_loss,subject_80_pr,subject_80_precision,subject_80_recall,subject_80_true_negatives,subject_80_true_positives,subject_92_accuracy,subject_92_auc,subject_92_false_negatives,subject_92_false_positives,subject_92_loss,subject_92_pr,subject_92_precision,subject_92_recall,subject_92_true_negatives,subject_92_true_positives,true_negatives,true_positives,val_accuracy,val_auc,val_false_negatives,val_false_positives,val_loss,val_pr,val_precision,val_recall,val_true_negatives,val_true_positives
0,0.9777272777123885,0.9999340718442742,63.0,35.0,0.06903623174198648,0.9999345270070161,0.9853198799219999,0.9713636365803807,,,,,,,,,,,,,,,,,,,,,,,,,,,,,,,,,,,,,,,,,,,,,,,,,,,,,,,,,,,,,,,,,,,,,,,,,,,,,,,,,,,,,,,,,,,,,,,,,,,,,,,,,,,,,,,2165.0,2137.0,0.8019928895260466,0.6786974135024773,670.0,1337.0,0.6337644277949663,0.5921164797861554,0.5680479586077376,0.5426970586921629,5939.0,2190.0
1,0.9913636337627065,0.9999999945813961,22.0,16.0,0.04306782865219495,0.9999999945813962,0.9931481047110127,0.9900000041181393,,,,,,,,,,,,,,,,,,,,,,,,,,,,,,,,,,,,,,,,,,,,,,,,,,,,,,,,,,,,,,,,,,,,,,,,,,,,,,,,,,,,,,,,,,,,,,,,,,,,,,,,,,,,,,,2184.0,2178.0,0.7943962108646685,0.6728064569085248,735.0,1349.0,0.6966445895845688,0.5834546350266112,0.5656599970718209,0.5286006486571108,5927.0,2125.0
2,0.994318181818182,0.9999999891627919,14.0,11.0,0.03338189118372446,0.9999999891627921,0.9952606612985786,0.9936363642865963,,,,,,,,,,,,,,,,,,,,,,,,,,,,,,,,,,,,,,,,,,,,,,,,,,,,,,,,,,,,,,,,,,,,,,,,,,,,,,,,,,,,,,,,,,,,,,,,,,,,,,,,,,,,,,,2189.0,2186.0,0.7946921909241199,0.6698687945234559,733.0,1348.0,0.7218247185311317,0.5779878252024903,0.5654525393186447,0.5288398188921816,5928.0,2127.0
3,0.9956818222999575,0.9999999891627919,11.0,8.0,0.02747234454632483,1.0000000000000002,0.9965034940026025,0.9949999993497677,,,,,,,,,,,,,,,,,,,,,,,,,,,,,,,,,,,,,,,,,,,,,,,,,,,,,,,,,,,,,,,,,,,,,,,,,,,,,,,,,,,,,,,,,,,,,,,,,,,,,,,,,,,,,,,2192.0,2189.0,0.794100228664719,0.6684657785021234,743.0,1344.0,0.7336449017637747,0.5748108177083444,0.5643682450220731,0.526957391504707,5932.0,2117.0
4,0.9963636398315432,0.9999999674883756,9.0,7.0,0.023554498703134336,1.0000000000000002,0.996925782073628,0.9959090893918819,,,,,,,,,,,,,,,,,,,,,,,,,,,,,,,,,,,,,,,,,,,,,,,,,,,,,,,,,,,,,,,,,,,,,,,,,,,,,,,,,,,,,,,,,,,,,,,,,,,,,,,,,,,,,,,2193.0,2191.0,0.7944948733464506,0.6667428802766477,747.0,1336.0,0.7399831716657456,0.5717645412180118,0.5645212683276859,0.5263779975691459,5940.0,2113.0
5,0.9970454573631289,0.9999999783255838,7.0,6.0,0.020719495645131578,0.9999999783255838,0.9973521611907268,0.9968181794339962,,,,,,,,,,,,,,,,,,,,,,,,,,,,,,,,,,,,,,,,,,,,,,,,,,,,,,,,,,,,,,,,,,,,,,,,,,,,,,,,,,,,,,,,,,,,,,,,,,,,,,,,,,,,,,,2194.0,2193.0,0.7941988978502594,0.6658561899846429,753.0,1333.0,0.7445983777032913,0.5697512336622191,0.5641159419949447,0.5251837421117472,5943.0,2107.0
