,accuracy,auc,false_negatives,false_positives,loss,pr,precision,recall,subject_107_accuracy,subject_107_auc,subject_107_false_negatives,subject_107_false_positives,subject_107_loss,subject_107_pr,subject_107_precision,subject_107_recall,subject_107_true_negatives,subject_107_true_positives,subject_109_accuracy,subject_109_auc,subject_109_false_negatives,subject_109_false_positives,subject_109_loss,subject_109_pr,subject_109_precision,subject_109_recall,subject_109_true_negatives,subject_109_true_positives,subject_115_accuracy,subject_115_auc,subject_115_false_negatives,subject_115_false_positives,subject_115_loss,subject_115_pr,subject_115_precision,subject_115_recall,subject_115_true_negatives,subject_115_true_positives,subject_120_accuracy,subject_120_auc,subject_120_false_negatives,subject_120_false_positives,subject_120_loss,subject_120_pr,subject_120_precision,subject_120_recall,subject_120_true_negatives,subject_120_true_positives,subject_43_accuracy,subject_43_auc,subject_43_false_negatives,subject_43_false_positives,subject_43_loss,subject_43_pr,subject_43_precision,subject_43_recall,subject_43_true_negatives,subject_43_true_positives,subject_48_accuracy,subject_48_auc,subject_48_false_negatives,subject_48_false_positives,subject_48_loss,subject_48_pr,subject_48_precision,subject_48_recall,subject_48_true_negatives,subject_48_true_positives,subject_52_accuracy,subject_52_auc,subject_52_false_negatives,subject_52_false_positives,subject_52_loss,subject_52_pr,subject_52_precision,subject_52_recall,subject_52_true_negatives,subject_52_true_positives,subject_59_accuracy,subject_59_auc,subject_59_false_negatives,subject_59_false_positives,subject_59_loss,subject_59_pr,subject_59_precision,subject_59_recall,subject_59_true_negatives,subject_59_true_positives,subject_64_accuracy,subject_64_auc,subject_64_false_negatives,subject_64_false_positives,subject_64_loss,subject_64_pr,subject_64_precision,subject_64_recall,subject_64_true_negatives,subject_64_true_positives,subject_80_accuracy,subject_80_auc,subject_80_false_negatives,subject_80_false_positives,subject_80_loss,subject_80_pr,subject_80_precision,subject_80_recall,subject_80_true_negatives,subject_80_true_positives,subject_92_accuracy,subject_92_auc,subject_92_false_negatives,subject_92_false_positives,subject_92_loss,subject_92_pr,subject_92_precision,subject_92_recall,subject_92_true_negatives,subject_92_true_positives,true_negatives,true_positives,val_accuracy,val_auc,val_false_negatives,val_false_positives,val_loss,val_pr,val_precision,val_recall,val_true_negatives,val_true_positives
0,0.9779545556415212,0.9996477202935653,51.0,46.0,0.06730752046431669,0.9996515729210593,0.9814435135234487,0.9768181876702744,,,,,,,,,,,,,,,,,,,,,,,,,,,,,,,,,,,,,,,,,,,,,,,,,,,,,,,,,,,,,,,,,,,,,,,,,,,,,,,,,,,,,,,,,,,,,,,,,,,,,,,,,,,,,,,2154.0,2149.0,0.8088003074031415,0.6665721635886225,836.0,1102.0,0.584005220359467,0.5876938273281964,0.573388496474102,0.5123699952766664,6174.0,2024.0
1,0.9902272766286678,0.9999977241862905,14.0,29.0,0.038926420365036886,0.9999977404421028,0.9883834394541655,0.9936363697052004,,,,,,,,,,,,,,,,,,,,,,,,,,,,,,,,,,,,,,,,,,,,,,,,,,,,,,,,,,,,,,,,,,,,,,,,,,,,,,,,,,,,,,,,,,,,,,,,,,,,,,,,,,,,,,,2171.0,2186.0,0.8014009476366623,0.663407612641966,867.0,1146.0,0.6458629957552121,0.582727052042027,0.5710055092445206,0.5024561910480614,6130.0,1993.0
2,0.9934090917760677,0.9999999620697715,7.0,22.0,0.02944297808899798,0.999999989162792,0.9909909909421749,0.9968181848526003,,,,,,,,,,,,,,,,,,,,,,,,,,,,,,,,,,,,,,,,,,,,,,,,,,,,,,,,,,,,,,,,,,,,,,,,,,,,,,,,,,,,,,,,,,,,,,,,,,,,,,,,,,,,,,,2178.0,2193.0,0.7994277901600547,0.6614481553658785,870.0,1163.0,0.6714228387305309,0.5799175238364686,0.5718701363268478,0.49918327456444567,6113.0,1990.0
3,0.9947727268392391,0.9999999620697715,4.0,19.0,0.02437043466901576,0.9999999945813961,0.9921129074963658,0.9981818199157717,,,,,,,,,,,,,,,,,,,,,,,,,,,,,,,,,,,,,,,,,,,,,,,,,,,,,,,,,,,,,,,,,,,,,,,,,,,,,,,,,,,,,,,,,,,,,,,,,,,,,,,,,,,,,,,2181.0,2196.0,0.7986385169561772,0.6605373184654594,866.0,1175.0,0.6851462917874606,0.5785678589353433,0.5701875400148043,0.5008151352805422,6101.0,1994.0
4,0.9949999993497677,0.999999994581396,4.0,18.0,0.021398590137250723,0.9999999945813962,0.9924937432462521,0.9981818199157717,,,,,,,,,,,,,,,,,,,,,,,,,,,,,,,,,,,,,,,,,,,,,,,,,,,,,,,,,,,,,,,,,,,,,,,,,,,,,,,,,,,,,,,,,,,,,,,,,,,,,,,,,,,,,,,2182.0,2196.0,0.7978492543842252,0.659801126208565,868.0,1181.0,0.6941371303088383,0.5768801923473708,0.5700421666619151,0.5005679406702002,6095.0,1992.0
5,0.9963636344129391,0.9999999837441879,1.0,15.0,0.019084960957989096,0.9999999945813961,0.9936575076796794,0.9995454549789431,,,,,,,,,,,,,,,,,,,,,,,,,,,,,,,,,,,,,,,,,,,,,,,,,,,,,,,,,,,,,,,,,,,,,,,,,,,,,,,,,,,,,,,,,,,,,,,,,,,,,,,,,,,,,,,2185.0,2199.0,0.7980465615651884,0.6591234454369113,874.0,1173.0,0.701169552304257,0.5752536310110867,0.5692256464907384,0.4969119902497309,6103.0,1986.0
