,accuracy,auc,false_negatives,false_positives,loss,pr,precision,recall,subject_107_accuracy,subject_107_auc,subject_107_false_negatives,subject_107_false_positives,subject_107_loss,subject_107_pr,subject_107_precision,subject_107_recall,subject_107_true_negatives,subject_107_true_positives,subject_109_accuracy,subject_109_auc,subject_109_false_negatives,subject_109_false_positives,subject_109_loss,subject_109_pr,subject_109_precision,subject_109_recall,subject_109_true_negatives,subject_109_true_positives,subject_115_accuracy,subject_115_auc,subject_115_false_negatives,subject_115_false_positives,subject_115_loss,subject_115_pr,subject_115_precision,subject_115_recall,subject_115_true_negatives,subject_115_true_positives,subject_120_accuracy,subject_120_auc,subject_120_false_negatives,subject_120_false_positives,subject_120_loss,subject_120_pr,subject_120_precision,subject_120_recall,subject_120_true_negatives,subject_120_true_positives,subject_43_accuracy,subject_43_auc,subject_43_false_negatives,subject_43_false_positives,subject_43_loss,subject_43_pr,subject_43_precision,subject_43_recall,subject_43_true_negatives,subject_43_true_positives,subject_48_accuracy,subject_48_auc,subject_48_false_negatives,subject_48_false_positives,subject_48_loss,subject_48_pr,subject_48_precision,subject_48_recall,subject_48_true_negatives,subject_48_true_positives,subject_52_accuracy,subject_52_auc,subject_52_false_negatives,subject_52_false_positives,subject_52_loss,subject_52_pr,subject_52_precision,subject_52_recall,subject_52_true_negatives,subject_52_true_positives,subject_59_accuracy,subject_59_auc,subject_59_false_negatives,subject_59_false_positives,subject_59_loss,subject_59_pr,subject_59_precision,subject_59_recall,subject_59_true_negatives,subject_59_true_positives,subject_64_accuracy,subject_64_auc,subject_64_false_negatives,subject_64_false_positives,subject_64_loss,subject_64_pr,subject_64_precision,subject_64_recall,subject_64_true_negatives,subject_64_true_positives,subject_80_accuracy,subject_80_auc,subject_80_false_negatives,subject_80_false_positives,subject_80_loss,subject_80_pr,subject_80_precision,subject_80_recall,subject_80_true_negatives,subject_80_true_positives,subject_92_accuracy,subject_92_auc,subject_92_false_negatives,subject_92_false_positives,subject_92_loss,subject_92_pr,subject_92_precision,subject_92_recall,subject_92_true_negatives,subject_92_true_positives,subject_96_accuracy,subject_96_auc,subject_96_false_negatives,subject_96_false_positives,subject_96_loss,subject_96_pr,subject_96_precision,subject_96_recall,subject_96_true_negatives,subject_96_true_positives,true_negatives,true_positives,val_accuracy,val_auc,val_false_negatives,val_false_positives,val_loss,val_pr,val_precision,val_recall,val_true_negatives,val_true_positives
0,0.9877083351214728,0.9987604220708212,46.0,13.0,0.038279300726717334,0.9982642432053883,0.9943648725748063,0.98083333671093,,,,,,,,,,,,,,,,,,,,,,,,,,,,,,,,,,,,,,,,,,,,,,,,,,,,,,,,,,,,,,,,,,,,,,,,,,,,,,,,,,,,,,,,,,,,,,,,,,,,,,,,,,,,,,,,,,,,,,,,,2387.0,2354.0,0.7670940160751343,0.9402669072151184,16.0,420.0,0.5607362078805255,0.7694587707519531,0.29054054617881775,0.914893627166748,1264.0,172.0
1,0.9927083353201549,0.9997208118438721,30.0,5.0,0.02792130520334467,0.9996834099292756,0.9979351162910463,0.9875000019868215,,,,,,,,,,,,,,,,,,,,,,,,,,,,,,,,,,,,,,,,,,,,,,,,,,,,,,,,,,,,,,,,,,,,,,,,,,,,,,,,,,,,,,,,,,,,,,,,,,,,,,,,,,,,,,,,,,,,,,,,,2395.0,2370.0,0.7077991366386414,0.9293380975723267,14.0,533.0,0.7206008892792922,0.7008259296417236,0.24611032009124756,0.9255319237709045,1151.0,174.0
2,0.9929166684548061,0.9999448011318844,29.0,5.0,0.024554047424656646,0.9999439616998038,0.9979372123877209,0.9879166682561239,,,,,,,,,,,,,,,,,,,,,,,,,,,,,,,,,,,,,,,,,,,,,,,,,,,,,,,,,,,,,,,,,,,,,,,,,,,,,,,,,,,,,,,,,,,,,,,,,,,,,,,,,,,,,,,,,,,,,,,,,2395.0,2371.0,0.6837607026100159,0.9197689294815063,13.0,579.0,0.8333087497287326,0.6447269916534424,0.23209549486637115,0.9308510422706604,1105.0,175.0
3,0.9933333347241085,0.9999874780575435,28.0,4.0,0.02211269170259281,0.9999874184528986,0.9983518073956174,0.9883333345254263,,,,,,,,,,,,,,,,,,,,,,,,,,,,,,,,,,,,,,,,,,,,,,,,,,,,,,,,,,,,,,,,,,,,,,,,,,,,,,,,,,,,,,,,,,,,,,,,,,,,,,,,,,,,,,,,,,,,,,,,,2396.0,2372.0,0.6762820482254028,0.9124914407730103,17.0,589.0,0.9051603786965721,0.6008247137069702,0.22499999403953552,0.9095744490623474,1095.0,171.0
4,0.9943750003973644,0.9999916503826778,24.0,3.0,0.02013746608591949,0.999991610646248,0.9987684736649197,0.9899999996026357,,,,,,,,,,,,,,,,,,,,,,,,,,,,,,,,,,,,,,,,,,,,,,,,,,,,,,,,,,,,,,,,,,,,,,,,,,,,,,,,,,,,,,,,,,,,,,,,,,,,,,,,,,,,,,,,,,,,,,,,,2397.0,2376.0,0.6682692170143127,0.9071486592292786,19.0,602.0,0.959577686766274,0.5734155178070068,0.21919584274291992,0.8989361524581909,1082.0,169.0
5,0.9949999998013179,0.9999937564134599,21.0,3.0,0.018545153721546134,0.9999937216440837,0.9987684736649197,0.9912499984105428,,,,,,,,,,,,,,,,,,,,,,,,,,,,,,,,,,,,,,,,,,,,,,,,,,,,,,,,,,,,,,,,,,,,,,,,,,,,,,,,,,,,,,,,,,,,,,,,,,,,,,,,,,,,,,,,,,,,,,,,,2397.0,2379.0,0.6613247990608215,0.9027755260467529,19.0,615.0,1.008815061332833,0.5459007620811462,0.21556122601032257,0.8989361524581909,1069.0,169.0
