,accuracy,auc,false_negatives,false_positives,loss,pr,precision,recall,subject_107_accuracy,subject_107_auc,subject_107_false_negatives,subject_107_false_positives,subject_107_loss,subject_107_pr,subject_107_precision,subject_107_recall,subject_107_true_negatives,subject_107_true_positives,subject_109_accuracy,subject_109_auc,subject_109_false_negatives,subject_109_false_positives,subject_109_loss,subject_109_pr,subject_109_precision,subject_109_recall,subject_109_true_negatives,subject_109_true_positives,subject_115_accuracy,subject_115_auc,subject_115_false_negatives,subject_115_false_positives,subject_115_loss,subject_115_pr,subject_115_precision,subject_115_recall,subject_115_true_negatives,subject_115_true_positives,subject_120_accuracy,subject_120_auc,subject_120_false_negatives,subject_120_false_positives,subject_120_loss,subject_120_pr,subject_120_precision,subject_120_recall,subject_120_true_negatives,subject_120_true_positives,subject_43_accuracy,subject_43_auc,subject_43_false_negatives,subject_43_false_positives,subject_43_loss,subject_43_pr,subject_43_precision,subject_43_recall,subject_43_true_negatives,subject_43_true_positives,subject_48_accuracy,subject_48_auc,subject_48_false_negatives,subject_48_false_positives,subject_48_loss,subject_48_pr,subject_48_precision,subject_48_recall,subject_48_true_negatives,subject_48_true_positives,subject_52_accuracy,subject_52_auc,subject_52_false_negatives,subject_52_false_positives,subject_52_loss,subject_52_pr,subject_52_precision,subject_52_recall,subject_52_true_negatives,subject_52_true_positives,subject_59_accuracy,subject_59_auc,subject_59_false_negatives,subject_59_false_positives,subject_59_loss,subject_59_pr,subject_59_precision,subject_59_recall,subject_59_true_negatives,subject_59_true_positives,subject_64_accuracy,subject_64_auc,subject_64_false_negatives,subject_64_false_positives,subject_64_loss,subject_64_pr,subject_64_precision,subject_64_recall,subject_64_true_negatives,subject_64_true_positives,subject_80_accuracy,subject_80_auc,subject_80_false_negatives,subject_80_false_positives,subject_80_loss,subject_80_pr,subject_80_precision,subject_80_recall,subject_80_true_negatives,subject_80_true_positives,subject_92_accuracy,subject_92_auc,subject_92_false_negatives,subject_92_false_positives,subject_92_loss,subject_92_pr,subject_92_precision,subject_92_recall,subject_92_true_negatives,subject_92_true_positives,subject_96_accuracy,subject_96_auc,subject_96_false_negatives,subject_96_false_positives,subject_96_loss,subject_96_pr,subject_96_precision,subject_96_recall,subject_96_true_negatives,subject_96_true_positives,true_negatives,true_positives,val_accuracy,val_auc,val_false_negatives,val_false_positives,val_loss,val_pr,val_precision,val_recall,val_true_negatives,val_true_positives
0,0.7858333587646484,0.8637157082557678,699.0,329.0,0.7319885138670603,0.8682804703712463,0.8379310369491577,0.7087500095367432,,,,,,,,,,,,,,,,,,,,,,,,,,,,,,,,,,,,,,,,,,,,,,,,,,,,,,,,,,,,,,,,,,,,,,,,,,,,,,,,,,,,,,,,,,,,,,,,,,,,,,,,,,,,,,,,,,,,,,,,,2071.0,1701.0,0.8658321499824524,0.8371145725250244,456.0,305.0,0.3772557111002494,0.5390190482139587,0.5440956354141235,0.4439024329185486,4547.0,364.0
1,0.7872916460037231,0.8725161552429199,707.0,314.0,0.6857311907410621,0.8772209882736206,0.8435475826263428,0.7054166793823242,,,,,,,,,,,,,,,,,,,,,,,,,,,,,,,,,,,,,,,,,,,,,,,,,,,,,,,,,,,,,,,,,,,,,,,,,,,,,,,,,,,,,,,,,,,,,,,,,,,,,,,,,,,,,,,,,,,,,,,,,2086.0,1693.0,0.870239794254303,0.8389912247657776,451.0,285.0,0.37677301618576636,0.5486652255058289,0.5642201900482178,0.44999998807907104,4567.0,369.0
2,0.793958306312561,0.8798401355743408,685.0,304.0,0.6426485404372215,0.8825632333755493,0.8494303822517395,0.7145833373069763,,,,,,,,,,,,,,,,,,,,,,,,,,,,,,,,,,,,,,,,,,,,,,,,,,,,,,,,,,,,,,,,,,,,,,,,,,,,,,,,,,,,,,,,,,,,,,,,,,,,,,,,,,,,,,,,,,,,,,,,,2096.0,1715.0,0.8712975978851318,0.83907151222229,431.0,299.0,0.3796817004491479,0.5546431541442871,0.5654069781303406,0.4743902385234833,4553.0,389.0
3,0.8004166483879089,0.8862664103507996,660.0,298.0,0.6052596814433734,0.8880771398544312,0.8537782430648804,0.7250000238418579,,,,,,,,,,,,,,,,,,,,,,,,,,,,,,,,,,,,,,,,,,,,,,,,,,,,,,,,,,,,,,,,,,,,,,,,,,,,,,,,,,,,,,,,,,,,,,,,,,,,,,,,,,,,,,,,,,,,,,,,,2102.0,1740.0,0.8735895752906799,0.8380651473999023,406.0,311.0,0.38441131120529265,0.5555264353752136,0.5710344910621643,0.504878044128418,4541.0,414.0
4,0.8066666722297668,0.8923031687736511,632.0,296.0,0.5670568087697029,0.8934071063995361,0.856589138507843,0.7366666793823242,,,,,,,,,,,,,,,,,,,,,,,,,,,,,,,,,,,,,,,,,,,,,,,,,,,,,,,,,,,,,,,,,,,,,,,,,,,,,,,,,,,,,,,,,,,,,,,,,,,,,,,,,,,,,,,,,,,,,,,,,2104.0,1768.0,0.8695345520973206,0.8377121090888977,388.0,352.0,0.39194758588182826,0.5560967922210693,0.5510203838348389,0.5268292427062988,4500.0,432.0
5,0.8139583468437195,0.8982999920845032,596.0,297.0,0.5353862166404724,0.8978549242019653,0.8586387634277344,0.7516666650772095,,,,,,,,,,,,,,,,,,,,,,,,,,,,,,,,,,,,,,,,,,,,,,,,,,,,,,,,,,,,,,,,,,,,,,,,,,,,,,,,,,,,,,,,,,,,,,,,,,,,,,,,,,,,,,,,,,,,,,,,,2103.0,1804.0,0.866890013217926,0.835925281047821,379.0,376.0,0.4009561306194038,0.553237795829773,0.5397796630859375,0.537804901599884,4476.0,441.0
6,0.8214583396911621,0.9032840132713318,562.0,295.0,0.50876707320412,0.9017118215560913,0.8616971373558044,0.76583331823349,,,,,,,,,,,,,,,,,,,,,,,,,,,,,,,,,,,,,,,,,,,,,,,,,,,,,,,,,,,,,,,,,,,,,,,,,,,,,,,,,,,,,,,,,,,,,,,,,,,,,,,,,,,,,,,,,,,,,,,,,2105.0,1838.0,0.8640691041946411,0.8344334363937378,368.0,403.0,0.41110130739418005,0.5492519736289978,0.5286549925804138,0.5512195229530334,4449.0,452.0
