,accuracy,auc,false_negatives,false_positives,loss,pr,precision,recall,subject_107_accuracy,subject_107_auc,subject_107_false_negatives,subject_107_false_positives,subject_107_loss,subject_107_pr,subject_107_precision,subject_107_recall,subject_107_true_negatives,subject_107_true_positives,subject_109_accuracy,subject_109_auc,subject_109_false_negatives,subject_109_false_positives,subject_109_loss,subject_109_pr,subject_109_precision,subject_109_recall,subject_109_true_negatives,subject_109_true_positives,subject_115_accuracy,subject_115_auc,subject_115_false_negatives,subject_115_false_positives,subject_115_loss,subject_115_pr,subject_115_precision,subject_115_recall,subject_115_true_negatives,subject_115_true_positives,subject_120_accuracy,subject_120_auc,subject_120_false_negatives,subject_120_false_positives,subject_120_loss,subject_120_pr,subject_120_precision,subject_120_recall,subject_120_true_negatives,subject_120_true_positives,subject_43_accuracy,subject_43_auc,subject_43_false_negatives,subject_43_false_positives,subject_43_loss,subject_43_pr,subject_43_precision,subject_43_recall,subject_43_true_negatives,subject_43_true_positives,subject_48_accuracy,subject_48_auc,subject_48_false_negatives,subject_48_false_positives,subject_48_loss,subject_48_pr,subject_48_precision,subject_48_recall,subject_48_true_negatives,subject_48_true_positives,subject_52_accuracy,subject_52_auc,subject_52_false_negatives,subject_52_false_positives,subject_52_loss,subject_52_pr,subject_52_precision,subject_52_recall,subject_52_true_negatives,subject_52_true_positives,subject_59_accuracy,subject_59_auc,subject_59_false_negatives,subject_59_false_positives,subject_59_loss,subject_59_pr,subject_59_precision,subject_59_recall,subject_59_true_negatives,subject_59_true_positives,subject_64_accuracy,subject_64_auc,subject_64_false_negatives,subject_64_false_positives,subject_64_loss,subject_64_pr,subject_64_precision,subject_64_recall,subject_64_true_negatives,subject_64_true_positives,subject_80_accuracy,subject_80_auc,subject_80_false_negatives,subject_80_false_positives,subject_80_loss,subject_80_pr,subject_80_precision,subject_80_recall,subject_80_true_negatives,subject_80_true_positives,subject_92_accuracy,subject_92_auc,subject_92_false_negatives,subject_92_false_positives,subject_92_loss,subject_92_pr,subject_92_precision,subject_92_recall,subject_92_true_negatives,subject_92_true_positives,true_negatives,true_positives,val_accuracy,val_auc,val_false_negatives,val_false_positives,val_loss,val_pr,val_precision,val_recall,val_true_negatives,val_true_positives
0,0.714090883731842,0.820551335811615,699.0,559.0,0.7056618144295432,0.8053828477859497,0.7286407947540283,0.682272732257843,,,,,,,,,,,,,,,,,,,,,,,,,,,,,,,,,,,,,,,,,,,,,,,,,,,,,,,,,,,,,,,,,,,,,,,,,,,,,,,,,,,,,,,,,,,,,,,,,,,,,,,,,,,,,,,1641.0,1501.0,0.7660301923751831,0.800894558429718,278.0,1707.0,0.597211814644004,0.32763057947158813,0.23004059493541718,0.6472080945968628,5989.0,510.0
1,0.7172726988792419,0.8311342597007751,646.0,598.0,0.6651958959752863,0.826271653175354,0.7221189737319946,0.7063636183738708,,,,,,,,,,,,,,,,,,,,,,,,,,,,,,,,,,,,,,,,,,,,,,,,,,,,,,,,,,,,,,,,,,,,,,,,,,,,,,,,,,,,,,,,,,,,,,,,,,,,,,,,,,,,,,,1602.0,1554.0,0.7623762488365173,0.799633264541626,276.0,1740.0,0.5992948288683732,0.3274006247520447,0.22735346853733063,0.6497461795806885,5956.0,512.0
2,0.7247727513313293,0.8393189907073975,633.0,578.0,0.642524073232304,0.8428610563278198,0.7305361032485962,0.7122727036476135,,,,,,,,,,,,,,,,,,,,,,,,,,,,,,,,,,,,,,,,,,,,,,,,,,,,,,,,,,,,,,,,,,,,,,,,,,,,,,,,,,,,,,,,,,,,,,,,,,,,,,,,,,,,,,,1622.0,1567.0,0.763319194316864,0.7975890040397644,285.0,1723.0,0.590637323374121,0.3224521279335022,0.22596585750579834,0.6383248567581177,5973.0,503.0
3,0.7297727465629578,0.8445680737495422,614.0,575.0,0.6293558782880957,0.850935697555542,0.7339195013046265,0.7209091186523438,,,,,,,,,,,,,,,,,,,,,,,,,,,,,,,,,,,,,,,,,,,,,,,,,,,,,,,,,,,,,,,,,,,,,,,,,,,,,,,,,,,,,,,,,,,,,,,,,,,,,,,,,,,,,,,1625.0,1586.0,0.7624940872192383,0.7944439649581909,292.0,1723.0,0.5951827468314523,0.3148214817047119,0.22352410852909088,0.6294416189193726,5973.0,496.0
4,0.735909104347229,0.849494218826294,604.0,558.0,0.6176319456100464,0.857779860496521,0.7409470677375793,0.725454568862915,,,,,,,,,,,,,,,,,,,,,,,,,,,,,,,,,,,,,,,,,,,,,,,,,,,,,,,,,,,,,,,,,,,,,,,,,,,,,,,,,,,,,,,,,,,,,,,,,,,,,,,,,,,,,,,1642.0,1596.0,0.763437032699585,0.7911478281021118,298.0,1709.0,0.5986918569917895,0.30889028310775757,0.22282855212688446,0.6218274235725403,5987.0,490.0
5,0.7397727370262146,0.8538492321968079,604.0,541.0,0.606382999311794,0.8640596270561218,0.7468413710594177,0.725454568862915,,,,,,,,,,,,,,,,,,,,,,,,,,,,,,,,,,,,,,,,,,,,,,,,,,,,,,,,,,,,,,,,,,,,,,,,,,,,,,,,,,,,,,,,,,,,,,,,,,,,,,,,,,,,,,,1659.0,1596.0,0.7646157741546631,0.7869468927383423,307.0,1690.0,0.5943837211568757,0.30276918411254883,0.2215568870306015,0.6104061007499695,6006.0,481.0
6,0.7390909194946289,0.8578709363937378,612.0,536.0,0.5970779874108054,0.868619978427887,0.7476459741592407,0.721818208694458,,,,,,,,,,,,,,,,,,,,,,,,,,,,,,,,,,,,,,,,,,,,,,,,,,,,,,,,,,,,,,,,,,,,,,,,,,,,,,,,,,,,,,,,,,,,,,,,,,,,,,,,,,,,,,,1664.0,1588.0,0.7663837671279907,0.7843202352523804,316.0,1666.0,0.5908022785681365,0.2966676950454712,0.2207670658826828,0.5989847779273987,6030.0,472.0
7,0.744772732257843,0.8616315722465515,600.0,523.0,0.586254905462265,0.871908962726593,0.7536504864692688,0.7272727489471436,,,,,,,,,,,,,,,,,,,,,,,,,,,,,,,,,,,,,,,,,,,,,,,,,,,,,,,,,,,,,,,,,,,,,,,,,,,,,,,,,,,,,,,,,,,,,,,,,,,,,,,,,,,,,,,1677.0,1600.0,0.7648515105247498,0.7820418477058411,323.0,1672.0,0.598411881680592,0.292152464389801,0.21759475767612457,0.5901015400886536,6024.0,465.0
