,accuracy,auc,false_negatives,false_positives,loss,pr,precision,recall,subject_107_accuracy,subject_107_auc,subject_107_false_negatives,subject_107_false_positives,subject_107_loss,subject_107_pr,subject_107_precision,subject_107_recall,subject_107_true_negatives,subject_107_true_positives,subject_115_accuracy,subject_115_auc,subject_115_false_negatives,subject_115_false_positives,subject_115_loss,subject_115_pr,subject_115_precision,subject_115_recall,subject_115_true_negatives,subject_115_true_positives,subject_120_accuracy,subject_120_auc,subject_120_false_negatives,subject_120_false_positives,subject_120_loss,subject_120_pr,subject_120_precision,subject_120_recall,subject_120_true_negatives,subject_120_true_positives,subject_43_accuracy,subject_43_auc,subject_43_false_negatives,subject_43_false_positives,subject_43_loss,subject_43_pr,subject_43_precision,subject_43_recall,subject_43_true_negatives,subject_43_true_positives,subject_52_accuracy,subject_52_auc,subject_52_false_negatives,subject_52_false_positives,subject_52_loss,subject_52_pr,subject_52_precision,subject_52_recall,subject_52_true_negatives,subject_52_true_positives,subject_64_accuracy,subject_64_auc,subject_64_false_negatives,subject_64_false_positives,subject_64_loss,subject_64_pr,subject_64_precision,subject_64_recall,subject_64_true_negatives,subject_64_true_positives,subject_80_accuracy,subject_80_auc,subject_80_false_negatives,subject_80_false_positives,subject_80_loss,subject_80_pr,subject_80_precision,subject_80_recall,subject_80_true_negatives,subject_80_true_positives,subject_92_accuracy,subject_92_auc,subject_92_false_negatives,subject_92_false_positives,subject_92_loss,subject_92_pr,subject_92_precision,subject_92_recall,subject_92_true_negatives,subject_92_true_positives,true_negatives,true_positives,val_accuracy,val_auc,val_false_negatives,val_false_positives,val_loss,val_pr,val_precision,val_recall,val_true_negatives,val_true_positives
0,0.6103125214576721,0.6713938117027283,872.0,375.0,1.289158460497856,0.6111810803413391,0.6600181460380554,0.45500001311302185,,,,,,,,,,,,,,,,,,,,,,,,,,,,,,,,,,,,,,,,,,,,,,,,,,,,,,,,,,,,,,,,,,,,,,,,,,,,,,,,,1225.0,728.0,0.7912561297416687,0.8454151153564453,832.0,1541.0,0.5742841320273576,0.6077740788459778,0.5308980345726013,0.6770186424255371,7251.0,1744.0
1,0.6396874785423279,0.6991230845451355,785.0,368.0,1.200786388516426,0.6379331350326538,0.6889264583587646,0.5093749761581421,,,,,,,,,,,,,,,,,,,,,,,,,,,,,,,,,,,,,,,,,,,,,,,,,,,,,,,,,,,,,,,,,,,,,,,,,,,,,,,,,1232.0,815.0,0.784834623336792,0.8437680602073669,848.0,1598.0,0.5942788953767706,0.6141935586929321,0.5195429921150208,0.6708074808120728,7194.0,1728.0
2,0.6675000190734863,0.721629798412323,690.0,374.0,1.1246785828471184,0.6615318655967712,0.7087227702140808,0.5687500238418579,,,,,,,,,,,,,,,,,,,,,,,,,,,,,,,,,,,,,,,,,,,,,,,,,,,,,,,,,,,,,,,,,,,,,,,,,,,,,,,,,1226.0,910.0,0.7823715806007385,0.8420757055282593,846.0,1628.0,0.610591999132561,0.611411452293396,0.5151876211166382,0.6715838313102722,7164.0,1730.0
3,0.6868749856948853,0.7404003739356995,635.0,367.0,1.0663714051246642,0.6789202690124512,0.7244744896888733,0.6031249761581421,,,,,,,,,,,,,,,,,,,,,,,,,,,,,,,,,,,,,,,,,,,,,,,,,,,,,,,,,,,,,,,,,,,,,,,,,,,,,,,,,1233.0,965.0,0.7813159823417664,0.8403126001358032,854.0,1632.0,0.6219222318855581,0.6093707084655762,0.5134168267250061,0.66847825050354,7160.0,1722.0
4,0.7056249976158142,0.7561386823654175,584.0,358.0,1.0179420846700669,0.6940107345581055,0.7394468784332275,0.6349999904632568,,,,,,,,,,,,,,,,,,,,,,,,,,,,,,,,,,,,,,,,,,,,,,,,,,,,,,,,,,,,,,,,,,,,,,,,,,,,,,,,,1242.0,1016.0,0.7826354503631592,0.8392663598060608,870.0,1601.0,0.6287213467129681,0.6085764169692993,0.5158753991127014,0.6622670888900757,7191.0,1706.0
5,0.7256249785423279,0.7697489857673645,533.0,345.0,0.9781816971302032,0.7068665027618408,0.7556657195091248,0.6668750047683716,,,,,,,,,,,,,,,,,,,,,,,,,,,,,,,,,,,,,,,,,,,,,,,,,,,,,,,,,,,,,,,,,,,,,,,,,,,,,,,,,1255.0,1067.0,0.7845707535743713,0.8380134701728821,891.0,1558.0,0.6311818753683089,0.6046669483184814,0.5195806622505188,0.6541149020195007,7234.0,1685.0
