,accuracy,auc,false_negatives,false_positives,loss,pr,precision,recall,subject_107_accuracy,subject_107_auc,subject_107_false_negatives,subject_107_false_positives,subject_107_loss,subject_107_pr,subject_107_precision,subject_107_recall,subject_107_true_negatives,subject_107_true_positives,subject_109_accuracy,subject_109_auc,subject_109_false_negatives,subject_109_false_positives,subject_109_loss,subject_109_pr,subject_109_precision,subject_109_recall,subject_109_true_negatives,subject_109_true_positives,subject_115_accuracy,subject_115_auc,subject_115_false_negatives,subject_115_false_positives,subject_115_loss,subject_115_pr,subject_115_precision,subject_115_recall,subject_115_true_negatives,subject_115_true_positives,subject_120_accuracy,subject_120_auc,subject_120_false_negatives,subject_120_false_positives,subject_120_loss,subject_120_pr,subject_120_precision,subject_120_recall,subject_120_true_negatives,subject_120_true_positives,subject_43_accuracy,subject_43_auc,subject_43_false_negatives,subject_43_false_positives,subject_43_loss,subject_43_pr,subject_43_precision,subject_43_recall,subject_43_true_negatives,subject_43_true_positives,subject_48_accuracy,subject_48_auc,subject_48_false_negatives,subject_48_false_positives,subject_48_loss,subject_48_pr,subject_48_precision,subject_48_recall,subject_48_true_negatives,subject_48_true_positives,subject_52_accuracy,subject_52_auc,subject_52_false_negatives,subject_52_false_positives,subject_52_loss,subject_52_pr,subject_52_precision,subject_52_recall,subject_52_true_negatives,subject_52_true_positives,subject_59_accuracy,subject_59_auc,subject_59_false_negatives,subject_59_false_positives,subject_59_loss,subject_59_pr,subject_59_precision,subject_59_recall,subject_59_true_negatives,subject_59_true_positives,subject_64_accuracy,subject_64_auc,subject_64_false_negatives,subject_64_false_positives,subject_64_loss,subject_64_pr,subject_64_precision,subject_64_recall,subject_64_true_negatives,subject_64_true_positives,subject_80_accuracy,subject_80_auc,subject_80_false_negatives,subject_80_false_positives,subject_80_loss,subject_80_pr,subject_80_precision,subject_80_recall,subject_80_true_negatives,subject_80_true_positives,subject_92_accuracy,subject_92_auc,subject_92_false_negatives,subject_92_false_positives,subject_92_loss,subject_92_pr,subject_92_precision,subject_92_recall,subject_92_true_negatives,subject_92_true_positives,true_negatives,true_positives,val_accuracy,val_auc,val_false_negatives,val_false_positives,val_loss,val_pr,val_precision,val_recall,val_true_negatives,val_true_positives
0,0.7361363768577576,0.8549678325653076,675.0,486.0,0.624742600701072,0.8558474183082581,0.7583292126655579,0.6931818127632141,,,,,,,,,,,,,,,,,,,,,,,,,,,,,,,,,,,,,,,,,,,,,,,,,,,,,,,,,,,,,,,,,,,,,,,,,,,,,,,,,,,,,,,,,,,,,,,,,,,,,,,,,,,,,,,1714.0,1525.0,0.769336998462677,0.831375002861023,849.0,1489.0,0.5964511676905375,0.7061255574226379,0.574571430683136,0.7031468749046326,5787.0,2011.0
1,0.7420454621315002,0.8639185428619385,658.0,477.0,0.5935768619450655,0.8633059859275818,0.7637444138526917,0.7009090781211853,,,,,,,,,,,,,,,,,,,,,,,,,,,,,,,,,,,,,,,,,,,,,,,,,,,,,,,,,,,,,,,,,,,,,,,,,,,,,,,,,,,,,,,,,,,,,,,,,,,,,,,,,,,,,,,1723.0,1542.0,0.7732833623886108,0.8269595503807068,889.0,1409.0,0.593498393246388,0.6997342109680176,0.5831360816955566,0.6891608238220215,5867.0,1971.0
2,0.7465909123420715,0.8700510859489441,655.0,460.0,0.5735631103949114,0.8679146766662598,0.7705735564231873,0.7022727131843567,,,,,,,,,,,,,,,,,,,,,,,,,,,,,,,,,,,,,,,,,,,,,,,,,,,,,,,,,,,,,,,,,,,,,,,,,,,,,,,,,,,,,,,,,,,,,,,,,,,,,,,,,,,,,,,1740.0,1545.0,0.7769337296485901,0.8234383463859558,934.0,1327.0,0.5934814187185729,0.6953955292701721,0.5920688509941101,0.6734265685081482,5949.0,1926.0
3,0.7509090900421143,0.8749483227729797,643.0,453.0,0.5564599947495894,0.8713883757591248,0.7746268510818481,0.7077272534370422,,,,,,,,,,,,,,,,,,,,,,,,,,,,,,,,,,,,,,,,,,,,,,,,,,,,,,,,,,,,,,,,,,,,,,,,,,,,,,,,,,,,,,,,,,,,,,,,,,,,,,,,,,,,,,,1747.0,1557.0,0.7788082361221313,0.8200416564941406,962.0,1280.0,0.5968364602529636,0.6905558109283447,0.5972309708595276,0.6636363863945007,5996.0,1898.0
4,0.7572727203369141,0.8801016807556152,619.0,449.0,0.5385871885039589,0.874962568283081,0.7788177132606506,0.7186363339424133,,,,,,,,,,,,,,,,,,,,,,,,,,,,,,,,,,,,,,,,,,,,,,,,,,,,,,,,,,,,,,,,,,,,,,,,,,,,,,,,,,,,,,,,,,,,,,,,,,,,,,,,,,,,,,,1751.0,1581.0,0.7796961069107056,0.8179599642753601,964.0,1269.0,0.6023243312512973,0.6891070604324341,0.5990521311759949,0.6629370450973511,6007.0,1896.0
5,0.7659090757369995,0.8841592669487,596.0,434.0,0.5239967133782126,0.87845778465271,0.7870461344718933,0.7290909290313721,,,,,,,,,,,,,,,,,,,,,,,,,,,,,,,,,,,,,,,,,,,,,,,,,,,,,,,,,,,,,,,,,,,,,,,,,,,,,,,,,,,,,,,,,,,,,,,,,,,,,,,,,,,,,,,1766.0,1604.0,0.7806827425956726,0.815983235836029,979.0,1244.0,0.6062111989686879,0.6866471767425537,0.6019200086593628,0.6576923131942749,6032.0,1881.0
6,0.7706817984580994,0.8875283002853394,582.0,427.0,0.5128672170639038,0.8810872435569763,0.7911980152130127,0.7354545593261719,,,,,,,,,,,,,,,,,,,,,,,,,,,,,,,,,,,,,,,,,,,,,,,,,,,,,,,,,,,,,,,,,,,,,,,,,,,,,,,,,,,,,,,,,,,,,,,,,,,,,,,,,,,,,,,1773.0,1618.0,0.7815706133842468,0.8137645721435547,991.0,1223.0,0.6110097143531504,0.6845739483833313,0.6044631600379944,0.653496503829956,6053.0,1869.0
7,0.7754545211791992,0.8909277319908142,566.0,422.0,0.5012183270671151,0.8839671611785889,0.7947470545768738,0.7427272796630859,,,,,,,,,,,,,,,,,,,,,,,,,,,,,,,,,,,,,,,,,,,,,,,,,,,,,,,,,,,,,,,,,,,,,,,,,,,,,,,,,,,,,,,,,,,,,,,,,,,,,,,,,,,,,,,1778.0,1634.0,0.7811760306358337,0.8118716478347778,1001.0,1217.0,0.6159373240482177,0.6825674772262573,0.6043562889099121,0.6499999761581421,6059.0,1859.0
