,accuracy,auc,false_negatives,false_positives,loss,pr,precision,recall,subject_107_accuracy,subject_107_auc,subject_107_false_negatives,subject_107_false_positives,subject_107_loss,subject_107_pr,subject_107_precision,subject_107_recall,subject_107_true_negatives,subject_107_true_positives,subject_109_accuracy,subject_109_auc,subject_109_false_negatives,subject_109_false_positives,subject_109_loss,subject_109_pr,subject_109_precision,subject_109_recall,subject_109_true_negatives,subject_109_true_positives,subject_115_accuracy,subject_115_auc,subject_115_false_negatives,subject_115_false_positives,subject_115_loss,subject_115_pr,subject_115_precision,subject_115_recall,subject_115_true_negatives,subject_115_true_positives,subject_120_accuracy,subject_120_auc,subject_120_false_negatives,subject_120_false_positives,subject_120_loss,subject_120_pr,subject_120_precision,subject_120_recall,subject_120_true_negatives,subject_120_true_positives,subject_43_accuracy,subject_43_auc,subject_43_false_negatives,subject_43_false_positives,subject_43_loss,subject_43_pr,subject_43_precision,subject_43_recall,subject_43_true_negatives,subject_43_true_positives,subject_48_accuracy,subject_48_auc,subject_48_false_negatives,subject_48_false_positives,subject_48_loss,subject_48_pr,subject_48_precision,subject_48_recall,subject_48_true_negatives,subject_48_true_positives,subject_52_accuracy,subject_52_auc,subject_52_false_negatives,subject_52_false_positives,subject_52_loss,subject_52_pr,subject_52_precision,subject_52_recall,subject_52_true_negatives,subject_52_true_positives,subject_59_accuracy,subject_59_auc,subject_59_false_negatives,subject_59_false_positives,subject_59_loss,subject_59_pr,subject_59_precision,subject_59_recall,subject_59_true_negatives,subject_59_true_positives,subject_64_accuracy,subject_64_auc,subject_64_false_negatives,subject_64_false_positives,subject_64_loss,subject_64_pr,subject_64_precision,subject_64_recall,subject_64_true_negatives,subject_64_true_positives,subject_80_accuracy,subject_80_auc,subject_80_false_negatives,subject_80_false_positives,subject_80_loss,subject_80_pr,subject_80_precision,subject_80_recall,subject_80_true_negatives,subject_80_true_positives,subject_92_accuracy,subject_92_auc,subject_92_false_negatives,subject_92_false_positives,subject_92_loss,subject_92_pr,subject_92_precision,subject_92_recall,subject_92_true_negatives,subject_92_true_positives,true_negatives,true_positives,val_accuracy,val_auc,val_false_negatives,val_false_positives,val_loss,val_pr,val_precision,val_recall,val_true_negatives,val_true_positives
0,0.9804545424201272,0.9972806464542041,34.0,52.0,0.09051381917501036,0.9974208907647567,0.9771097410808911,0.9845454530282455,,,,,,,,,,,,,,,,,,,,,,,,,,,,,,,,,,,,,,,,,,,,,,,,,,,,,,,,,,,,,,,,,,,,,,,,,,,,,,,,,,,,,,,,,,,,,,,,,,,,,,,,,,,,,,,2148.0,2166.0,0.7885653601619577,0.3853384979755962,724.0,1469.0,0.569817404672622,0.3121958657944014,0.3053185000320314,0.2749963861908455,7287.0,892.0
1,0.9938636367971249,0.9998340715061534,5.0,22.0,0.05427662482315843,0.9998395605520769,0.9905112710866062,0.9977272748947146,,,,,,,,,,,,,,,,,,,,,,,,,,,,,,,,,,,,,,,,,,,,,,,,,,,,,,,,,,,,,,,,,,,,,,,,,,,,,,,,,,,,,,,,,,,,,,,,,,,,,,,,,,,,,,,2178.0,2195.0,0.7766100985809409,0.38295710153484086,760.0,1557.0,0.6687255711150146,0.30704899078807546,0.3030543391004843,0.2722980376265475,7199.0,856.0
2,0.9954545443708248,0.9999829422343862,4.0,16.0,0.04065024693919853,0.9999831156297164,0.9931481047110126,0.9981818199157717,,,,,,,,,,,,,,,,,,,,,,,,,,,,,,,,,,,,,,,,,,,,,,,,,,,,,,,,,,,,,,,,,,,,,,,,,,,,,,,,,,,,,,,,,,,,,,,,,,,,,,,,,,,,,,,2184.0,2196.0,0.7721750883524179,0.38150445253197124,772.0,1591.0,0.7327255714646834,0.3043865595965417,0.3034237148768185,0.27287144249257,7165.0,844.0
3,0.9965909123420718,0.9999954537911849,1.0,14.0,0.03302416574548591,0.999995459209789,0.9939496300437236,0.9995454549789431,,,,,,,,,,,,,,,,,,,,,,,,,,,,,,,,,,,,,,,,,,,,,,,,,,,,,,,,,,,,,,,,,,,,,,,,,,,,,,,,,,,,,,,,,,,,,,,,,,,,,,,,,,,,,,,2186.0,2199.0,0.7686077881011089,0.38023419696025945,776.0,1624.0,0.7812866839389698,0.30132258834868286,0.30121786160860753,0.27234279362336117,7132.0,840.0
4,0.9972727298736574,0.999999994581396,1.0,11.0,0.02809869848699732,0.999999989162792,0.9951806827024982,0.9995454549789431,,,,,,,,,,,,,,,,,,,,,,,,,,,,,,,,,,,,,,,,,,,,,,,,,,,,,,,,,,,,,,,,,,,,,,,,,,,,,,,,,,,,,,,,,,,,,,,,,,,,,,,,,,,,,,,2189.0,2199.0,0.7661010413597644,0.3787413677606535,779.0,1647.0,0.8173492746924204,0.3002763806371398,0.2985648437673596,0.27187342707870826,7109.0,837.0
5,0.9979545474052431,0.999999983744188,0.0,9.0,0.02461910312825983,0.999999989162792,0.9960512085394428,1.0000000000000002,,,,,,,,,,,,,,,,,,,,,,,,,,,,,,,,,,,,,,,,,,,,,,,,,,,,,,,,,,,,,,,,,,,,,,,,,,,,,,,,,,,,,,,,,,,,,,,,,,,,,,,,,,,,,,,2191.0,2200.0,0.7650404966479786,0.37773166760670096,783.0,1654.0,0.8473969145967652,0.29840482832886195,0.29826674974429024,0.2695177550302984,7102.0,833.0
