,accuracy,auc,false_negatives,false_positives,loss,pr,precision,recall,subject_107_accuracy,subject_107_auc,subject_107_false_negatives,subject_107_false_positives,subject_107_loss,subject_107_pr,subject_107_precision,subject_107_recall,subject_107_true_negatives,subject_107_true_positives,subject_109_accuracy,subject_109_auc,subject_109_false_negatives,subject_109_false_positives,subject_109_loss,subject_109_pr,subject_109_precision,subject_109_recall,subject_109_true_negatives,subject_109_true_positives,subject_115_accuracy,subject_115_auc,subject_115_false_negatives,subject_115_false_positives,subject_115_loss,subject_115_pr,subject_115_precision,subject_115_recall,subject_115_true_negatives,subject_115_true_positives,subject_120_accuracy,subject_120_auc,subject_120_false_negatives,subject_120_false_positives,subject_120_loss,subject_120_pr,subject_120_precision,subject_120_recall,subject_120_true_negatives,subject_120_true_positives,subject_43_accuracy,subject_43_auc,subject_43_false_negatives,subject_43_false_positives,subject_43_loss,subject_43_pr,subject_43_precision,subject_43_recall,subject_43_true_negatives,subject_43_true_positives,subject_48_accuracy,subject_48_auc,subject_48_false_negatives,subject_48_false_positives,subject_48_loss,subject_48_pr,subject_48_precision,subject_48_recall,subject_48_true_negatives,subject_48_true_positives,subject_52_accuracy,subject_52_auc,subject_52_false_negatives,subject_52_false_positives,subject_52_loss,subject_52_pr,subject_52_precision,subject_52_recall,subject_52_true_negatives,subject_52_true_positives,subject_59_accuracy,subject_59_auc,subject_59_false_negatives,subject_59_false_positives,subject_59_loss,subject_59_pr,subject_59_precision,subject_59_recall,subject_59_true_negatives,subject_59_true_positives,subject_64_accuracy,subject_64_auc,subject_64_false_negatives,subject_64_false_positives,subject_64_loss,subject_64_pr,subject_64_precision,subject_64_recall,subject_64_true_negatives,subject_64_true_positives,subject_80_accuracy,subject_80_auc,subject_80_false_negatives,subject_80_false_positives,subject_80_loss,subject_80_pr,subject_80_precision,subject_80_recall,subject_80_true_negatives,subject_80_true_positives,subject_92_accuracy,subject_92_auc,subject_92_false_negatives,subject_92_false_positives,subject_92_loss,subject_92_pr,subject_92_precision,subject_92_recall,subject_92_true_negatives,subject_92_true_positives,true_negatives,true_positives,val_accuracy,val_auc,val_false_negatives,val_false_positives,val_loss,val_pr,val_precision,val_recall,val_true_negatives,val_true_positives
0,0.9768181876702744,0.9989011179317127,14.0,88.0,0.07570353858172894,0.9988450245423751,0.9660450599410318,0.9936363697052004,,,,,,,,,,,,,,,,,,,,,,,,,,,,,,,,,,,,,,,,,,,,,,,,,,,,,,,,,,,,,,,,,,,,,,,,,,,,,,,,,,,,,,,,,,,,,,,,,,,,,,,,,,,,,,,2112.0,2186.0,0.7976190443310969,0.32873696704227817,581.0,1136.0,0.5139425042011142,0.23948361340669572,0.16746865584919443,0.1744597264860161,6560.0,207.0
1,0.9920454567128963,0.9999443075873634,3.0,32.0,0.04607790187847886,0.9999442913315515,0.9866637912663548,0.9986363649368288,,,,,,,,,,,,,,,,,,,,,,,,,,,,,,,,,,,,,,,,,,,,,,,,,,,,,,,,,,,,,,,,,,,,,,,,,,,,,,,,,,,,,,,,,,,,,,,,,,,,,,,,,,,,,,,2168.0,2197.0,0.7963224867220927,0.32608716170892355,614.0,1114.0,0.5792383630700736,0.2267063316915014,0.159683938646221,0.16017692415100793,6582.0,174.0
2,0.9965909069234676,0.99999769709327,1.0,14.0,0.0344850923620503,0.9999977241862904,0.9939970103177159,0.9995454549789431,,,,,,,,,,,,,,,,,,,,,,,,,,,,,,,,,,,,,,,,,,,,,,,,,,,,,,,,,,,,,,,,,,,,,,,,,,,,,,,,,,,,,,,,,,,,,,,,,,,,,,,,,,,,,,,2186.0,2199.0,0.7977369186845606,0.32599720385545605,624.0,1092.0,0.6024595737568806,0.21790197352540208,0.15098845663988497,0.15512475626563363,6604.0,164.0
3,0.9970454519445248,1.0000000108372082,0.0,13.0,0.02814016010442918,1.0000000162558123,0.994451555338773,1.0000000000000002,,,,,,,,,,,,,,,,,,,,,,,,,,,,,,,,,,,,,,,,,,,,,,,,,,,,,,,,,,,,,,,,,,,,,,,,,,,,,,,,,,,,,,,,,,,,,,,,,,,,,,,,,,,,,,,2187.0,2200.0,0.8000942898465463,0.32234053887718417,627.0,1069.0,0.6154320368124809,0.2114730149381063,0.15115921595913237,0.15396826445374887,6627.0,161.0
4,0.9972727298736574,0.9999999566511675,0.0,12.0,0.02405908055857501,0.999999983744188,0.9948542009700431,1.0000000000000002,,,,,,,,,,,,,,,,,,,,,,,,,,,,,,,,,,,,,,,,,,,,,,,,,,,,,,,,,,,,,,,,,,,,,,,,,,,,,,,,,,,,,,,,,,,,,,,,,,,,,,,,,,,,,,,2188.0,2200.0,0.8016265876615796,0.3184747172098911,631.0,1052.0,0.6239830846313162,0.204662973843673,0.15069513982236526,0.15247321145003945,6644.0,157.0
5,0.9972727298736574,0.9999999620697716,0.0,12.0,0.021177843174981798,1.0000000000000002,0.9948542009700431,1.0000000000000002,,,,,,,,,,,,,,,,,,,,,,,,,,,,,,,,,,,,,,,,,,,,,,,,,,,,,,,,,,,,,,,,,,,,,,,,,,,,,,,,,,,,,,,,,,,,,,,,,,,,,,,,,,,,,,,2188.0,2200.0,0.8024516698045024,0.31603959558258526,633.0,1043.0,0.6305640214267733,0.20251225951649793,0.15032801534392148,0.1517960921470875,6653.0,155.0
