,accuracy,auc,false_negatives,false_positives,loss,pr,precision,recall,subject_107_accuracy,subject_107_auc,subject_107_false_negatives,subject_107_false_positives,subject_107_loss,subject_107_pr,subject_107_precision,subject_107_recall,subject_107_true_negatives,subject_107_true_positives,subject_109_accuracy,subject_109_auc,subject_109_false_negatives,subject_109_false_positives,subject_109_loss,subject_109_pr,subject_109_precision,subject_109_recall,subject_109_true_negatives,subject_109_true_positives,subject_115_accuracy,subject_115_auc,subject_115_false_negatives,subject_115_false_positives,subject_115_loss,subject_115_pr,subject_115_precision,subject_115_recall,subject_115_true_negatives,subject_115_true_positives,subject_120_accuracy,subject_120_auc,subject_120_false_negatives,subject_120_false_positives,subject_120_loss,subject_120_pr,subject_120_precision,subject_120_recall,subject_120_true_negatives,subject_120_true_positives,subject_43_accuracy,subject_43_auc,subject_43_false_negatives,subject_43_false_positives,subject_43_loss,subject_43_pr,subject_43_precision,subject_43_recall,subject_43_true_negatives,subject_43_true_positives,subject_48_accuracy,subject_48_auc,subject_48_false_negatives,subject_48_false_positives,subject_48_loss,subject_48_pr,subject_48_precision,subject_48_recall,subject_48_true_negatives,subject_48_true_positives,subject_52_accuracy,subject_52_auc,subject_52_false_negatives,subject_52_false_positives,subject_52_loss,subject_52_pr,subject_52_precision,subject_52_recall,subject_52_true_negatives,subject_52_true_positives,subject_59_accuracy,subject_59_auc,subject_59_false_negatives,subject_59_false_positives,subject_59_loss,subject_59_pr,subject_59_precision,subject_59_recall,subject_59_true_negatives,subject_59_true_positives,subject_64_accuracy,subject_64_auc,subject_64_false_negatives,subject_64_false_positives,subject_64_loss,subject_64_pr,subject_64_precision,subject_64_recall,subject_64_true_negatives,subject_64_true_positives,subject_80_accuracy,subject_80_auc,subject_80_false_negatives,subject_80_false_positives,subject_80_loss,subject_80_pr,subject_80_precision,subject_80_recall,subject_80_true_negatives,subject_80_true_positives,subject_92_accuracy,subject_92_auc,subject_92_false_negatives,subject_92_false_positives,subject_92_loss,subject_92_pr,subject_92_precision,subject_92_recall,subject_92_true_negatives,subject_92_true_positives,true_negatives,true_positives,val_accuracy,val_auc,val_false_negatives,val_false_positives,val_loss,val_pr,val_precision,val_recall,val_true_negatives,val_true_positives
0,0.9836363684047353,0.9998079538345338,52.0,20.0,0.058558512843975966,0.9998070055788214,0.9913957498290322,0.9763636372306131,,,,,,,,,,,,,,,,,,,,,,,,,,,,,,,,,,,,,,,,,,,,,,,,,,,,,,,,,,,,,,,,,,,,,,,,,,,,,,,,,,,,,,,,,,,,,,,,,,,,,,,,,,,,,,,2180.0,2148.0,0.7993291186928844,0.6774155243749024,935.0,1099.0,0.5985416444905152,0.5973252954451043,0.5845415269472323,0.49553585098358055,6177.0,1925.0
1,0.9950000047683718,0.9999931833960793,11.0,11.0,0.032278151690790596,0.9999931563030591,0.9952187104658649,0.9950000047683718,,,,,,,,,,,,,,,,,,,,,,,,,,,,,,,,,,,,,,,,,,,,,,,,,,,,,,,,,,,,,,,,,,,,,,,,,,,,,,,,,,,,,,,,,,,,,,,,,,,,,,,,,,,,,,,2189.0,2189.0,0.7854183061017517,0.6742157731690366,992.0,1183.0,0.667163495018019,0.59044259344393,0.5765908526075855,0.48542333192588216,6093.0,1868.0
2,0.997500002384186,0.9999999837441879,6.0,5.0,0.023989904352717778,0.999999989162792,0.9977651834487916,0.9972727298736574,,,,,,,,,,,,,,,,,,,,,,,,,,,,,,,,,,,,,,,,,,,,,,,,,,,,,,,,,,,,,,,,,,,,,,,,,,,,,,,,,,,,,,,,,,,,,,,,,,,,,,,,,,,,,,,2195.0,2194.0,0.7811760083605385,0.6720001191582939,1011.0,1207.0,0.6936094908781744,0.5870375071652969,0.5716219298841451,0.4814438309223519,6069.0,1849.0
3,0.9986363649368288,0.9999999674883756,2.0,4.0,0.01974662586453963,0.9999999945813961,0.9982174689119514,0.999090909957886,,,,,,,,,,,,,,,,,,,,,,,,,,,,,,,,,,,,,,,,,,,,,,,,,,,,,,,,,,,,,,,,,,,,,,,,,,,,,,,,,,,,,,,,,,,,,,,,,,,,,,,,,,,,,,,2196.0,2198.0,0.7801894234124375,0.6704189728213372,1018.0,1210.0,0.7062840128887424,0.5840429779150962,0.5679917618479424,0.47736938338911994,6066.0,1842.0
4,0.999090909957886,0.9999999837441877,1.0,3.0,0.017096196171742947,0.9999999945813961,0.9986565167253669,0.9995454549789431,,,,,,,,,,,,,,,,,,,,,,,,,,,,,,,,,,,,,,,,,,,,,,,,,,,,,,,,,,,,,,,,,,,,,,,,,,,,,,,,,,,,,,,,,,,,,,,,,,,,,,,,,,,,,,,2197.0,2199.0,0.7795974716908741,0.6698056693470376,1019.0,1215.0,0.7136206288794704,0.5822815417231963,0.5641519540440124,0.4761962973304687,6061.0,1841.0
5,0.999090909957886,1.0,1.0,3.0,0.015183951822532848,0.999999989162792,0.9986565167253669,0.9995454549789431,,,,,,,,,,,,,,,,,,,,,,,,,,,,,,,,,,,,,,,,,,,,,,,,,,,,,,,,,,,,,,,,,,,,,,,,,,,,,,,,,,,,,,,,,,,,,,,,,,,,,,,,,,,,,,,2197.0,2199.0,0.7801894194372263,0.6691594419746579,1016.0,1212.0,0.7194383368716133,0.580438675366242,0.5644850877437803,0.47722161748838315,6064.0,1844.0
