,accuracy,auc,false_negatives,false_positives,loss,pr,precision,recall,subject_107_accuracy,subject_107_auc,subject_107_false_negatives,subject_107_false_positives,subject_107_loss,subject_107_pr,subject_107_precision,subject_107_recall,subject_107_true_negatives,subject_107_true_positives,subject_109_accuracy,subject_109_auc,subject_109_false_negatives,subject_109_false_positives,subject_109_loss,subject_109_pr,subject_109_precision,subject_109_recall,subject_109_true_negatives,subject_109_true_positives,subject_115_accuracy,subject_115_auc,subject_115_false_negatives,subject_115_false_positives,subject_115_loss,subject_115_pr,subject_115_precision,subject_115_recall,subject_115_true_negatives,subject_115_true_positives,subject_120_accuracy,subject_120_auc,subject_120_false_negatives,subject_120_false_positives,subject_120_loss,subject_120_pr,subject_120_precision,subject_120_recall,subject_120_true_negatives,subject_120_true_positives,subject_43_accuracy,subject_43_auc,subject_43_false_negatives,subject_43_false_positives,subject_43_loss,subject_43_pr,subject_43_precision,subject_43_recall,subject_43_true_negatives,subject_43_true_positives,subject_48_accuracy,subject_48_auc,subject_48_false_negatives,subject_48_false_positives,subject_48_loss,subject_48_pr,subject_48_precision,subject_48_recall,subject_48_true_negatives,subject_48_true_positives,subject_52_accuracy,subject_52_auc,subject_52_false_negatives,subject_52_false_positives,subject_52_loss,subject_52_pr,subject_52_precision,subject_52_recall,subject_52_true_negatives,subject_52_true_positives,subject_59_accuracy,subject_59_auc,subject_59_false_negatives,subject_59_false_positives,subject_59_loss,subject_59_pr,subject_59_precision,subject_59_recall,subject_59_true_negatives,subject_59_true_positives,subject_64_accuracy,subject_64_auc,subject_64_false_negatives,subject_64_false_positives,subject_64_loss,subject_64_pr,subject_64_precision,subject_64_recall,subject_64_true_negatives,subject_64_true_positives,subject_80_accuracy,subject_80_auc,subject_80_false_negatives,subject_80_false_positives,subject_80_loss,subject_80_pr,subject_80_precision,subject_80_recall,subject_80_true_negatives,subject_80_true_positives,subject_92_accuracy,subject_92_auc,subject_92_false_negatives,subject_92_false_positives,subject_92_loss,subject_92_pr,subject_92_precision,subject_92_recall,subject_92_true_negatives,subject_92_true_positives,subject_96_accuracy,subject_96_auc,subject_96_false_negatives,subject_96_false_positives,subject_96_loss,subject_96_pr,subject_96_precision,subject_96_recall,subject_96_true_negatives,subject_96_true_positives,true_negatives,true_positives,val_accuracy,val_auc,val_false_negatives,val_false_positives,val_loss,val_pr,val_precision,val_recall,val_true_negatives,val_true_positives
0,0.9933333347241085,0.9998812327782313,28.0,4.0,0.028385576519261428,0.9998804479837419,0.9982971151669822,0.98833333949248,,,,,,,,,,,,,,,,,,,,,,,,,,,,,,,,,,,,,,,,,,,,,,,,,,,,,,,,,,,,,,,,,,,,,,,,,,,,,,,,,,,,,,,,,,,,,,,,,,,,,,,,,,,,,,,,,,,,,,,,,2396.0,2372.0,0.8752934099502966,0.6111590822397823,151.0,274.0,0.8561716650345116,0.11763022438636128,0.15039905868995357,0.2601392457628964,2926.0,57.0
1,0.99645833671093,0.9999781250953675,14.0,3.0,0.020569475659091643,0.9999778966108958,0.9987431367238364,0.9941666672627132,,,,,,,,,,,,,,,,,,,,,,,,,,,,,,,,,,,,,,,,,,,,,,,,,,,,,,,,,,,,,,,,,,,,,,,,,,,,,,,,,,,,,,,,,,,,,,,,,,,,,,,,,,,,,,,,,,,,,,,,,2397.0,2386.0,0.8747065678028993,0.6100632155865011,149.0,278.0,0.8444527603374049,0.11827319640089089,0.15200239760984838,0.2692941666095399,2922.0,59.0
2,0.9972916692495347,0.9999937117099762,11.0,2.0,0.01705347303611537,0.9999937266111375,0.9991749177376431,0.9954166710376741,,,,,,,,,,,,,,,,,,,,,,,,,,,,,,,,,,,,,,,,,,,,,,,,,,,,,,,,,,,,,,,,,,,,,,,,,,,,,,,,,,,,,,,,,,,,,,,,,,,,,,,,,,,,,,,,,,,,,,,,,2398.0,2389.0,0.8747065678028993,0.6105583278645932,148.0,279.0,0.8431879734258909,0.1186751171316899,0.15307384944507774,0.2738716434031515,2921.0,60.0
3,0.9985416680574418,0.9999968359867731,5.0,2.0,0.014948268281295895,0.9999969005584717,0.9991749177376431,0.9979166686534883,,,,,,,,,,,,,,,,,,,,,,,,,,,,,,,,,,,,,,,,,,,,,,,,,,,,,,,,,,,,,,,,,,,,,,,,,,,,,,,,,,,,,,,,,,,,,,,,,,,,,,,,,,,,,,,,,,,,,,,,,2398.0,2395.0,0.8749999979012449,0.6112584299604658,148.0,278.0,0.8439614696932646,0.11896948605565957,0.16422408352225598,0.2738716434031515,2922.0,60.0
4,0.9989583343267442,0.9999989320834478,3.0,2.0,0.013445307825847217,0.9999989519516628,0.9991749177376431,0.998750001192093,,,,,,,,,,,,,,,,,,,,,,,,,,,,,,,,,,,,,,,,,,,,,,,,,,,,,,,,,,,,,,,,,,,,,,,,,,,,,,,,,,,,,,,,,,,,,,,,,,,,,,,,,,,,,,,,,,,,,,,,,2398.0,2397.0,0.8747065768275463,0.6111634430331243,149.0,278.0,0.8440208445892596,0.11905064286900238,0.16286272204048197,0.2692941666095399,2922.0,59.0
5,0.9991666674613954,0.9999989420175552,2.0,2.0,0.012364119545867046,0.9999989420175552,0.9991749177376431,0.9991666674613954,,,,,,,,,,,,,,,,,,,,,,,,,,,,,,,,,,,,,,,,,,,,,,,,,,,,,,,,,,,,,,,,,,,,,,,,,,,,,,,,,,,,,,,,,,,,,,,,,,,,,,,,,,,,,,,,,,,,,,,,,2398.0,2398.0,0.8749999979012449,0.6111287602656325,149.0,277.0,0.8444283458582145,0.11916546995790911,0.16315263168702665,0.2692941666095399,2923.0,59.0
6,0.9991666674613954,0.9999989519516627,2.0,2.0,0.011488566669480255,0.9999989420175553,0.9991749177376431,0.9991666674613954,,,,,,,,,,,,,,,,,,,,,,,,,,,,,,,,,,,,,,,,,,,,,,,,,,,,,,,,,,,,,,,,,,,,,,,,,,,,,,,,,,,,,,,,,,,,,,,,,,,,,,,,,,,,,,,,,,,,,,,,,2398.0,2398.0,0.8750000069258919,0.6114213168621063,150.0,276.0,0.8445738225469165,0.11869338149545898,0.178505121192462,0.2647167061862182,2924.0,58.0
7,0.9993750005960466,0.9999989469846091,1.0,2.0,0.010782323252254476,0.9999989469846091,0.9991749177376431,0.9995833337306977,,,,,,,,,,,,,,,,,,,,,,,,,,,,,,,,,,,,,,,,,,,,,,,,,,,,,,,,,,,,,,,,,,,,,,,,,,,,,,,,,,,,,,,,,,,,,,,,,,,,,,,,,,,,,,,,,,,,,,,,,2398.0,2399.0,0.8750000069258919,0.6116214646420008,151.0,275.0,0.8447539166876927,0.11861067464653874,0.1774089665899814,0.2601392457628964,2925.0,57.0
