,accuracy,auc,false_negatives,false_positives,loss,pr,precision,recall,subject_107_accuracy,subject_107_auc,subject_107_false_negatives,subject_107_false_positives,subject_107_loss,subject_107_pr,subject_107_precision,subject_107_recall,subject_107_true_negatives,subject_107_true_positives,subject_109_accuracy,subject_109_auc,subject_109_false_negatives,subject_109_false_positives,subject_109_loss,subject_109_pr,subject_109_precision,subject_109_recall,subject_109_true_negatives,subject_109_true_positives,subject_115_accuracy,subject_115_auc,subject_115_false_negatives,subject_115_false_positives,subject_115_loss,subject_115_pr,subject_115_precision,subject_115_recall,subject_115_true_negatives,subject_115_true_positives,subject_120_accuracy,subject_120_auc,subject_120_false_negatives,subject_120_false_positives,subject_120_loss,subject_120_pr,subject_120_precision,subject_120_recall,subject_120_true_negatives,subject_120_true_positives,subject_43_accuracy,subject_43_auc,subject_43_false_negatives,subject_43_false_positives,subject_43_loss,subject_43_pr,subject_43_precision,subject_43_recall,subject_43_true_negatives,subject_43_true_positives,subject_48_accuracy,subject_48_auc,subject_48_false_negatives,subject_48_false_positives,subject_48_loss,subject_48_pr,subject_48_precision,subject_48_recall,subject_48_true_negatives,subject_48_true_positives,subject_52_accuracy,subject_52_auc,subject_52_false_negatives,subject_52_false_positives,subject_52_loss,subject_52_pr,subject_52_precision,subject_52_recall,subject_52_true_negatives,subject_52_true_positives,subject_59_accuracy,subject_59_auc,subject_59_false_negatives,subject_59_false_positives,subject_59_loss,subject_59_pr,subject_59_precision,subject_59_recall,subject_59_true_negatives,subject_59_true_positives,subject_64_accuracy,subject_64_auc,subject_64_false_negatives,subject_64_false_positives,subject_64_loss,subject_64_pr,subject_64_precision,subject_64_recall,subject_64_true_negatives,subject_64_true_positives,subject_80_accuracy,subject_80_auc,subject_80_false_negatives,subject_80_false_positives,subject_80_loss,subject_80_pr,subject_80_precision,subject_80_recall,subject_80_true_negatives,subject_80_true_positives,subject_92_accuracy,subject_92_auc,subject_92_false_negatives,subject_92_false_positives,subject_92_loss,subject_92_pr,subject_92_precision,subject_92_recall,subject_92_true_negatives,subject_92_true_positives,subject_96_accuracy,subject_96_auc,subject_96_false_negatives,subject_96_false_positives,subject_96_loss,subject_96_pr,subject_96_precision,subject_96_recall,subject_96_true_negatives,subject_96_true_positives,true_negatives,true_positives,val_accuracy,val_auc,val_false_negatives,val_false_positives,val_loss,val_pr,val_precision,val_recall,val_true_negatives,val_true_positives
0,0.9912500033775966,0.9999020745356878,25.0,17.0,0.03499239798945686,0.9999042501052221,0.9931720842917762,0.9895833333333334,,,,,,,,,,,,,,,,,,,,,,,,,,,,,,,,,,,,,,,,,,,,,,,,,,,,,,,,,,,,,,,,,,,,,,,,,,,,,,,,,,,,,,,,,,,,,,,,,,,,,,,,,,,,,,,,,,,,,,,,,2383.0,2375.0,0.8726525909044374,0.6068414346852773,148.0,286.0,0.9489088378373333,0.12138625717079135,0.09525360041101213,0.2746478873239437,2914.0,60.0
1,0.9954166710376741,0.9999979237715403,11.0,11.0,0.025000369891058655,0.9999978989362718,0.9956171512603761,0.9954166660706203,,,,,,,,,,,,,,,,,,,,,,,,,,,,,,,,,,,,,,,,,,,,,,,,,,,,,,,,,,,,,,,,,,,,,,,,,,,,,,,,,,,,,,,,,,,,,,,,,,,,,,,,,,,,,,,,,,,,,,,,,2389.0,2389.0,0.8732394330518347,0.6109478419095697,149.0,283.0,0.9381398356474823,0.1260599316635602,0.09476155042648315,0.2700704269006219,2917.0,59.0
2,0.9968750029802323,1.0000000596046448,6.0,9.0,0.020612824755565574,0.9999999900658926,0.9964114824930829,0.9975000023841859,,,,,,,,,,,,,,,,,,,,,,,,,,,,,,,,,,,,,,,,,,,,,,,,,,,,,,,,,,,,,,,,,,,,,,,,,,,,,,,,,,,,,,,,,,,,,,,,,,,,,,,,,,,,,,,,,,,,,,,,,2391.0,2394.0,0.8735328868661127,0.6114598422403067,149.0,282.0,0.9401511860297591,0.12703969392558218,0.09503944428034232,0.2700704269006219,2918.0,59.0
3,0.9977083355188371,1.0000000099341075,4.0,7.0,0.018004005004962288,1.0,0.9971819669008256,0.9983333349227906,,,,,,,,,,,,,,,,,,,,,,,,,,,,,,,,,,,,,,,,,,,,,,,,,,,,,,,,,,,,,,,,,,,,,,,,,,,,,,,,,,,,,,,,,,,,,,,,,,,,,,,,,,,,,,,,,,,,,,,,,2393.0,2396.0,0.872946011978136,0.6121946008692325,148.0,285.0,0.9442078132650207,0.12788742214021548,0.09552970171814233,0.2746478873239437,2915.0,60.0
4,0.9983333349227906,0.9999999950329463,3.0,5.0,0.01610103591422861,0.9999999850988389,0.9979674816131593,0.998750001192093,,,,,,,,,,,,,,,,,,,,,,,,,,,,,,,,,,,,,,,,,,,,,,,,,,,,,,,,,,,,,,,,,,,,,,,,,,,,,,,,,,,,,,,,,,,,,,,,,,,,,,,,,,,,,,,,,,,,,,,,,2395.0,2397.0,0.8726525909044374,0.6127797264448354,148.0,286.0,0.9475072004806093,0.12669374316301144,0.09525360041101213,0.2746478873239437,2914.0,60.0
5,0.998750001192093,0.9999999900658927,3.0,3.0,0.014656328779722873,1.0000000099341075,0.9987684736649197,0.998750001192093,,,,,,,,,,,,,,,,,,,,,,,,,,,,,,,,,,,,,,,,,,,,,,,,,,,,,,,,,,,,,,,,,,,,,,,,,,,,,,,,,,,,,,,,,,,,,,,,,,,,,,,,,,,,,,,,,,,,,,,,,2397.0,2397.0,0.8717722949427618,0.6130623953862929,149.0,288.0,0.9507624099332787,0.12694618945390407,0.09339611274255834,0.2700704269006219,2912.0,59.0
6,0.998750001192093,1.0000000149011612,3.0,3.0,0.01352192087021346,0.9999999900658927,0.9987684736649197,0.998750001192093,,,,,,,,,,,,,,,,,,,,,,,,,,,,,,,,,,,,,,,,,,,,,,,,,,,,,,,,,,,,,,,,,,,,,,,,,,,,,,,,,,,,,,,,,,,,,,,,,,,,,,,,,,,,,,,,,,,,,,,,,2397.0,2397.0,0.87206574875704,0.6114754471140847,149.0,287.0,0.9533203145994109,0.1263662837445736,0.09366604245044816,0.2700704269006219,2913.0,59.0
