,accuracy,auc,false_negatives,false_positives,loss,pr,precision,recall,subject_107_accuracy,subject_107_auc,subject_107_false_negatives,subject_107_false_positives,subject_107_loss,subject_107_pr,subject_107_precision,subject_107_recall,subject_107_true_negatives,subject_107_true_positives,subject_115_accuracy,subject_115_auc,subject_115_false_negatives,subject_115_false_positives,subject_115_loss,subject_115_pr,subject_115_precision,subject_115_recall,subject_115_true_negatives,subject_115_true_positives,subject_120_accuracy,subject_120_auc,subject_120_false_negatives,subject_120_false_positives,subject_120_loss,subject_120_pr,subject_120_precision,subject_120_recall,subject_120_true_negatives,subject_120_true_positives,subject_43_accuracy,subject_43_auc,subject_43_false_negatives,subject_43_false_positives,subject_43_loss,subject_43_pr,subject_43_precision,subject_43_recall,subject_43_true_negatives,subject_43_true_positives,subject_52_accuracy,subject_52_auc,subject_52_false_negatives,subject_52_false_positives,subject_52_loss,subject_52_pr,subject_52_precision,subject_52_recall,subject_52_true_negatives,subject_52_true_positives,subject_64_accuracy,subject_64_auc,subject_64_false_negatives,subject_64_false_positives,subject_64_loss,subject_64_pr,subject_64_precision,subject_64_recall,subject_64_true_negatives,subject_64_true_positives,subject_80_accuracy,subject_80_auc,subject_80_false_negatives,subject_80_false_positives,subject_80_loss,subject_80_pr,subject_80_precision,subject_80_recall,subject_80_true_negatives,subject_80_true_positives,subject_92_accuracy,subject_92_auc,subject_92_false_negatives,subject_92_false_positives,subject_92_loss,subject_92_pr,subject_92_precision,subject_92_recall,subject_92_true_negatives,subject_92_true_positives,true_negatives,true_positives,val_accuracy,val_auc,val_false_negatives,val_false_positives,val_loss,val_pr,val_precision,val_recall,val_true_negatives,val_true_positives
0,0.8871874958276749,0.9889562427997589,176.0,185.0,0.31655852537602186,0.9853267818689346,0.9305026978254318,0.8900000005960464,,,,,,,,,,,,,,,,,,,,,,,,,,,,,,,,,,,,,,,,,,,,,,,,,,,,,,,,,,,,,,,,,,,,,,,,,,,,,,,,,1415.0,1424.0,0.8008444740435003,0.3966844619620778,861.0,1403.0,0.5544212268624922,0.31319887882896835,0.2720858851719037,0.28404010967059845,7389.0,1715.0
1,0.9521875008940697,0.9993702992796898,41.0,112.0,0.12982502360828221,0.9993886202573776,0.9527401626110077,0.9743750020861626,,,,,,,,,,,,,,,,,,,,,,,,,,,,,,,,,,,,,,,,,,,,,,,,,,,,,,,,,,,,,,,,,,,,,,,,,,,,,,,,,1488.0,1559.0,0.7895848047431299,0.40057820392107985,947.0,1445.0,0.5822144217497847,0.31474123358265105,0.27644303050953933,0.27576481804702585,7347.0,1629.0
2,0.973750002682209,0.9999562427401543,21.0,63.0,0.08183667119592429,0.999957412481308,0.9693065583705902,0.9868749976158142,,,,,,,,,,,,,,,,,,,,,,,,,,,,,,,,,,,,,,,,,,,,,,,,,,,,,,,,,,,,,,,,,,,,,,,,,,,,,,,,,1537.0,1579.0,0.7834271672827354,0.4009592250817935,1012.0,1450.0,0.597442446685146,0.3146623397884362,0.2777428457763814,0.269001422713417,7342.0,1564.0
3,0.9818749949336052,0.9999968707561493,15.0,43.0,0.061176648272667083,0.9999968707561493,0.9778806567192078,0.9906250014901161,,,,,,,,,,,,,,,,,,,,,,,,,,,,,,,,,,,,,,,,,,,,,,,,,,,,,,,,,,,,,,,,,,,,,,,,,,,,,,,,,1557.0,1585.0,0.7815798713572003,0.4013518397443988,1047.0,1436.0,0.6028732665720081,0.31445335098958455,0.27918582749903664,0.2655735935892629,7356.0,1529.0
4,0.9853125065565109,1.0000000074505806,12.0,35.0,0.049362655112054205,1.0000000074505806,0.9813829809427261,0.9924999997019768,,,,,,,,,,,,,,,,,,,,,,,,,,,,,,,,,,,,,,,,,,,,,,,,,,,,,,,,,,,,,,,,,,,,,,,,,,,,,,,,,1565.0,1588.0,0.7804363121204523,0.4017697247839746,1061.0,1435.0,0.6059207337495176,0.31431358955396804,0.27915588138725955,0.26417928147093667,7357.0,1515.0
5,0.9887500032782555,0.9999999776482582,9.0,27.0,0.04167557182256132,1.0,0.9851321578025818,0.9943749979138374,,,,,,,,,,,,,,,,,,,,,,,,,,,,,,,,,,,,,,,,,,,,,,,,,,,,,,,,,,,,,,,,,,,,,,,,,,,,,,,,,1573.0,1591.0,0.7795566525113657,0.4027976595248075,1079.0,1427.0,0.6069287094122596,0.31428914043441536,0.2790653887011483,0.26221271438614574,7365.0,1497.0
