,accuracy,auc,false_negatives,false_positives,loss,pr,precision,recall,subject_107_accuracy,subject_107_auc,subject_107_false_negatives,subject_107_false_positives,subject_107_loss,subject_107_pr,subject_107_precision,subject_107_recall,subject_107_true_negatives,subject_107_true_positives,subject_109_accuracy,subject_109_auc,subject_109_false_negatives,subject_109_false_positives,subject_109_loss,subject_109_pr,subject_109_precision,subject_109_recall,subject_109_true_negatives,subject_109_true_positives,subject_115_accuracy,subject_115_auc,subject_115_false_negatives,subject_115_false_positives,subject_115_loss,subject_115_pr,subject_115_precision,subject_115_recall,subject_115_true_negatives,subject_115_true_positives,subject_120_accuracy,subject_120_auc,subject_120_false_negatives,subject_120_false_positives,subject_120_loss,subject_120_pr,subject_120_precision,subject_120_recall,subject_120_true_negatives,subject_120_true_positives,subject_43_accuracy,subject_43_auc,subject_43_false_negatives,subject_43_false_positives,subject_43_loss,subject_43_pr,subject_43_precision,subject_43_recall,subject_43_true_negatives,subject_43_true_positives,subject_48_accuracy,subject_48_auc,subject_48_false_negatives,subject_48_false_positives,subject_48_loss,subject_48_pr,subject_48_precision,subject_48_recall,subject_48_true_negatives,subject_48_true_positives,subject_52_accuracy,subject_52_auc,subject_52_false_negatives,subject_52_false_positives,subject_52_loss,subject_52_pr,subject_52_precision,subject_52_recall,subject_52_true_negatives,subject_52_true_positives,subject_59_accuracy,subject_59_auc,subject_59_false_negatives,subject_59_false_positives,subject_59_loss,subject_59_pr,subject_59_precision,subject_59_recall,subject_59_true_negatives,subject_59_true_positives,subject_64_accuracy,subject_64_auc,subject_64_false_negatives,subject_64_false_positives,subject_64_loss,subject_64_pr,subject_64_precision,subject_64_recall,subject_64_true_negatives,subject_64_true_positives,subject_80_accuracy,subject_80_auc,subject_80_false_negatives,subject_80_false_positives,subject_80_loss,subject_80_pr,subject_80_precision,subject_80_recall,subject_80_true_negatives,subject_80_true_positives,subject_92_accuracy,subject_92_auc,subject_92_false_negatives,subject_92_false_positives,subject_92_loss,subject_92_pr,subject_92_precision,subject_92_recall,subject_92_true_negatives,subject_92_true_positives,true_negatives,true_positives,val_accuracy,val_auc,val_false_negatives,val_false_positives,val_loss,val_pr,val_precision,val_recall,val_true_negatives,val_true_positives
0,0.9700000069358133,0.9992852048440414,14.0,118.0,0.07919810374775392,0.9992914308201183,0.9559575319290161,0.9936363642865963,,,,,,,,,,,,,,,,,,,,,,,,,,,,,,,,,,,,,,,,,,,,,,,,,,,,,,,,,,,,,,,,,,,,,,,,,,,,,,,,,,,,,,,,,,,,,,,,,,,,,,,,,,,,,,,2082.0,2186.0,0.8375766177550626,0.32399092348382924,593.0,785.0,0.46363814729838887,0.23506814044694302,0.18834709478669548,0.1678828764908834,6911.0,195.0
1,0.9847727309573783,0.9999954429539768,3.0,64.0,0.05356205505784601,0.9999954863028094,0.9768672151999042,0.9986363649368288,,,,,,,,,,,,,,,,,,,,,,,,,,,,,,,,,,,,,,,,,,,,,,,,,,,,,,,,,,,,,,,,,,,,,,,,,,,,,,,,,,,,,,,,,,,,,,,,,,,,,,,,,,,,,,,2136.0,2197.0,0.8242574287495035,0.320781991258088,622.0,869.0,0.5324654716711609,0.22934793713575036,0.18360236843188155,0.15802900957532898,6827.0,166.0
2,0.9884090911258353,0.999999989162792,2.0,49.0,0.04301602536854758,0.9999999945813961,0.9821102619171145,0.999090909957886,,,,,,,,,,,,,,,,,,,,,,,,,,,,,,,,,,,,,,,,,,,,,,,,,,,,,,,,,,,,,,,,,,,,,,,,,,,,,,,,,,,,,,,,,,,,,,,,,,,,,,,,,,,,,,,2151.0,2198.0,0.822371528121673,0.3189928362752851,632.0,875.0,0.5564842830412748,0.22330521446868307,0.18328518525840876,0.15444378450140533,6821.0,156.0
3,0.9904545437205924,1.0,1.0,41.0,0.036722040725448594,0.9999999783255838,0.9845341389829464,0.9995454549789431,,,,,,,,,,,,,,,,,,,,,,,,,,,,,,,,,,,,,,,,,,,,,,,,,,,,,,,,,,,,,,,,,,,,,,,,,,,,,,,,,,,,,,,,,,,,,,,,,,,,,,,,,,,,,,,2159.0,2199.0,0.821664310946098,0.31699527788139753,637.0,876.0,0.5689557608112057,0.2202417545164604,0.1744549483208373,0.1509436016594082,6820.0,151.0
4,0.9918181842023678,0.999999983744188,0.0,36.0,0.03251889455724846,0.9999999945813961,0.9861325133930555,1.0000000000000002,,,,,,,,,,,,,,,,,,,,,,,,,,,,,,,,,,,,,,,,,,,,,,,,,,,,,,,,,,,,,,,,,,,,,,,,,,,,,,,,,,,,,,,,,,,,,,,,,,,,,,,,,,,,,,,2164.0,2200.0,0.8219000417519605,0.31616965089413085,640.0,871.0,0.5768105712169185,0.21922889630758552,0.1658755050184366,0.14888341826830676,6825.0,148.0
5,0.9922727292234249,0.9999999837441877,0.0,34.0,0.029199871240522375,0.9999999945813962,0.9867909875783055,1.0000000000000002,,,,,,,,,,,,,,,,,,,,,,,,,,,,,,,,,,,,,,,,,,,,,,,,,,,,,,,,,,,,,,,,,,,,,,,,,,,,,,,,,,,,,,,,,,,,,,,,,,,,,,,,,,,,,,,2166.0,2200.0,0.8233144762436211,0.31378063080390634,642.0,857.0,0.5804209214390836,0.21494385975253633,0.16570128214522276,0.1483471114662656,6839.0,146.0
