,accuracy,auc,false_negatives,false_positives,loss,pr,precision,recall,subject_107_accuracy,subject_107_auc,subject_107_false_negatives,subject_107_false_positives,subject_107_loss,subject_107_pr,subject_107_precision,subject_107_recall,subject_107_true_negatives,subject_107_true_positives,subject_109_accuracy,subject_109_auc,subject_109_false_negatives,subject_109_false_positives,subject_109_loss,subject_109_pr,subject_109_precision,subject_109_recall,subject_109_true_negatives,subject_109_true_positives,subject_115_accuracy,subject_115_auc,subject_115_false_negatives,subject_115_false_positives,subject_115_loss,subject_115_pr,subject_115_precision,subject_115_recall,subject_115_true_negatives,subject_115_true_positives,subject_120_accuracy,subject_120_auc,subject_120_false_negatives,subject_120_false_positives,subject_120_loss,subject_120_pr,subject_120_precision,subject_120_recall,subject_120_true_negatives,subject_120_true_positives,subject_43_accuracy,subject_43_auc,subject_43_false_negatives,subject_43_false_positives,subject_43_loss,subject_43_pr,subject_43_precision,subject_43_recall,subject_43_true_negatives,subject_43_true_positives,subject_48_accuracy,subject_48_auc,subject_48_false_negatives,subject_48_false_positives,subject_48_loss,subject_48_pr,subject_48_precision,subject_48_recall,subject_48_true_negatives,subject_48_true_positives,subject_52_accuracy,subject_52_auc,subject_52_false_negatives,subject_52_false_positives,subject_52_loss,subject_52_pr,subject_52_precision,subject_52_recall,subject_52_true_negatives,subject_52_true_positives,subject_59_accuracy,subject_59_auc,subject_59_false_negatives,subject_59_false_positives,subject_59_loss,subject_59_pr,subject_59_precision,subject_59_recall,subject_59_true_negatives,subject_59_true_positives,subject_64_accuracy,subject_64_auc,subject_64_false_negatives,subject_64_false_positives,subject_64_loss,subject_64_pr,subject_64_precision,subject_64_recall,subject_64_true_negatives,subject_64_true_positives,subject_80_accuracy,subject_80_auc,subject_80_false_negatives,subject_80_false_positives,subject_80_loss,subject_80_pr,subject_80_precision,subject_80_recall,subject_80_true_negatives,subject_80_true_positives,subject_92_accuracy,subject_92_auc,subject_92_false_negatives,subject_92_false_positives,subject_92_loss,subject_92_pr,subject_92_precision,subject_92_recall,subject_92_true_negatives,subject_92_true_positives,true_negatives,true_positives,val_accuracy,val_auc,val_false_negatives,val_false_positives,val_loss,val_pr,val_precision,val_recall,val_true_negatives,val_true_positives
0,0.9661363580010155,0.9972670457579874,52.0,97.0,0.10251457158306783,0.9972491752017628,0.9600712927904996,0.9763636372306131,,,,,,,,,,,,,,,,,,,,,,,,,,,,,,,,,,,,,,,,,,,,,,,,,,,,,,,,,,,,,,,,,,,,,,,,,,,,,,,,,,,,,,,,,,,,,,,,,,,,,,,,,,,,,,,2103.0,2148.0,0.7755495504728626,0.3790054644252911,582.0,1746.0,0.8455679726437532,0.30999519001596276,0.27414073258626886,0.31015746889084955,7010.0,1034.0
1,0.9850000034679068,0.9998840689659119,9.0,57.0,0.06195798109200868,0.9998836896636271,0.9783447709950535,0.9959090948104861,,,,,,,,,,,,,,,,,,,,,,,,,,,,,,,,,,,,,,,,,,,,,,,,,,,,,,,,,,,,,,,,,,,,,,,,,,,,,,,,,,,,,,,,,,,,,,,,,,,,,,,,,,,,,,,2143.0,2191.0,0.7688006133737594,0.37690362811226485,643.0,1755.0,0.9635871646822456,0.30801211723341615,0.2742436964264534,0.30271017670953226,7001.0,973.0
2,0.987500001083721,0.9999852180480957,5.0,50.0,0.049161122270267116,0.9999852505597203,0.9815001216801732,0.9977272748947146,,,,,,,,,,,,,,,,,,,,,,,,,,,,,,,,,,,,,,,,,,,,,,,,,,,,,,,,,,,,,,,,,,,,,,,,,,,,,,,,,,,,,,,,,,,,,,,,,,,,,,,,,,,,,,,2150.0,2195.0,0.7668723468293429,0.3757375592299056,668.0,1750.0,1.02606845187851,0.30626353137611745,0.27558041515379766,0.2988562157978848,7006.0,948.0
3,0.9895454536784781,0.999999994581396,5.0,41.0,0.04152627027000893,0.9999999729069797,0.9843961975791239,0.9977272748947146,,,,,,,,,,,,,,,,,,,,,,,,,,,,,,,,,,,,,,,,,,,,,,,,,,,,,,,,,,,,,,,,,,,,,,,,,,,,,,,,,,,,,,,,,,,,,,,,,,,,,,,,,,,,,,,2159.0,2195.0,0.7658117974081464,0.3748733119480958,680.0,1749.0,1.062788314501431,0.3043633393693329,0.2765937166879685,0.2966168896599346,7007.0,936.0
4,0.9899999986995353,0.9999999837441879,5.0,39.0,0.03623213985257528,0.9999999945813961,0.9850328185341576,0.9977272748947146,,,,,,,,,,,,,,,,,,,,,,,,,,,,,,,,,,,,,,,,,,,,,,,,,,,,,,,,,,,,,,,,,,,,,,,,,,,,,,,,,,,,,,,,,,,,,,,,,,,,,,,,,,,,,,,2161.0,2195.0,0.7648476643500023,0.37370259634003966,690.0,1749.0,1.0924309569066089,0.3027240402028223,0.275264648250112,0.29295042827236945,7007.0,926.0
5,0.9913636391813107,0.9999999783255837,5.0,33.0,0.0322936147112738,0.9999999783255837,0.9871244647286157,0.9977272748947146,,,,,,,,,,,,,,,,,,,,,,,,,,,,,,,,,,,,,,,,,,,,,,,,,,,,,,,,,,,,,,,,,,,,,,,,,,,,,,,,,,,,,,,,,,,,,,,,,,,,,,,,,,,,,,,2167.0,2195.0,0.7641727738757645,0.37208170579107763,692.0,1754.0,1.1166138504822627,0.30140953800920073,0.2747294508119003,0.2924598057528421,7002.0,924.0
