,accuracy,auc,false_negatives,false_positives,loss,pr,precision,recall,subject_107_accuracy,subject_107_auc,subject_107_false_negatives,subject_107_false_positives,subject_107_loss,subject_107_pr,subject_107_precision,subject_107_recall,subject_107_true_negatives,subject_107_true_positives,subject_109_accuracy,subject_109_auc,subject_109_false_negatives,subject_109_false_positives,subject_109_loss,subject_109_pr,subject_109_precision,subject_109_recall,subject_109_true_negatives,subject_109_true_positives,subject_115_accuracy,subject_115_auc,subject_115_false_negatives,subject_115_false_positives,subject_115_loss,subject_115_pr,subject_115_precision,subject_115_recall,subject_115_true_negatives,subject_115_true_positives,subject_120_accuracy,subject_120_auc,subject_120_false_negatives,subject_120_false_positives,subject_120_loss,subject_120_pr,subject_120_precision,subject_120_recall,subject_120_true_negatives,subject_120_true_positives,subject_43_accuracy,subject_43_auc,subject_43_false_negatives,subject_43_false_positives,subject_43_loss,subject_43_pr,subject_43_precision,subject_43_recall,subject_43_true_negatives,subject_43_true_positives,subject_48_accuracy,subject_48_auc,subject_48_false_negatives,subject_48_false_positives,subject_48_loss,subject_48_pr,subject_48_precision,subject_48_recall,subject_48_true_negatives,subject_48_true_positives,subject_52_accuracy,subject_52_auc,subject_52_false_negatives,subject_52_false_positives,subject_52_loss,subject_52_pr,subject_52_precision,subject_52_recall,subject_52_true_negatives,subject_52_true_positives,subject_59_accuracy,subject_59_auc,subject_59_false_negatives,subject_59_false_positives,subject_59_loss,subject_59_pr,subject_59_precision,subject_59_recall,subject_59_true_negatives,subject_59_true_positives,subject_64_accuracy,subject_64_auc,subject_64_false_negatives,subject_64_false_positives,subject_64_loss,subject_64_pr,subject_64_precision,subject_64_recall,subject_64_true_negatives,subject_64_true_positives,subject_80_accuracy,subject_80_auc,subject_80_false_negatives,subject_80_false_positives,subject_80_loss,subject_80_pr,subject_80_precision,subject_80_recall,subject_80_true_negatives,subject_80_true_positives,subject_92_accuracy,subject_92_auc,subject_92_false_negatives,subject_92_false_positives,subject_92_loss,subject_92_pr,subject_92_precision,subject_92_recall,subject_92_true_negatives,subject_92_true_positives,true_negatives,true_positives,val_accuracy,val_auc,val_false_negatives,val_false_positives,val_loss,val_pr,val_precision,val_recall,val_true_negatives,val_true_positives
0,0.9736363725228745,0.9998318173668601,77.0,39.0,0.06912397525950588,0.9998302947391163,0.983932067047466,0.9649999954483727,,,,,,,,,,,,,,,,,,,,,,,,,,,,,,,,,,,,,,,,,,,,,,,,,,,,,,,,,,,,,,,,,,,,,,,,,,,,,,,,,,,,,,,,,,,,,,,,,,,,,,,,,,,,,,,2161.0,2123.0,0.8303078131922229,0.691689682787765,575.0,1145.0,0.5259946024951034,0.6108244319741145,0.5882522581408319,0.563945064028606,6131.0,2285.0
1,0.9913636391813107,0.9999954321167686,9.0,29.0,0.03842095469293947,0.9999954808842054,0.9884874929081312,0.9959090948104861,,,,,,,,,,,,,,,,,,,,,,,,,,,,,,,,,,,,,,,,,,,,,,,,,,,,,,,,,,,,,,,,,,,,,,,,,,,,,,,,,,,,,,,,,,,,,,,,,,,,,,,,,,,,,,,2171.0,2191.0,0.8217245457251428,0.6874580383300781,555.0,1252.0,0.6019646004914511,0.6020416614806078,0.5825692391715468,0.5660686207598555,6024.0,2305.0
2,0.9934090917760677,0.999999983744188,2.0,27.0,0.029471312156793744,1.0000000000000002,0.9891870238564233,0.999090909957886,,,,,,,,,,,,,,,,,,,,,,,,,,,,,,,,,,,,,,,,,,,,,,,,,,,,,,,,,,,,,,,,,,,,,,,,,,,,,,,,,,,,,,,,,,,,,,,,,,,,,,,,,,,,,,,2173.0,2198.0,0.8195540643434592,0.6841018290480197,562.0,1267.0,0.6321378758794279,0.5972160260886213,0.5813481138744219,0.5598645966379494,6009.0,2298.0
3,0.9945454543287106,1.0000000054186042,1.0,23.0,0.024598245917904105,0.999999983744188,0.9906237233768812,0.9995454549789431,,,,,,,,,,,,,,,,,,,,,,,,,,,,,,,,,,,,,,,,,,,,,,,,,,,,,,,,,,,,,,,,,,,,,,,,,,,,,,,,,,,,,,,,,,,,,,,,,,,,,,,,,,,,,,,2177.0,2199.0,0.8185674819357299,0.6824449955146898,569.0,1270.0,0.6456058596484189,0.5955630954363822,0.5822935352056349,0.5569522486207235,6006.0,2291.0
4,0.9956818168813534,0.999999989162792,0.0,19.0,0.021422763661566105,0.999999989162792,0.9921129074963658,1.0000000000000002,,,,,,,,,,,,,,,,,,,,,,,,,,,,,,,,,,,,,,,,,,,,,,,,,,,,,,,,,,,,,,,,,,,,,,,,,,,,,,,,,,,,,,,,,,,,,,,,,,,,,,,,,,,,,,,2181.0,2200.0,0.8184688234291588,0.6805880975092878,572.0,1268.0,0.6531202994204113,0.5941069437559892,0.5850152351438482,0.5563271061209306,6008.0,2288.0
5,0.9959090893918819,0.9999999783255838,0.0,18.0,0.019042636686936024,0.999999983744188,0.9924937432462521,1.0000000000000002,,,,,,,,,,,,,,,,,,,,,,,,,,,,,,,,,,,,,,,,,,,,,,,,,,,,,,,,,,,,,,,,,,,,,,,,,,,,,,,,,,,,,,,,,,,,,,,,,,,,,,,,,,,,,,,2182.0,2200.0,0.8186661316450881,0.6802686455923456,574.0,1264.0,0.6577138073474368,0.5929526921652769,0.5855452253438397,0.5561224057764732,6012.0,2286.0
