,accuracy,auc,false_negatives,false_positives,loss,pr,precision,recall,subject_107_accuracy,subject_107_auc,subject_107_false_negatives,subject_107_false_positives,subject_107_loss,subject_107_pr,subject_107_precision,subject_107_recall,subject_107_true_negatives,subject_107_true_positives,subject_109_accuracy,subject_109_auc,subject_109_false_negatives,subject_109_false_positives,subject_109_loss,subject_109_pr,subject_109_precision,subject_109_recall,subject_109_true_negatives,subject_109_true_positives,subject_115_accuracy,subject_115_auc,subject_115_false_negatives,subject_115_false_positives,subject_115_loss,subject_115_pr,subject_115_precision,subject_115_recall,subject_115_true_negatives,subject_115_true_positives,subject_120_accuracy,subject_120_auc,subject_120_false_negatives,subject_120_false_positives,subject_120_loss,subject_120_pr,subject_120_precision,subject_120_recall,subject_120_true_negatives,subject_120_true_positives,subject_43_accuracy,subject_43_auc,subject_43_false_negatives,subject_43_false_positives,subject_43_loss,subject_43_pr,subject_43_precision,subject_43_recall,subject_43_true_negatives,subject_43_true_positives,subject_48_accuracy,subject_48_auc,subject_48_false_negatives,subject_48_false_positives,subject_48_loss,subject_48_pr,subject_48_precision,subject_48_recall,subject_48_true_negatives,subject_48_true_positives,subject_52_accuracy,subject_52_auc,subject_52_false_negatives,subject_52_false_positives,subject_52_loss,subject_52_pr,subject_52_precision,subject_52_recall,subject_52_true_negatives,subject_52_true_positives,subject_59_accuracy,subject_59_auc,subject_59_false_negatives,subject_59_false_positives,subject_59_loss,subject_59_pr,subject_59_precision,subject_59_recall,subject_59_true_negatives,subject_59_true_positives,subject_64_accuracy,subject_64_auc,subject_64_false_negatives,subject_64_false_positives,subject_64_loss,subject_64_pr,subject_64_precision,subject_64_recall,subject_64_true_negatives,subject_64_true_positives,subject_80_accuracy,subject_80_auc,subject_80_false_negatives,subject_80_false_positives,subject_80_loss,subject_80_pr,subject_80_precision,subject_80_recall,subject_80_true_negatives,subject_80_true_positives,subject_92_accuracy,subject_92_auc,subject_92_false_negatives,subject_92_false_positives,subject_92_loss,subject_92_pr,subject_92_precision,subject_92_recall,subject_92_true_negatives,subject_92_true_positives,true_negatives,true_positives,val_accuracy,val_auc,val_false_negatives,val_false_positives,val_loss,val_pr,val_precision,val_recall,val_true_negatives,val_true_positives
0,0.677045464515686,0.726658821105957,804.0,617.0,1.1499520906535061,0.6581419110298157,0.6934922933578491,0.6345454454421997,,,,,,,,,,,,,,,,,,,,,,,,,,,,,,,,,,,,,,,,,,,,,,,,,,,,,,,,,,,,,,,,,,,,,,,,,,,,,,,,,,,,,,,,,,,,,,,,,,,,,,,,,,,,,,,1583.0,1396.0,0.7747782468795776,0.8143261671066284,660.0,1676.0,0.8812720018880412,0.31953391432762146,0.3632218837738037,0.5915841460227966,7080.0,956.0
1,0.6993181705474854,0.7543693780899048,711.0,612.0,0.9990077057751743,0.6965113878250122,0.7087101340293884,0.6768181920051575,,,,,,,,,,,,,,,,,,,,,,,,,,,,,,,,,,,,,,,,,,,,,,,,,,,,,,,,,,,,,,,,,,,,,,,,,,,,,,,,,,,,,,,,,,,,,,,,,,,,,,,,,,,,,,,1588.0,1489.0,0.7599306106567383,0.801527738571167,674.0,1816.0,0.850231746472404,0.3176940679550171,0.34155184030532837,0.5829207897186279,6940.0,942.0
2,0.710454523563385,0.775130033493042,668.0,606.0,0.9110802773995833,0.7287122011184692,0.716557502746582,0.696363627910614,,,,,,,,,,,,,,,,,,,,,,,,,,,,,,,,,,,,,,,,,,,,,,,,,,,,,,,,,,,,,,,,,,,,,,,,,,,,,,,,,,,,,,,,,,,,,,,,,,,,,,,,,,,,,,,1594.0,1532.0,0.7522175312042236,0.7900471687316895,697.0,1873.0,0.8350493340155722,0.3224889636039734,0.32915472984313965,0.5686880946159363,6883.0,919.0
3,0.7206818461418152,0.7919746041297913,634.0,595.0,0.8534418694539504,0.7588421106338501,0.7246645092964172,0.7118181586265564,,,,,,,,,,,,,,,,,,,,,,,,,,,,,,,,,,,,,,,,,,,,,,,,,,,,,,,,,,,,,,,,,,,,,,,,,,,,,,,,,,,,,,,,,,,,,,,,,,,,,,,,,,,,,,,1605.0,1566.0,0.7473004460334778,0.7806981205940247,720.0,1901.0,0.825434863130604,0.3254891633987427,0.3203432261943817,0.5544554591178894,6855.0,896.0
4,0.7247727513313293,0.8056604862213135,620.0,591.0,0.8128693656487899,0.7793303728103638,0.7277752161026001,0.7181817889213562,,,,,,,,,,,,,,,,,,,,,,,,,,,,,,,,,,,,,,,,,,,,,,,,,,,,,,,,,,,,,,,,,,,,,,,,,,,,,,,,,,,,,,,,,,,,,,,,,,,,,,,,,,,,,,,1609.0,1580.0,0.7440223693847656,0.7737165689468384,717.0,1938.0,0.8329912986803184,0.32629770040512085,0.31688404083251953,0.5563119053840637,6818.0,899.0
5,0.7300000190734863,0.8164268732070923,609.0,579.0,0.7817040495439009,0.7971560955047607,0.7331797480583191,0.7231818437576294,,,,,,,,,,,,,,,,,,,,,,,,,,,,,,,,,,,,,,,,,,,,,,,,,,,,,,,,,,,,,,,,,,,,,,,,,,,,,,,,,,,,,,,,,,,,,,,,,,,,,,,,,,,,,,,1621.0,1591.0,0.7421905398368835,0.7685863375663757,720.0,1954.0,0.8383686889151188,0.3272745609283447,0.31438595056533813,0.5544554591178894,6802.0,896.0
6,0.734318196773529,0.8264670968055725,602.0,567.0,0.756915026361292,0.8110219240188599,0.7381062507629395,0.7263636589050293,,,,,,,,,,,,,,,,,,,,,,,,,,,,,,,,,,,,,,,,,,,,,,,,,,,,,,,,,,,,,,,,,,,,,,,,,,,,,,,,,,,,,,,,,,,,,,,,,,,,,,,,,,,,,,,1633.0,1598.0,0.7405514717102051,0.7638095021247864,730.0,1961.0,0.846668548350439,0.3247409164905548,0.31120479106903076,0.5482673048973083,6795.0,886.0
7,0.7393181920051575,0.834736704826355,602.0,545.0,0.7347108798677271,0.8220261335372925,0.7456836104393005,0.7263636589050293,,,,,,,,,,,,,,,,,,,,,,,,,,,,,,,,,,,,,,,,,,,,,,,,,,,,,,,,,,,,,,,,,,,,,,,,,,,,,,,,,,,,,,,,,,,,,,,,,,,,,,,,,,,,,,,1655.0,1598.0,0.7379482984542847,0.7593668699264526,753.0,1965.0,0.8506873759623894,0.323208749294281,0.3051626682281494,0.5340346693992615,6791.0,863.0
8,0.7425000071525574,0.8419382572174072,596.0,537.0,0.7151495347239755,0.8308994770050049,0.7491826415061951,0.7290909290313721,,,,,,,,,,,,,,,,,,,,,,,,,,,,,,,,,,,,,,,,,,,,,,,,,,,,,,,,,,,,,,,,,,,,,,,,,,,,,,,,,,,,,,,,,,,,,,,,,,,,,,,,,,,,,,,1663.0,1604.0,0.7354415655136108,0.7552471160888672,766.0,1978.0,0.8582135029754904,0.32244232296943665,0.30056577920913696,0.5259901285171509,6778.0,850.0
