,accuracy,auc,false_negatives,false_positives,loss,pr,precision,recall,subject_107_accuracy,subject_107_auc,subject_107_false_negatives,subject_107_false_positives,subject_107_loss,subject_107_pr,subject_107_precision,subject_107_recall,subject_107_true_negatives,subject_107_true_positives,subject_109_accuracy,subject_109_auc,subject_109_false_negatives,subject_109_false_positives,subject_109_loss,subject_109_pr,subject_109_precision,subject_109_recall,subject_109_true_negatives,subject_109_true_positives,subject_115_accuracy,subject_115_auc,subject_115_false_negatives,subject_115_false_positives,subject_115_loss,subject_115_pr,subject_115_precision,subject_115_recall,subject_115_true_negatives,subject_115_true_positives,subject_120_accuracy,subject_120_auc,subject_120_false_negatives,subject_120_false_positives,subject_120_loss,subject_120_pr,subject_120_precision,subject_120_recall,subject_120_true_negatives,subject_120_true_positives,subject_43_accuracy,subject_43_auc,subject_43_false_negatives,subject_43_false_positives,subject_43_loss,subject_43_pr,subject_43_precision,subject_43_recall,subject_43_true_negatives,subject_43_true_positives,subject_48_accuracy,subject_48_auc,subject_48_false_negatives,subject_48_false_positives,subject_48_loss,subject_48_pr,subject_48_precision,subject_48_recall,subject_48_true_negatives,subject_48_true_positives,subject_52_accuracy,subject_52_auc,subject_52_false_negatives,subject_52_false_positives,subject_52_loss,subject_52_pr,subject_52_precision,subject_52_recall,subject_52_true_negatives,subject_52_true_positives,subject_59_accuracy,subject_59_auc,subject_59_false_negatives,subject_59_false_positives,subject_59_loss,subject_59_pr,subject_59_precision,subject_59_recall,subject_59_true_negatives,subject_59_true_positives,subject_64_accuracy,subject_64_auc,subject_64_false_negatives,subject_64_false_positives,subject_64_loss,subject_64_pr,subject_64_precision,subject_64_recall,subject_64_true_negatives,subject_64_true_positives,subject_80_accuracy,subject_80_auc,subject_80_false_negatives,subject_80_false_positives,subject_80_loss,subject_80_pr,subject_80_precision,subject_80_recall,subject_80_true_negatives,subject_80_true_positives,subject_92_accuracy,subject_92_auc,subject_92_false_negatives,subject_92_false_positives,subject_92_loss,subject_92_pr,subject_92_precision,subject_92_recall,subject_92_true_negatives,subject_92_true_positives,true_negatives,true_positives,val_accuracy,val_auc,val_false_negatives,val_false_positives,val_loss,val_pr,val_precision,val_recall,val_true_negatives,val_true_positives
0,0.6836363673210144,0.7990807890892029,778.0,614.0,0.8642863371155479,0.793052077293396,0.6984282732009888,0.6463636159896851,,,,,,,,,,,,,,,,,,,,,,,,,,,,,,,,,,,,,,,,,,,,,,,,,,,,,,,,,,,,,,,,,,,,,,,,,,,,,,,,,,,,,,,,,,,,,,,,,,,,,,,,,,,,,,,1586.0,1422.0,0.7735737562179565,0.7801841497421265,331.0,1590.0,0.6156814668427684,0.303181529045105,0.2232535481452942,0.5799492597579956,6106.0,457.0
1,0.6956818103790283,0.81023108959198,733.0,606.0,0.815602441701022,0.8112301230430603,0.7076700329780579,0.6668182015419006,,,,,,,,,,,,,,,,,,,,,,,,,,,,,,,,,,,,,,,,,,,,,,,,,,,,,,,,,,,,,,,,,,,,,,,,,,,,,,,,,,,,,,,,,,,,,,,,,,,,,,,,,,,,,,,1594.0,1467.0,0.7722772359848022,0.777498185634613,341.0,1591.0,0.6107020573009935,0.307478129863739,0.21933268010616302,0.567258894443512,6105.0,447.0
2,0.7006818056106567,0.8195754885673523,706.0,611.0,0.7793775890090249,0.8207209706306458,0.7097387313842773,0.6790909171104431,,,,,,,,,,,,,,,,,,,,,,,,,,,,,,,,,,,,,,,,,,,,,,,,,,,,,,,,,,,,,,,,,,,,,,,,,,,,,,,,,,,,,,,,,,,,,,,,,,,,,,,,,,,,,,,1589.0,1494.0,0.7677981853485107,0.7700199484825134,348.0,1622.0,0.6217169376500284,0.3022226095199585,0.21338506042957306,0.5583756566047668,6074.0,440.0
3,0.7102272510528564,0.8264813423156738,670.0,605.0,0.7531275955113498,0.8286392092704773,0.7166276574134827,0.6954545378684998,,,,,,,,,,,,,,,,,,,,,,,,,,,,,,,,,,,,,,,,,,,,,,,,,,,,,,,,,,,,,,,,,,,,,,,,,,,,,,,,,,,,,,,,,,,,,,,,,,,,,,,,,,,,,,,1595.0,1530.0,0.761197566986084,0.7620075941085815,357.0,1669.0,0.6374513144055552,0.2927659749984741,0.20523808896541595,0.546954333782196,6027.0,431.0
4,0.7124999761581421,0.833514928817749,659.0,606.0,0.7291857283765619,0.8364040851593018,0.7177457213401794,0.7004545331001282,,,,,,,,,,,,,,,,,,,,,,,,,,,,,,,,,,,,,,,,,,,,,,,,,,,,,,,,,,,,,,,,,,,,,,,,,,,,,,,,,,,,,,,,,,,,,,,,,,,,,,,,,,,,,,,1594.0,1541.0,0.7603724598884583,0.757102370262146,361.0,1672.0,0.6438341527292044,0.2864849865436554,0.2034302055835724,0.5418781638145447,6024.0,427.0
5,0.7193182110786438,0.8391208648681641,651.0,584.0,0.7107918544249101,0.8420748710632324,0.7262071967124939,0.7040908932685852,,,,,,,,,,,,,,,,,,,,,,,,,,,,,,,,,,,,,,,,,,,,,,,,,,,,,,,,,,,,,,,,,,,,,,,,,,,,,,,,,,,,,,,,,,,,,,,,,,,,,,,,,,,,,,,1616.0,1549.0,0.7613154053688049,0.7517735362052917,374.0,1651.0,0.6400344202879822,0.28125834465026855,0.2004842609167099,0.5253807306289673,6045.0,414.0
6,0.7272727489471436,0.8441925048828125,640.0,560.0,0.6925866612521084,0.8472872376441956,0.7358490824699402,0.7090908885002136,,,,,,,,,,,,,,,,,,,,,,,,,,,,,,,,,,,,,,,,,,,,,,,,,,,,,,,,,,,,,,,,,,,,,,,,,,,,,,,,,,,,,,,,,,,,,,,,,,,,,,,,,,,,,,,1640.0,1560.0,0.7622583508491516,0.7470242381095886,387.0,1630.0,0.6352202363904146,0.27623623609542847,0.19743968546390533,0.5088832378387451,6066.0,401.0
