,accuracy,auc,false_negatives,false_positives,loss,pr,precision,recall,subject_107_accuracy,subject_107_auc,subject_107_false_negatives,subject_107_false_positives,subject_107_loss,subject_107_pr,subject_107_precision,subject_107_recall,subject_107_true_negatives,subject_107_true_positives,subject_115_accuracy,subject_115_auc,subject_115_false_negatives,subject_115_false_positives,subject_115_loss,subject_115_pr,subject_115_precision,subject_115_recall,subject_115_true_negatives,subject_115_true_positives,subject_120_accuracy,subject_120_auc,subject_120_false_negatives,subject_120_false_positives,subject_120_loss,subject_120_pr,subject_120_precision,subject_120_recall,subject_120_true_negatives,subject_120_true_positives,subject_43_accuracy,subject_43_auc,subject_43_false_negatives,subject_43_false_positives,subject_43_loss,subject_43_pr,subject_43_precision,subject_43_recall,subject_43_true_negatives,subject_43_true_positives,subject_52_accuracy,subject_52_auc,subject_52_false_negatives,subject_52_false_positives,subject_52_loss,subject_52_pr,subject_52_precision,subject_52_recall,subject_52_true_negatives,subject_52_true_positives,subject_64_accuracy,subject_64_auc,subject_64_false_negatives,subject_64_false_positives,subject_64_loss,subject_64_pr,subject_64_precision,subject_64_recall,subject_64_true_negatives,subject_64_true_positives,subject_80_accuracy,subject_80_auc,subject_80_false_negatives,subject_80_false_positives,subject_80_loss,subject_80_pr,subject_80_precision,subject_80_recall,subject_80_true_negatives,subject_80_true_positives,subject_92_accuracy,subject_92_auc,subject_92_false_negatives,subject_92_false_positives,subject_92_loss,subject_92_pr,subject_92_precision,subject_92_recall,subject_92_true_negatives,subject_92_true_positives,true_negatives,true_positives,val_accuracy,val_auc,val_false_negatives,val_false_positives,val_loss,val_pr,val_precision,val_recall,val_true_negatives,val_true_positives
0,0.620312511920929,0.6870969533920288,862.0,353.0,1.3465176278352737,0.6276847124099731,0.6764436364173889,0.4612500071525574,,,,,,,,,,,,,,,,,,,,,,,,,,,,,,,,,,,,,,,,,,,,,,,,,,,,,,,,,,,,,,,,,,,,,,,,,,,,,,,,,1247.0,738.0,0.7890570163726807,0.8486406803131104,799.0,1599.0,0.6353644031682625,0.631385087966919,0.5263625383377075,0.6898291707038879,7193.0,1777.0
1,0.6324999928474426,0.7088893055915833,837.0,339.0,1.3319246309995652,0.6452012062072754,0.692377507686615,0.4768750071525574,,,,,,,,,,,,,,,,,,,,,,,,,,,,,,,,,,,,,,,,,,,,,,,,,,,,,,,,,,,,,,,,,,,,,,,,,,,,,,,,,1261.0,763.0,0.7932794094085693,0.8488468527793884,804.0,1546.0,0.6521994730393434,0.6436862349510193,0.5340566635131836,0.6878882050514221,7246.0,1772.0
2,0.6449999809265137,0.7259339690208435,801.0,335.0,1.3004585912823676,0.6592127084732056,0.7045855522155762,0.49937498569488525,,,,,,,,,,,,,,,,,,,,,,,,,,,,,,,,,,,,,,,,,,,,,,,,,,,,,,,,,,,,,,,,,,,,,,,,,,,,,,,,,1265.0,799.0,0.7946868538856506,0.8454813361167908,814.0,1520.0,0.6682776886285567,0.6439942121505737,0.5368677377700806,0.6840062141418457,7272.0,1762.0
3,0.6665624976158142,0.7405500411987305,751.0,316.0,1.279391886293888,0.6712256669998169,0.7287553548812866,0.5306249856948853,,,,,,,,,,,,,,,,,,,,,,,,,,,,,,,,,,,,,,,,,,,,,,,,,,,,,,,,,,,,,,,,,,,,,,,,,,,,,,,,,1284.0,849.0,0.7953905463218689,0.8450850248336792,800.0,1526.0,0.6804660822131804,0.6459682583808899,0.537855863571167,0.6894409656524658,7266.0,1776.0
4,0.6818749904632568,0.7516191601753235,714.0,304.0,1.2619717708230018,0.6808894276618958,0.7445378303527832,0.5537499785423279,,,,,,,,,,,,,,,,,,,,,,,,,,,,,,,,,,,,,,,,,,,,,,,,,,,,,,,,,,,,,,,,,,,,,,,,,,,,,,,,,1296.0,886.0,0.7962702512741089,0.8445765972137451,804.0,1512.0,0.6851940263248849,0.6464614868164062,0.5395858883857727,0.6878882050514221,7280.0,1772.0
5,0.692187488079071,0.7606927156448364,690.0,295.0,1.2542178440093994,0.6883224248886108,0.7551867365837097,0.5687500238418579,,,,,,,,,,,,,,,,,,,,,,,,,,,,,,,,,,,,,,,,,,,,,,,,,,,,,,,,,,,,,,,,,,,,,,,,,,,,,,,,,1305.0,910.0,0.7979415655136108,0.8443670868873596,801.0,1496.0,0.6892162080772908,0.647811233997345,0.5426474809646606,0.6890528202056885,7296.0,1775.0
