,accuracy,auc,false_negatives,false_positives,loss,pr,precision,recall,subject_107_accuracy,subject_107_auc,subject_107_false_negatives,subject_107_false_positives,subject_107_loss,subject_107_pr,subject_107_precision,subject_107_recall,subject_107_true_negatives,subject_107_true_positives,subject_109_accuracy,subject_109_auc,subject_109_false_negatives,subject_109_false_positives,subject_109_loss,subject_109_pr,subject_109_precision,subject_109_recall,subject_109_true_negatives,subject_109_true_positives,subject_115_accuracy,subject_115_auc,subject_115_false_negatives,subject_115_false_positives,subject_115_loss,subject_115_pr,subject_115_precision,subject_115_recall,subject_115_true_negatives,subject_115_true_positives,subject_120_accuracy,subject_120_auc,subject_120_false_negatives,subject_120_false_positives,subject_120_loss,subject_120_pr,subject_120_precision,subject_120_recall,subject_120_true_negatives,subject_120_true_positives,subject_43_accuracy,subject_43_auc,subject_43_false_negatives,subject_43_false_positives,subject_43_loss,subject_43_pr,subject_43_precision,subject_43_recall,subject_43_true_negatives,subject_43_true_positives,subject_48_accuracy,subject_48_auc,subject_48_false_negatives,subject_48_false_positives,subject_48_loss,subject_48_pr,subject_48_precision,subject_48_recall,subject_48_true_negatives,subject_48_true_positives,subject_52_accuracy,subject_52_auc,subject_52_false_negatives,subject_52_false_positives,subject_52_loss,subject_52_pr,subject_52_precision,subject_52_recall,subject_52_true_negatives,subject_52_true_positives,subject_59_accuracy,subject_59_auc,subject_59_false_negatives,subject_59_false_positives,subject_59_loss,subject_59_pr,subject_59_precision,subject_59_recall,subject_59_true_negatives,subject_59_true_positives,subject_64_accuracy,subject_64_auc,subject_64_false_negatives,subject_64_false_positives,subject_64_loss,subject_64_pr,subject_64_precision,subject_64_recall,subject_64_true_negatives,subject_64_true_positives,subject_80_accuracy,subject_80_auc,subject_80_false_negatives,subject_80_false_positives,subject_80_loss,subject_80_pr,subject_80_precision,subject_80_recall,subject_80_true_negatives,subject_80_true_positives,subject_92_accuracy,subject_92_auc,subject_92_false_negatives,subject_92_false_positives,subject_92_loss,subject_92_pr,subject_92_precision,subject_92_recall,subject_92_true_negatives,subject_92_true_positives,subject_96_accuracy,subject_96_auc,subject_96_false_negatives,subject_96_false_positives,subject_96_loss,subject_96_pr,subject_96_precision,subject_96_recall,subject_96_true_negatives,subject_96_true_positives,true_negatives,true_positives,val_accuracy,val_auc,val_false_negatives,val_false_positives,val_loss,val_pr,val_precision,val_recall,val_true_negatives,val_true_positives
0,0.7679166793823242,0.868857741355896,817.0,297.0,0.7283497977256775,0.8627274632453918,0.8420212864875793,0.659583330154419,,,,,,,,,,,,,,,,,,,,,,,,,,,,,,,,,,,,,,,,,,,,,,,,,,,,,,,,,,,,,,,,,,,,,,,,,,,,,,,,,,,,,,,,,,,,,,,,,,,,,,,,,,,,,,,,,,,,,,,,,2103.0,1583.0,0.9949841499328613,0.0,0.0,19.0,0.02720568251206983,0.0,0.0,0.0,3769.0,0.0
1,0.762708306312561,0.8749418258666992,865.0,274.0,0.7207759309808414,0.8695011138916016,0.8485351204872131,0.6395833492279053,,,,,,,,,,,,,,,,,,,,,,,,,,,,,,,,,,,,,,,,,,,,,,,,,,,,,,,,,,,,,,,,,,,,,,,,,,,,,,,,,,,,,,,,,,,,,,,,,,,,,,,,,,,,,,,,,,,,,,,,,2126.0,1535.0,0.9955121278762817,0.0,0.0,17.0,0.02251033228551605,0.0,0.0,0.0,3771.0,0.0
2,0.7618749737739563,0.8797535300254822,881.0,262.0,0.7074198013544083,0.8747825026512146,0.8528916239738464,0.6329166889190674,,,,,,,,,,,,,,,,,,,,,,,,,,,,,,,,,,,,,,,,,,,,,,,,,,,,,,,,,,,,,,,,,,,,,,,,,,,,,,,,,,,,,,,,,,,,,,,,,,,,,,,,,,,,,,,,,,,,,,,,,2138.0,1519.0,0.9955121278762817,0.0,0.0,17.0,0.020692261191598338,0.0,0.0,0.0,3771.0,0.0
3,0.7652083039283752,0.8834961652755737,865.0,262.0,0.6847437692681948,0.8792084455490112,0.8542014360427856,0.6395833492279053,,,,,,,,,,,,,,,,,,,,,,,,,,,,,,,,,,,,,,,,,,,,,,,,,,,,,,,,,,,,,,,,,,,,,,,,,,,,,,,,,,,,,,,,,,,,,,,,,,,,,,,,,,,,,,,,,,,,,,,,,2138.0,1535.0,0.9952481389045715,0.0,0.0,18.0,0.02126012131799929,0.0,0.0,0.0,3770.0,0.0
4,0.7695833444595337,0.8871946334838867,847.0,259.0,0.6601181256771088,0.883291482925415,0.8570640087127686,0.6470833420753479,,,,,,,,,,,,,,,,,,,,,,,,,,,,,,,,,,,,,,,,,,,,,,,,,,,,,,,,,,,,,,,,,,,,,,,,,,,,,,,,,,,,,,,,,,,,,,,,,,,,,,,,,,,,,,,,,,,,,,,,,2141.0,1553.0,0.9947201609611511,0.0,0.0,20.0,0.022303686759492663,0.0,0.0,0.0,3768.0,0.0
5,0.7754166722297668,0.8911707401275635,816.0,262.0,0.6313691426316898,0.8871262073516846,0.858071506023407,0.6600000262260437,,,,,,,,,,,,,,,,,,,,,,,,,,,,,,,,,,,,,,,,,,,,,,,,,,,,,,,,,,,,,,,,,,,,,,,,,,,,,,,,,,,,,,,,,,,,,,,,,,,,,,,,,,,,,,,,,,,,,,,,,2138.0,1584.0,0.9936642050743103,0.0,0.0,24.0,0.0243766869033796,0.0,0.0,0.0,3764.0,0.0
6,0.7795833349227905,0.8939585089683533,796.0,262.0,0.6122252747416497,0.8902794122695923,0.8595927357673645,0.6683333516120911,,,,,,,,,,,,,,,,,,,,,,,,,,,,,,,,,,,,,,,,,,,,,,,,,,,,,,,,,,,,,,,,,,,,,,,,,,,,,,,,,,,,,,,,,,,,,,,,,,,,,,,,,,,,,,,,,,,,,,,,,2138.0,1604.0,0.9931362271308899,0.0,0.0,26.0,0.025252209787494026,0.0,0.0,0.0,3762.0,0.0
7,0.7837499976158142,0.8964787721633911,775.0,263.0,0.592947219957908,0.8934845328330994,0.8606991767883301,0.6770833134651184,,,,,,,,,,,,,,,,,,,,,,,,,,,,,,,,,,,,,,,,,,,,,,,,,,,,,,,,,,,,,,,,,,,,,,,,,,,,,,,,,,,,,,,,,,,,,,,,,,,,,,,,,,,,,,,,,,,,,,,,,2137.0,1625.0,0.9926082491874695,0.0,0.0,28.0,0.02638883509111631,0.0,0.0,0.0,3760.0,0.0
