,accuracy,auc,false_negatives,false_positives,loss,pr,precision,recall,subject_107_accuracy,subject_107_auc,subject_107_false_negatives,subject_107_false_positives,subject_107_loss,subject_107_pr,subject_107_precision,subject_107_recall,subject_107_true_negatives,subject_107_true_positives,subject_109_accuracy,subject_109_auc,subject_109_false_negatives,subject_109_false_positives,subject_109_loss,subject_109_pr,subject_109_precision,subject_109_recall,subject_109_true_negatives,subject_109_true_positives,subject_115_accuracy,subject_115_auc,subject_115_false_negatives,subject_115_false_positives,subject_115_loss,subject_115_pr,subject_115_precision,subject_115_recall,subject_115_true_negatives,subject_115_true_positives,subject_120_accuracy,subject_120_auc,subject_120_false_negatives,subject_120_false_positives,subject_120_loss,subject_120_pr,subject_120_precision,subject_120_recall,subject_120_true_negatives,subject_120_true_positives,subject_43_accuracy,subject_43_auc,subject_43_false_negatives,subject_43_false_positives,subject_43_loss,subject_43_pr,subject_43_precision,subject_43_recall,subject_43_true_negatives,subject_43_true_positives,subject_48_accuracy,subject_48_auc,subject_48_false_negatives,subject_48_false_positives,subject_48_loss,subject_48_pr,subject_48_precision,subject_48_recall,subject_48_true_negatives,subject_48_true_positives,subject_52_accuracy,subject_52_auc,subject_52_false_negatives,subject_52_false_positives,subject_52_loss,subject_52_pr,subject_52_precision,subject_52_recall,subject_52_true_negatives,subject_52_true_positives,subject_59_accuracy,subject_59_auc,subject_59_false_negatives,subject_59_false_positives,subject_59_loss,subject_59_pr,subject_59_precision,subject_59_recall,subject_59_true_negatives,subject_59_true_positives,subject_64_accuracy,subject_64_auc,subject_64_false_negatives,subject_64_false_positives,subject_64_loss,subject_64_pr,subject_64_precision,subject_64_recall,subject_64_true_negatives,subject_64_true_positives,subject_80_accuracy,subject_80_auc,subject_80_false_negatives,subject_80_false_positives,subject_80_loss,subject_80_pr,subject_80_precision,subject_80_recall,subject_80_true_negatives,subject_80_true_positives,subject_92_accuracy,subject_92_auc,subject_92_false_negatives,subject_92_false_positives,subject_92_loss,subject_92_pr,subject_92_precision,subject_92_recall,subject_92_true_negatives,subject_92_true_positives,subject_96_accuracy,subject_96_auc,subject_96_false_negatives,subject_96_false_positives,subject_96_loss,subject_96_pr,subject_96_precision,subject_96_recall,subject_96_true_negatives,subject_96_true_positives,true_negatives,true_positives,val_accuracy,val_auc,val_false_negatives,val_false_positives,val_loss,val_pr,val_precision,val_recall,val_true_negatives,val_true_positives
0,0.9750000039736431,0.9998885492483774,113.0,7.0,0.0699534408786955,0.9998909036318461,0.9971072723468146,0.952916664381822,,,,,,,,,,,,,,,,,,,,,,,,,,,,,,,,,,,,,,,,,,,,,,,,,,,,,,,,,,,,,,,,,,,,,,,,,,,,,,,,,,,,,,,,,,,,,,,,,,,,,,,,,,,,,,,,,,,,,,,,,2393.0,2287.0,0.9881203801478353,0.0,0.0,45.0,0.0362282950621797,0.0,0.0,0.0,3743.0,0.0
1,0.9937500009934108,0.9999999850988388,30.0,0.0,0.022479285437924167,0.9999999801317851,1.0,0.9875000019868215,,,,,,,,,,,,,,,,,,,,,,,,,,,,,,,,,,,,,,,,,,,,,,,,,,,,,,,,,,,,,,,,,,,,,,,,,,,,,,,,,,,,,,,,,,,,,,,,,,,,,,,,,,,,,,,,,,,,,,,,,2400.0,2370.0,0.9897043305943862,0.0,0.0,39.0,0.029100609254628568,0.0,0.0,0.0,3749.0,0.0
2,1.0,0.9999999850988389,0.0,0.0,0.010577498603379355,1.0000000149011612,1.0,1.0,,,,,,,,,,,,,,,,,,,,,,,,,,,,,,,,,,,,,,,,,,,,,,,,,,,,,,,,,,,,,,,,,,,,,,,,,,,,,,,,,,,,,,,,,,,,,,,,,,,,,,,,,,,,,,,,,,,,,,,,,2400.0,2400.0,0.9920802522989614,0.0,0.0,30.0,0.025865516324840788,0.0,0.0,0.0,3758.0,0.0
3,1.0,0.9999999602635701,0.0,0.0,0.00681563420764481,0.9999999950329463,1.0,1.0,,,,,,,,,,,,,,,,,,,,,,,,,,,,,,,,,,,,,,,,,,,,,,,,,,,,,,,,,,,,,,,,,,,,,,,,,,,,,,,,,,,,,,,,,,,,,,,,,,,,,,,,,,,,,,,,,,,,,,,,,2400.0,2400.0,0.9926082348999781,0.0,0.0,28.0,0.0243963390136099,0.0,0.0,0.0,3760.0,0.0
4,1.0,0.9999999701976776,0.0,0.0,0.005289426471184318,0.9999999850988389,1.0,1.0,,,,,,,,,,,,,,,,,,,,,,,,,,,,,,,,,,,,,,,,,,,,,,,,,,,,,,,,,,,,,,,,,,,,,,,,,,,,,,,,,,,,,,,,,,,,,,,,,,,,,,,,,,,,,,,,,,,,,,,,,2400.0,2400.0,0.9926082348999781,0.0,0.0,28.0,0.023762848440102503,0.0,0.0,0.0,3760.0,0.0
5,1.0,1.0,0.0,0.0,0.004471740800654516,0.9999999801317851,1.0,1.0,,,,,,,,,,,,,,,,,,,,,,,,,,,,,,,,,,,,,,,,,,,,,,,,,,,,,,,,,,,,,,,,,,,,,,,,,,,,,,,,,,,,,,,,,,,,,,,,,,,,,,,,,,,,,,,,,,,,,,,,,2400.0,2400.0,0.9926082348999781,0.0,0.0,28.0,0.023371559860370535,0.0,0.0,0.0,3760.0,0.0
6,1.0,0.9999999751647314,0.0,0.0,0.003915888154879212,0.9999999950329465,1.0,1.0,,,,,,,,,,,,,,,,,,,,,,,,,,,,,,,,,,,,,,,,,,,,,,,,,,,,,,,,,,,,,,,,,,,,,,,,,,,,,,,,,,,,,,,,,,,,,,,,,,,,,,,,,,,,,,,,,,,,,,,,,2400.0,2400.0,0.992344246054149,0.0,0.0,29.0,0.023135237576486813,0.0,0.0,0.0,3759.0,0.0
7,1.0,1.0,0.0,0.0,0.003514782650551448,1.0000000049670539,1.0,1.0,,,,,,,,,,,,,,,,,,,,,,,,,,,,,,,,,,,,,,,,,,,,,,,,,,,,,,,,,,,,,,,,,,,,,,,,,,,,,,,,,,,,,,,,,,,,,,,,,,,,,,,,,,,,,,,,,,,,,,,,,2400.0,2400.0,0.992344246054149,0.0,0.0,29.0,0.022931071967680655,0.0,0.0,0.0,3759.0,0.0
8,1.0,1.0,0.0,0.0,0.0031965407455572855,1.0,1.0,1.0,,,,,,,,,,,,,,,,,,,,,,,,,,,,,,,,,,,,,,,,,,,,,,,,,,,,,,,,,,,,,,,,,,,,,,,,,,,,,,,,,,,,,,,,,,,,,,,,,,,,,,,,,,,,,,,,,,,,,,,,,2400.0,2400.0,0.9928722254452007,0.0,0.0,27.0,0.022700391567128154,0.0,0.0,0.0,3761.0,0.0
9,1.0,1.0000000149011612,0.0,0.0,0.002945861135958694,1.0,1.0,1.0,,,,,,,,,,,,,,,,,,,,,,,,,,,,,,,,,,,,,,,,,,,,,,,,,,,,,,,,,,,,,,,,,,,,,,,,,,,,,,,,,,,,,,,,,,,,,,,,,,,,,,,,,,,,,,,,,,,,,,,,,2400.0,2400.0,0.9928722254452007,0.0,0.0,27.0,0.02264269510125916,0.0,0.0,0.0,3761.0,0.0
10,1.0,0.9999999950329463,0.0,0.0,0.00273033509690625,0.9999999950329465,1.0,1.0,,,,,,,,,,,,,,,,,,,,,,,,,,,,,,,,,,,,,,,,,,,,,,,,,,,,,,,,,,,,,,,,,,,,,,,,,,,,,,,,,,,,,,,,,,,,,,,,,,,,,,,,,,,,,,,,,,,,,,,,,2400.0,2400.0,0.9928722254452007,0.0,0.0,27.0,0.022507854436007654,0.0,0.0,0.0,3761.0,0.0
11,1.0,0.9999999900658927,0.0,0.0,0.0025500748946797104,1.0,1.0,1.0,,,,,,,,,,,,,,,,,,,,,,,,,,,,,,,,,,,,,,,,,,,,,,,,,,,,,,,,,,,,,,,,,,,,,,,,,,,,,,,,,,,,,,,,,,,,,,,,,,,,,,,,,,,,,,,,,,,,,,,,,2400.0,2400.0,0.9928722254452007,0.0,0.0,27.0,0.022445867939510065,0.0,0.0,0.0,3761.0,0.0
12,1.0,0.9999999850988389,0.0,0.0,0.00239711910893675,0.9999999950329463,1.0,1.0,,,,,,,,,,,,,,,,,,,,,,,,,,,,,,,,,,,,,,,,,,,,,,,,,,,,,,,,,,,,,,,,,,,,,,,,,,,,,,,,,,,,,,,,,,,,,,,,,,,,,,,,,,,,,,,,,,,,,,,,,2400.0,2400.0,0.9928722254452007,0.0,0.0,27.0,0.022371656250351462,0.0,0.0,0.0,3761.0,0.0
13,1.0,0.9999999751647314,0.0,0.0,0.002264520995668135,1.0,1.0,1.0,,,,,,,,,,,,,,,,,,,,,,,,,,,,,,,,,,,,,,,,,,,,,,,,,,,,,,,,,,,,,,,,,,,,,,,,,,,,,,,,,,,,,,,,,,,,,,,,,,,,,,,,,,,,,,,,,,,,,,,,,2400.0,2400.0,0.9928722254452007,0.0,0.0,27.0,0.02230953801579556,0.0,0.0,0.0,3761.0,0.0
14,1.0,0.9999999602635702,0.0,0.0,0.0021461724967230113,1.0,1.0,1.0,,,,,,,,,,,,,,,,,,,,,,,,,,,,,,,,,,,,,,,,,,,,,,,,,,,,,,,,,,,,,,,,,,,,,,,,,,,,,,,,,,,,,,,,,,,,,,,,,,,,,,,,,,,,,,,,,,,,,,,,,2400.0,2400.0,0.9928722254452007,0.0,0.0,27.0,0.022244595959393525,0.0,0.0,0.0,3761.0,0.0
15,1.0,0.999999965230624,0.0,0.0,0.00204028213066825,1.0,1.0,1.0,,,,,,,,,,,,,,,,,,,,,,,,,,,,,,,,,,,,,,,,,,,,,,,,,,,,,,,,,,,,,,,,,,,,,,,,,,,,,,,,,,,,,,,,,,,,,,,,,,,,,,,,,,,,,,,,,,,,,,,,,2400.0,2400.0,0.9926082341446922,0.0,0.0,28.0,0.022253855243802204,0.0,0.0,0.0,3760.0,0.0
16,1.0,0.9999999900658927,0.0,0.0,0.0019468823978483368,0.9999999950329465,1.0,1.0,,,,,,,,,,,,,,,,,,,,,,,,,,,,,,,,,,,,,,,,,,,,,,,,,,,,,,,,,,,,,,,,,,,,,,,,,,,,,,,,,,,,,,,,,,,,,,,,,,,,,,,,,,,,,,,,,,,,,,,,,2400.0,2400.0,0.9926082341446922,0.0,0.0,28.0,0.022223042993865433,0.0,0.0,0.0,3760.0,0.0
17,1.0,0.9999999900658926,0.0,0.0,0.001862692949847163,1.0,1.0,1.0,,,,,,,,,,,,,,,,,,,,,,,,,,,,,,,,,,,,,,,,,,,,,,,,,,,,,,,,,,,,,,,,,,,,,,,,,,,,,,,,,,,,,,,,,,,,,,,,,,,,,,,,,,,,,,,,,,,,,,,,,2400.0,2400.0,0.9926082341446922,0.0,0.0,28.0,0.022246622453591713,0.0,0.0,0.0,3760.0,0.0
18,1.0,0.9999999900658926,0.0,0.0,0.001785152480394269,1.0,1.0,1.0,,,,,,,,,,,,,,,,,,,,,,,,,,,,,,,,,,,,,,,,,,,,,,,,,,,,,,,,,,,,,,,,,,,,,,,,,,,,,,,,,,,,,,,,,,,,,,,,,,,,,,,,,,,,,,,,,,,,,,,,,2400.0,2400.0,0.9926082341446922,0.0,0.0,28.0,0.022197676729945635,0.0,0.0,0.0,3760.0,0.0
19,1.0,0.9999999950329463,0.0,0.0,0.0017150487627562445,0.9999999950329463,1.0,1.0,,,,,,,,,,,,,,,,,,,,,,,,,,,,,,,,,,,,,,,,,,,,,,,,,,,,,,,,,,,,,,,,,,,,,,,,,,,,,,,,,,,,,,,,,,,,,,,,,,,,,,,,,,,,,,,,,,,,,,,,,2400.0,2400.0,0.9928722254452007,0.0,0.0,27.0,0.022206260220184182,0.0,0.0,0.0,3761.0,0.0
20,1.0,1.0,0.0,0.0,0.001651067530231861,1.0,1.0,1.0,,,,,,,,,,,,,,,,,,,,,,,,,,,,,,,,,,,,,,,,,,,,,,,,,,,,,,,,,,,,,,,,,,,,,,,,,,,,,,,,,,,,,,,,,,,,,,,,,,,,,,,,,,,,,,,,,,,,,,,,,2400.0,2400.0,0.9928722254452007,0.0,0.0,27.0,0.022191759388078935,0.0,0.0,0.0,3761.0,0.0
21,1.0,0.9999999950329463,0.0,0.0,0.0015922375053438976,1.0,1.0,1.0,,,,,,,,,,,,,,,,,,,,,,,,,,,,,,,,,,,,,,,,,,,,,,,,,,,,,,,,,,,,,,,,,,,,,,,,,,,,,,,,,,,,,,,,,,,,,,,,,,,,,,,,,,,,,,,,,,,,,,,,,2400.0,2400.0,0.9928722254452007,0.0,0.0,27.0,0.02220096574000353,0.0,0.0,0.0,3761.0,0.0
22,1.0,1.0,0.0,0.0,0.0015378533876112973,1.0,1.0,1.0,,,,,,,,,,,,,,,,,,,,,,,,,,,,,,,,,,,,,,,,,,,,,,,,,,,,,,,,,,,,,,,,,,,,,,,,,,,,,,,,,,,,,,,,,,,,,,,,,,,,,,,,,,,,,,,,,,,,,,,,,2400.0,2400.0,0.9928722254452007,0.0,0.0,27.0,0.02216104499913437,0.0,0.0,0.0,3761.0,0.0
23,1.0,0.9999999900658926,0.0,0.0,0.0014872238747193477,1.0,1.0,1.0,,,,,,,,,,,,,,,,,,,,,,,,,,,,,,,,,,,,,,,,,,,,,,,,,,,,,,,,,,,,,,,,,,,,,,,,,,,,,,,,,,,,,,,,,,,,,,,,,,,,,,,,,,,,,,,,,,,,,,,,,2400.0,2400.0,0.9928722254452007,0.0,0.0,27.0,0.02217820388728679,0.0,0.0,0.0,3761.0,0.0
24,1.0,0.9999999900658926,0.0,0.0,0.0014405076006854265,1.0,1.0,1.0,,,,,,,,,,,,,,,,,,,,,,,,,,,,,,,,,,,,,,,,,,,,,,,,,,,,,,,,,,,,,,,,,,,,,,,,,,,,,,,,,,,,,,,,,,,,,,,,,,,,,,,,,,,,,,,,,,,,,,,,,2400.0,2400.0,0.9928722254452007,0.0,0.0,27.0,0.022130890517839653,0.0,0.0,0.0,3761.0,0.0
25,1.0,0.9999999950329463,0.0,0.0,0.0013971368165221066,1.0,1.0,1.0,,,,,,,,,,,,,,,,,,,,,,,,,,,,,,,,,,,,,,,,,,,,,,,,,,,,,,,,,,,,,,,,,,,,,,,,,,,,,,,,,,,,,,,,,,,,,,,,,,,,,,,,,,,,,,,,,,,,,,,,,2400.0,2400.0,0.9928722254452007,0.0,0.0,27.0,0.02213449898295015,0.0,0.0,0.0,3761.0,0.0
26,1.0,0.9999999950329463,0.0,0.0,0.001356698348924207,1.0,1.0,1.0,,,,,,,,,,,,,,,,,,,,,,,,,,,,,,,,,,,,,,,,,,,,,,,,,,,,,,,,,,,,,,,,,,,,,,,,,,,,,,,,,,,,,,,,,,,,,,,,,,,,,,,,,,,,,,,,,,,,,,,,,2400.0,2400.0,0.9928722254452007,0.0,0.0,27.0,0.022115509998740925,0.0,0.0,0.0,3761.0,0.0
27,1.0,0.9999999950329463,0.0,0.0,0.0013179571689882629,1.0,1.0,1.0,,,,,,,,,,,,,,,,,,,,,,,,,,,,,,,,,,,,,,,,,,,,,,,,,,,,,,,,,,,,,,,,,,,,,,,,,,,,,,,,,,,,,,,,,,,,,,,,,,,,,,,,,,,,,,,,,,,,,,,,,2400.0,2400.0,0.9928722254452007,0.0,0.0,27.0,0.022069160016836897,0.0,0.0,0.0,3761.0,0.0
28,1.0,1.0,0.0,0.0,0.0012822641834888298,1.0,1.0,1.0,,,,,,,,,,,,,,,,,,,,,,,,,,,,,,,,,,,,,,,,,,,,,,,,,,,,,,,,,,,,,,,,,,,,,,,,,,,,,,,,,,,,,,,,,,,,,,,,,,,,,,,,,,,,,,,,,,,,,,,,,2400.0,2400.0,0.9928722254452007,0.0,0.0,27.0,0.02210645873118681,0.0,0.0,0.0,3761.0,0.0
29,1.0,1.0,0.0,0.0,0.0012478701904183255,1.0,1.0,1.0,,,,,,,,,,,,,,,,,,,,,,,,,,,,,,,,,,,,,,,,,,,,,,,,,,,,,,,,,,,,,,,,,,,,,,,,,,,,,,,,,,,,,,,,,,,,,,,,,,,,,,,,,,,,,,,,,,,,,,,,,2400.0,2400.0,0.9928722254452007,0.0,0.0,27.0,0.02215014956260749,0.0,0.0,0.0,3761.0,0.0
