,accuracy,auc,false_negatives,false_positives,loss,pr,precision,recall,subject_107_accuracy,subject_107_auc,subject_107_false_negatives,subject_107_false_positives,subject_107_loss,subject_107_pr,subject_107_precision,subject_107_recall,subject_107_true_negatives,subject_107_true_positives,subject_115_accuracy,subject_115_auc,subject_115_false_negatives,subject_115_false_positives,subject_115_loss,subject_115_pr,subject_115_precision,subject_115_recall,subject_115_true_negatives,subject_115_true_positives,subject_120_accuracy,subject_120_auc,subject_120_false_negatives,subject_120_false_positives,subject_120_loss,subject_120_pr,subject_120_precision,subject_120_recall,subject_120_true_negatives,subject_120_true_positives,subject_43_accuracy,subject_43_auc,subject_43_false_negatives,subject_43_false_positives,subject_43_loss,subject_43_pr,subject_43_precision,subject_43_recall,subject_43_true_negatives,subject_43_true_positives,subject_52_accuracy,subject_52_auc,subject_52_false_negatives,subject_52_false_positives,subject_52_loss,subject_52_pr,subject_52_precision,subject_52_recall,subject_52_true_negatives,subject_52_true_positives,subject_64_accuracy,subject_64_auc,subject_64_false_negatives,subject_64_false_positives,subject_64_loss,subject_64_pr,subject_64_precision,subject_64_recall,subject_64_true_negatives,subject_64_true_positives,subject_80_accuracy,subject_80_auc,subject_80_false_negatives,subject_80_false_positives,subject_80_loss,subject_80_pr,subject_80_precision,subject_80_recall,subject_80_true_negatives,subject_80_true_positives,subject_92_accuracy,subject_92_auc,subject_92_false_negatives,subject_92_false_positives,subject_92_loss,subject_92_pr,subject_92_precision,subject_92_recall,subject_92_true_negatives,subject_92_true_positives,true_negatives,true_positives,val_accuracy,val_auc,val_false_negatives,val_false_positives,val_loss,val_pr,val_precision,val_recall,val_true_negatives,val_true_positives
0,0.8684374913573265,0.9528187364339828,139.0,282.0,0.539702717885375,0.9428858011960983,0.8931260704994202,0.9131250083446503,,,,,,,,,,,,,,,,,,,,,,,,,,,,,,,,,,,,,,,,,,,,,,,,,,,,,,,,,,,,,,,,,,,,,,,,,,,,,,,,,1318.0,1461.0,0.7551900116303369,0.36444035390579393,722.0,2061.0,0.797345842015846,0.28557287259610664,0.2756751896439934,0.3140401329942189,6731.0,1854.0
1,0.942500002682209,0.9996593371033669,9.0,175.0,0.16601827899925412,0.9993506669998169,0.9365463331341743,0.994375005364418,,,,,,,,,,,,,,,,,,,,,,,,,,,,,,,,,,,,,,,,,,,,,,,,,,,,,,,,,,,,,,,,,,,,,,,,,,,,,,,,,1425.0,1591.0,0.774190718589913,0.371061145189696,835.0,1732.0,0.7249735136127803,0.2881516670909127,0.28214941590101594,0.3017895905213151,7060.0,1741.0
2,0.9868749976158142,0.9999999776482582,1.0,41.0,0.04450491792522371,0.9999999850988388,0.9785447716712952,0.9993750005960464,,,,,,,,,,,,,,,,,,,,,,,,,,,,,,,,,,,,,,,,,,,,,,,,,,,,,,,,,,,,,,,,,,,,,,,,,,,,,,,,,1559.0,1599.0,0.7658339304918976,0.37214990867266434,1087.0,1575.0,0.7415461249553753,0.2891897408424088,0.28513599142044216,0.27480272219937757,7217.0,1489.0
3,1.0,0.999999962747097,0.0,0.0,0.017894087745808064,0.9999999925494194,1.0,1.0,,,,,,,,,,,,,,,,,,,,,,,,,,,,,,,,,,,,,,,,,,,,,,,,,,,,,,,,,,,,,,,,,,,,,,,,,,,,,,,,,1600.0,1600.0,0.7524630599861661,0.3733574269650102,1294.0,1520.0,0.7797950946570329,0.289442161505781,0.2839208259014577,0.25192643683154675,7272.0,1282.0
4,1.0,0.9999999925494194,0.0,0.0,0.010785750045906753,0.9999999925494194,1.0,1.0,,,,,,,,,,,,,,,,,,,,,,,,,,,,,,,,,,,,,,,,,,,,,,,,,,,,,,,,,,,,,,,,,,,,,,,,,,,,,,,,,1600.0,1600.0,0.7451618616007147,0.3737305156535284,1402.0,1495.0,0.8151024209430908,0.2895682737136877,0.28664906058699036,0.2436513168492173,7297.0,1174.0
5,1.0,0.9999999850988388,0.0,0.0,0.008120649221818894,0.9999999925494194,1.0,1.0,,,,,,,,,,,,,,,,,,,,,,,,,,,,,,,,,,,,,,,,,,,,,,,,,,,,,,,,,,,,,,,,,,,,,,,,,,,,,,,,,1600.0,1600.0,0.7404996559579636,0.3740986901257426,1459.0,1491.0,0.835154195915806,0.28964189564275705,0.2855093467018497,0.23762671792070936,7301.0,1117.0
6,1.0,0.9999999925494194,0.0,0.0,0.0065963595674838876,0.9999999850988388,1.0,1.0,,,,,,,,,,,,,,,,,,,,,,,,,,,,,,,,,,,,,,,,,,,,,,,,,,,,,,,,,,,,,,,,,,,,,,,,,,,,,,,,,1600.0,1600.0,0.7381245659154372,0.37391708618230507,1483.0,1494.0,0.8517455520472356,0.2896710635883174,0.2850075120356702,0.23535237843557447,7298.0,1093.0
