,accuracy,auc,false_negatives,false_positives,loss,pr,precision,recall,subject_107_accuracy,subject_107_auc,subject_107_false_negatives,subject_107_false_positives,subject_107_loss,subject_107_pr,subject_107_precision,subject_107_recall,subject_107_true_negatives,subject_107_true_positives,subject_115_accuracy,subject_115_auc,subject_115_false_negatives,subject_115_false_positives,subject_115_loss,subject_115_pr,subject_115_precision,subject_115_recall,subject_115_true_negatives,subject_115_true_positives,subject_120_accuracy,subject_120_auc,subject_120_false_negatives,subject_120_false_positives,subject_120_loss,subject_120_pr,subject_120_precision,subject_120_recall,subject_120_true_negatives,subject_120_true_positives,subject_43_accuracy,subject_43_auc,subject_43_false_negatives,subject_43_false_positives,subject_43_loss,subject_43_pr,subject_43_precision,subject_43_recall,subject_43_true_negatives,subject_43_true_positives,subject_52_accuracy,subject_52_auc,subject_52_false_negatives,subject_52_false_positives,subject_52_loss,subject_52_pr,subject_52_precision,subject_52_recall,subject_52_true_negatives,subject_52_true_positives,subject_64_accuracy,subject_64_auc,subject_64_false_negatives,subject_64_false_positives,subject_64_loss,subject_64_pr,subject_64_precision,subject_64_recall,subject_64_true_negatives,subject_64_true_positives,subject_80_accuracy,subject_80_auc,subject_80_false_negatives,subject_80_false_positives,subject_80_loss,subject_80_pr,subject_80_precision,subject_80_recall,subject_80_true_negatives,subject_80_true_positives,subject_92_accuracy,subject_92_auc,subject_92_false_negatives,subject_92_false_positives,subject_92_loss,subject_92_pr,subject_92_precision,subject_92_recall,subject_92_true_negatives,subject_92_true_positives,true_negatives,true_positives,val_accuracy,val_auc,val_false_negatives,val_false_positives,val_loss,val_pr,val_precision,val_recall,val_true_negatives,val_true_positives
0,0.8737500011920929,0.9856390729546547,144.0,260.0,0.38308573916554456,0.980239138007164,0.8987107127904892,0.9100000001490116,,,,,,,,,,,,,,,,,,,,,,,,,,,,,,,,,,,,,,,,,,,,,,,,,,,,,,,,,,,,,,,,,,,,,,,,,,,,,,,,,1340.0,1456.0,0.7680330793048864,0.3623857532354579,794.0,1843.0,0.7496904604678304,0.2820261696708781,0.2744772104568711,0.3113097990800762,6949.0,1782.0
1,0.9196875020861626,0.9989093467593193,101.0,156.0,0.18632316237315535,0.9989612847566605,0.9328590929508209,0.9368750005960464,,,,,,,,,,,,,,,,,,,,,,,,,,,,,,,,,,,,,,,,,,,,,,,,,,,,,,,,,,,,,,,,,,,,,,,,,,,,,,,,,1444.0,1499.0,0.7522871233182085,0.36457989834128424,1022.0,1794.0,0.7710515607756617,0.28460501001742755,0.2749024905253891,0.288567828490313,6998.0,1554.0
2,0.9512499943375587,0.9999124780297279,69.0,87.0,0.1187561195064336,0.9999151229858398,0.9570572301745415,0.9568749964237213,,,,,,,,,,,,,,,,,,,,,,,,,,,,,,,,,,,,,,,,,,,,,,,,,,,,,,,,,,,,,,,,,,,,,,,,,,,,,,,,,1513.0,1531.0,0.7455137260861167,0.3664747767889692,1147.0,1746.0,0.7937364959329882,0.2859763353722226,0.27721855231547005,0.27677952600439865,7046.0,1429.0
3,0.9678125008940697,0.9999999925494194,54.0,49.0,0.08649818782228977,0.9999999925494194,0.9738854989409447,0.9662500023841858,,,,,,,,,,,,,,,,,,,,,,,,,,,,,,,,,,,,,,,,,,,,,,,,,,,,,,,,,,,,,,,,,,,,,,,,,,,,,,,,,1551.0,1546.0,0.7436664388957449,0.3667466918361766,1205.0,1709.0,0.8060032700512758,0.28647433913179804,0.27753074246705794,0.2702496295806642,7083.0,1371.0
4,0.9768749997019768,1.0,43.0,31.0,0.06734627573285251,0.9999999776482582,0.9824404418468475,0.9731250032782555,,,,,,,,,,,,,,,,,,,,,,,,,,,,,,,,,,,,,,,,,,,,,,,,,,,,,,,,,,,,,,,,,,,,,,,,,,,,,,,,,1569.0,1557.0,0.7422589734983143,0.3679536861655244,1237.0,1693.0,0.814559609038996,0.2870216315623994,0.27912934933756955,0.26983343513602526,7099.0,1339.0
5,0.9812500029802322,0.9999999850988388,37.0,23.0,0.05520205182954669,0.9999999776482582,0.9866860657930374,0.9768749997019768,,,,,,,,,,,,,,,,,,,,,,,,,,,,,,,,,,,,,,,,,,,,,,,,,,,,,,,,,,,,,,,,,,,,,,,,,,,,,,,,,1577.0,1563.0,0.7413793177691921,0.36877627896222326,1256.0,1684.0,0.8201927180767735,0.2875810374101436,0.27951411478992166,0.26794114909190514,7108.0,1320.0
