,accuracy,auc,false_negatives,false_positives,loss,pr,precision,recall,subject_107_accuracy,subject_107_auc,subject_107_false_negatives,subject_107_false_positives,subject_107_loss,subject_107_pr,subject_107_precision,subject_107_recall,subject_107_true_negatives,subject_107_true_positives,subject_109_accuracy,subject_109_auc,subject_109_false_negatives,subject_109_false_positives,subject_109_loss,subject_109_pr,subject_109_precision,subject_109_recall,subject_109_true_negatives,subject_109_true_positives,subject_115_accuracy,subject_115_auc,subject_115_false_negatives,subject_115_false_positives,subject_115_loss,subject_115_pr,subject_115_precision,subject_115_recall,subject_115_true_negatives,subject_115_true_positives,subject_120_accuracy,subject_120_auc,subject_120_false_negatives,subject_120_false_positives,subject_120_loss,subject_120_pr,subject_120_precision,subject_120_recall,subject_120_true_negatives,subject_120_true_positives,subject_43_accuracy,subject_43_auc,subject_43_false_negatives,subject_43_false_positives,subject_43_loss,subject_43_pr,subject_43_precision,subject_43_recall,subject_43_true_negatives,subject_43_true_positives,subject_48_accuracy,subject_48_auc,subject_48_false_negatives,subject_48_false_positives,subject_48_loss,subject_48_pr,subject_48_precision,subject_48_recall,subject_48_true_negatives,subject_48_true_positives,subject_52_accuracy,subject_52_auc,subject_52_false_negatives,subject_52_false_positives,subject_52_loss,subject_52_pr,subject_52_precision,subject_52_recall,subject_52_true_negatives,subject_52_true_positives,subject_59_accuracy,subject_59_auc,subject_59_false_negatives,subject_59_false_positives,subject_59_loss,subject_59_pr,subject_59_precision,subject_59_recall,subject_59_true_negatives,subject_59_true_positives,subject_64_accuracy,subject_64_auc,subject_64_false_negatives,subject_64_false_positives,subject_64_loss,subject_64_pr,subject_64_precision,subject_64_recall,subject_64_true_negatives,subject_64_true_positives,subject_80_accuracy,subject_80_auc,subject_80_false_negatives,subject_80_false_positives,subject_80_loss,subject_80_pr,subject_80_precision,subject_80_recall,subject_80_true_negatives,subject_80_true_positives,subject_92_accuracy,subject_92_auc,subject_92_false_negatives,subject_92_false_positives,subject_92_loss,subject_92_pr,subject_92_precision,subject_92_recall,subject_92_true_negatives,subject_92_true_positives,true_negatives,true_positives,val_accuracy,val_auc,val_false_negatives,val_false_positives,val_loss,val_pr,val_precision,val_recall,val_true_negatives,val_true_positives
0,0.9677272764119237,0.9983545487577266,58.0,84.0,0.08713275479830122,0.9982987696474249,0.9678378538651901,0.9736363671042704,,,,,,,,,,,,,,,,,,,,,,,,,,,,,,,,,,,,,,,,,,,,,,,,,,,,,,,,,,,,,,,,,,,,,,,,,,,,,,,,,,,,,,,,,,,,,,,,,,,,,,,,,,,,,,,2116.0,2142.0,0.8379302189379355,0.3202546415661709,622.0,753.0,0.5316694605049846,0.21354368528573373,0.1918394485982956,0.16630304918107644,6943.0,166.0
1,0.9843181805177169,0.9998420476913452,27.0,42.0,0.05511829367076809,0.99984502250498,0.9822923920371317,0.9877272735942496,,,,,,,,,,,,,,,,,,,,,,,,,,,,,,,,,,,,,,,,,,,,,,,,,,,,,,,,,,,,,,,,,,,,,,,,,,,,,,,,,,,,,,,,,,,,,,,,,,,,,,,,,,,,,,,2158.0,2173.0,0.822017917215459,0.3139103672966424,656.0,854.0,0.6377037386869892,0.1925001566924896,0.18413478749743167,0.1570477083374565,6842.0,132.0
2,0.9890909086574209,0.9999908913265575,19.0,29.0,0.042699741546741936,0.9999909834428269,0.9877353256398983,0.9913636337627066,,,,,,,,,,,,,,,,,,,,,,,,,,,,,,,,,,,,,,,,,,,,,,,,,,,,,,,,,,,,,,,,,,,,,,,,,,,,,,,,,,,,,,,,,,,,,,,,,,,,,,,,,,,,,,,2171.0,2181.0,0.8230787277193578,0.3098664729171404,669.0,832.0,0.6703666255593992,0.18812258127779963,0.1851496884580886,0.15230599208745904,6864.0,119.0
3,0.9913636337627065,0.9999999674883756,17.0,21.0,0.03498450378972021,0.9999999945813961,0.9910486990755256,0.9922727292234249,,,,,,,,,,,,,,,,,,,,,,,,,,,,,,,,,,,,,,,,,,,,,,,,,,,,,,,,,,,,,,,,,,,,,,,,,,,,,,,,,,,,,,,,,,,,,,,,,,,,,,,,,,,,,,,2179.0,2183.0,0.8231966024662515,0.3090216475857254,673.0,827.0,0.6841187574188254,0.1864019045004694,0.17952729421915845,0.1485811192112,6869.0,115.0
4,0.993181813846935,0.999999989162792,13.0,17.0,0.02960304432379251,0.9999999729069797,0.9927574179389262,0.9940909093076534,,,,,,,,,,,,,,,,,,,,,,,,,,,,,,,,,,,,,,,,,,,,,,,,,,,,,,,,,,,,,,,,,,,,,,,,,,,,,,,,,,,,,,,,,,,,,,,,,,,,,,,,,,,,,,,2183.0,2187.0,0.8240216803516998,0.30703954045247606,676.0,817.0,0.6934597316764046,0.18468577037831063,0.17754761402208477,0.14465204887320443,6879.0,112.0
5,0.9952272772789004,1.0000000325116245,9.0,12.0,0.025679425144229422,0.999999983744188,0.9948083758354188,0.9959090893918819,,,,,,,,,,,,,,,,,,,,,,,,,,,,,,,,,,,,,,,,,,,,,,,,,,,,,,,,,,,,,,,,,,,,,,,,,,,,,,,,,,,,,,,,,,,,,,,,,,,,,,,,,,,,,,,2188.0,2191.0,0.826261199838651,0.3067081814270883,681.0,793.0,0.6999238417223703,0.1844855516460469,0.1770543107575878,0.14324087561764623,6903.0,107.0
