,accuracy,auc,false_negatives,false_positives,loss,pr,precision,recall,subject_107_accuracy,subject_107_auc,subject_107_false_negatives,subject_107_false_positives,subject_107_loss,subject_107_pr,subject_107_precision,subject_107_recall,subject_107_true_negatives,subject_107_true_positives,subject_109_accuracy,subject_109_auc,subject_109_false_negatives,subject_109_false_positives,subject_109_loss,subject_109_pr,subject_109_precision,subject_109_recall,subject_109_true_negatives,subject_109_true_positives,subject_115_accuracy,subject_115_auc,subject_115_false_negatives,subject_115_false_positives,subject_115_loss,subject_115_pr,subject_115_precision,subject_115_recall,subject_115_true_negatives,subject_115_true_positives,subject_120_accuracy,subject_120_auc,subject_120_false_negatives,subject_120_false_positives,subject_120_loss,subject_120_pr,subject_120_precision,subject_120_recall,subject_120_true_negatives,subject_120_true_positives,subject_43_accuracy,subject_43_auc,subject_43_false_negatives,subject_43_false_positives,subject_43_loss,subject_43_pr,subject_43_precision,subject_43_recall,subject_43_true_negatives,subject_43_true_positives,subject_48_accuracy,subject_48_auc,subject_48_false_negatives,subject_48_false_positives,subject_48_loss,subject_48_pr,subject_48_precision,subject_48_recall,subject_48_true_negatives,subject_48_true_positives,subject_52_accuracy,subject_52_auc,subject_52_false_negatives,subject_52_false_positives,subject_52_loss,subject_52_pr,subject_52_precision,subject_52_recall,subject_52_true_negatives,subject_52_true_positives,subject_59_accuracy,subject_59_auc,subject_59_false_negatives,subject_59_false_positives,subject_59_loss,subject_59_pr,subject_59_precision,subject_59_recall,subject_59_true_negatives,subject_59_true_positives,subject_64_accuracy,subject_64_auc,subject_64_false_negatives,subject_64_false_positives,subject_64_loss,subject_64_pr,subject_64_precision,subject_64_recall,subject_64_true_negatives,subject_64_true_positives,subject_80_accuracy,subject_80_auc,subject_80_false_negatives,subject_80_false_positives,subject_80_loss,subject_80_pr,subject_80_precision,subject_80_recall,subject_80_true_negatives,subject_80_true_positives,subject_92_accuracy,subject_92_auc,subject_92_false_negatives,subject_92_false_positives,subject_92_loss,subject_92_pr,subject_92_precision,subject_92_recall,subject_92_true_negatives,subject_92_true_positives,subject_96_accuracy,subject_96_auc,subject_96_false_negatives,subject_96_false_positives,subject_96_loss,subject_96_pr,subject_96_precision,subject_96_recall,subject_96_true_negatives,subject_96_true_positives,true_negatives,true_positives,val_accuracy,val_auc,val_false_negatives,val_false_positives,val_loss,val_pr,val_precision,val_recall,val_true_negatives,val_true_positives
0,0.9947916716337205,0.9999447812636693,17.0,8.0,0.022859313678539668,0.9999453773101171,0.9967198918263118,0.9929166634877523,,,,,,,,,,,,,,,,,,,,,,,,,,,,,,,,,,,,,,,,,,,,,,,,,,,,,,,,,,,,,,,,,,,,,,,,,,,,,,,,,,,,,,,,,,,,,,,,,,,,,,,,,,,,,,,,,,,,,,,,,2392.0,2383.0,0.8879108051179161,0.5920522286438606,167.0,215.0,0.9518446016141505,0.10677305467321838,0.08831814708004534,0.18767605742938082,2985.0,41.0
1,0.9975000023841859,0.9999979088703791,9.0,3.0,0.016100720802399642,0.9999979188044866,0.9987684736649197,0.9962500035762788,,,,,,,,,,,,,,,,,,,,,,,,,,,,,,,,,,,,,,,,,,,,,,,,,,,,,,,,,,,,,,,,,,,,,,,,,,,,,,,,,,,,,,,,,,,,,,,,,,,,,,,,,,,,,,,,,,,,,,,,,2397.0,2391.0,0.8873239629705187,0.5958768274162857,166.0,218.0,0.9425820814741572,0.10785822982204632,0.08907498650147881,0.19225351785270262,2982.0,42.0
2,0.9985416680574418,1.0000000198682149,7.0,0.0,0.013174229832754158,0.9999999751647314,1.0,0.9970833361148835,,,,,,,,,,,,,,,,,,,,,,,,,,,,,,,,,,,,,,,,,,,,,,,,,,,,,,,,,,,,,,,,,,,,,,,,,,,,,,,,,,,,,,,,,,,,,,,,,,,,,,,,,,,,,,,,,,,,,,,,,2400.0,2393.0,0.8864436670088433,0.5962320662720102,166.0,221.0,0.9427320250350175,0.10796413250582318,0.08805504378298638,0.19225351785270262,2979.0,42.0
3,0.9991666674613954,0.9999999950329463,4.0,0.0,0.011387255392619408,0.9999999850988389,1.0,0.9983333349227906,,,,,,,,,,,,,,,,,,,,,,,,,,,,,,,,,,,,,,,,,,,,,,,,,,,,,,,,,,,,,,,,,,,,,,,,,,,,,,,,,,,,,,,,,,,,,,,,,,,,,,,,,,,,,,,,,,,,,,,,,2400.0,2396.0,0.8861502459351446,0.5953121074068715,166.0,222.0,0.9442444680513598,0.10752937271141672,0.08772023861676874,0.19225351785270262,2978.0,42.0
4,0.9995833337306977,0.9999999950329463,2.0,0.0,0.010168051778843317,0.9999999850988389,1.0,0.9991666674613954,,,,,,,,,,,,,,,,,,,,,,,,,,,,,,,,,,,,,,,,,,,,,,,,,,,,,,,,,,,,,,,,,,,,,,,,,,,,,,,,,,,,,,,,,,,,,,,,,,,,,,,,,,,,,,,,,,,,,,,,,2400.0,2398.0,0.8864436670088433,0.595332704379525,166.0,221.0,0.9456561718669233,0.1076111234986866,0.08805504378298638,0.19225351785270262,2979.0,42.0
5,0.9995833337306977,1.0000000000000002,2.0,0.0,0.009243391000394088,0.9999999900658927,1.0,0.9991666674613954,,,,,,,,,,,,,,,,,,,,,,,,,,,,,,,,,,,,,,,,,,,,,,,,,,,,,,,,,,,,,,,,,,,,,,,,,,,,,,,,,,,,,,,,,,,,,,,,,,,,,,,,,,,,,,,,,,,,,,,,,2400.0,2398.0,0.8861502459351446,0.5944276533915963,168.0,220.0,0.9464755710648884,0.10764976638093801,0.08483332164690528,0.18309859700605902,2980.0,40.0
6,0.9997916668653489,1.0000000099341075,1.0,0.0,0.008495065713262497,0.9999999900658927,1.0,0.9995833337306977,,,,,,,,,,,,,,,,,,,,,,,,,,,,,,,,,,,,,,,,,,,,,,,,,,,,,,,,,,,,,,,,,,,,,,,,,,,,,,,,,,,,,,,,,,,,,,,,,,,,,,,,,,,,,,,,,,,,,,,,,2400.0,2399.0,0.8861502459351446,0.5932905422130101,168.0,220.0,0.9471555087935237,0.10754852783931813,0.08483332164690528,0.18309859700605902,2980.0,40.0
