,accuracy,auc,false_negatives,false_positives,loss,pr,precision,recall,subject_107_accuracy,subject_107_auc,subject_107_false_negatives,subject_107_false_positives,subject_107_loss,subject_107_pr,subject_107_precision,subject_107_recall,subject_107_true_negatives,subject_107_true_positives,subject_109_accuracy,subject_109_auc,subject_109_false_negatives,subject_109_false_positives,subject_109_loss,subject_109_pr,subject_109_precision,subject_109_recall,subject_109_true_negatives,subject_109_true_positives,subject_115_accuracy,subject_115_auc,subject_115_false_negatives,subject_115_false_positives,subject_115_loss,subject_115_pr,subject_115_precision,subject_115_recall,subject_115_true_negatives,subject_115_true_positives,subject_120_accuracy,subject_120_auc,subject_120_false_negatives,subject_120_false_positives,subject_120_loss,subject_120_pr,subject_120_precision,subject_120_recall,subject_120_true_negatives,subject_120_true_positives,subject_43_accuracy,subject_43_auc,subject_43_false_negatives,subject_43_false_positives,subject_43_loss,subject_43_pr,subject_43_precision,subject_43_recall,subject_43_true_negatives,subject_43_true_positives,subject_48_accuracy,subject_48_auc,subject_48_false_negatives,subject_48_false_positives,subject_48_loss,subject_48_pr,subject_48_precision,subject_48_recall,subject_48_true_negatives,subject_48_true_positives,subject_52_accuracy,subject_52_auc,subject_52_false_negatives,subject_52_false_positives,subject_52_loss,subject_52_pr,subject_52_precision,subject_52_recall,subject_52_true_negatives,subject_52_true_positives,subject_59_accuracy,subject_59_auc,subject_59_false_negatives,subject_59_false_positives,subject_59_loss,subject_59_pr,subject_59_precision,subject_59_recall,subject_59_true_negatives,subject_59_true_positives,subject_64_accuracy,subject_64_auc,subject_64_false_negatives,subject_64_false_positives,subject_64_loss,subject_64_pr,subject_64_precision,subject_64_recall,subject_64_true_negatives,subject_64_true_positives,subject_80_accuracy,subject_80_auc,subject_80_false_negatives,subject_80_false_positives,subject_80_loss,subject_80_pr,subject_80_precision,subject_80_recall,subject_80_true_negatives,subject_80_true_positives,subject_92_accuracy,subject_92_auc,subject_92_false_negatives,subject_92_false_positives,subject_92_loss,subject_92_pr,subject_92_precision,subject_92_recall,subject_92_true_negatives,subject_92_true_positives,true_negatives,true_positives,val_accuracy,val_auc,val_false_negatives,val_false_positives,val_loss,val_pr,val_precision,val_recall,val_true_negatives,val_true_positives
0,0.9786363623358988,0.9998283657160673,84.0,10.0,0.06690452327528461,0.9998296607624402,0.9954769611358644,0.9618181803009728,,,,,,,,,,,,,,,,,,,,,,,,,,,,,,,,,,,,,,,,,,,,,,,,,,,,,,,,,,,,,,,,,,,,,,,,,,,,,,,,,,,,,,,,,,,,,,,,,,,,,,,,,,,,,,,2190.0,2116.0,0.8142265193370166,0.6834394556617963,720.0,1163.0,0.6604976109308047,0.6026880586344893,0.6039012121749658,0.5361984326153547,6113.0,2140.0
1,0.9934090971946719,0.999999994581396,21.0,8.0,0.03354691384614192,0.999999989162792,0.9964303320104427,0.9904545437205923,,,,,,,,,,,,,,,,,,,,,,,,,,,,,,,,,,,,,,,,,,,,,,,,,,,,,,,,,,,,,,,,,,,,,,,,,,,,,,,,,,,,,,,,,,,,,,,,,,,,,,,,,,,,,,,2192.0,2179.0,0.804952644535003,0.6776083923270595,747.0,1230.0,0.7467804573627783,0.5948067135997147,0.5972410304488022,0.5282708615205753,6046.0,2113.0
2,0.9968181848526003,0.9999999566511675,12.0,2.0,0.02389079736207019,0.9999999837441881,0.999099910259247,0.9945454543287106,,,,,,,,,,,,,,,,,,,,,,,,,,,,,,,,,,,,,,,,,,,,,,,,,,,,,,,,,,,,,,,,,,,,,,,,,,,,,,,,,,,,,,,,,,,,,,,,,,,,,,,,,,,,,,,2198.0,2188.0,0.8017955846502354,0.6749692929242668,757.0,1252.0,0.7777257550241508,0.591342809215341,0.5946727159132428,0.5262348658589745,6024.0,2103.0
3,0.9981818199157717,0.9999999620697716,6.0,2.0,0.019164509353312577,0.999999989162792,0.999099910259247,0.9972727298736574,,,,,,,,,,,,,,,,,,,,,,,,,,,,,,,,,,,,,,,,,,,,,,,,,,,,,,,,,,,,,,,,,,,,,,,,,,,,,,,,,,,,,,,,,,,,,,,,,,,,,,,,,,,,,,,2198.0,2194.0,0.7999210688149543,0.6732131833623691,768.0,1260.0,0.792859083605869,0.5890140560497519,0.5919457811159512,0.5212535558484536,6016.0,2092.0
4,0.9986363649368288,1.0,4.0,2.0,0.016269555118104274,0.999999989162792,0.999099910259247,0.9981818199157717,,,,,,,,,,,,,,,,,,,,,,,,,,,,,,,,,,,,,,,,,,,,,,,,,,,,,,,,,,,,,,,,,,,,,,,,,,,,,,,,,,,,,,,,,,,,,,,,,,,,,,,,,,,,,,,2198.0,2196.0,0.7995264332362209,0.6712827132786929,770.0,1262.0,0.8024751097987455,0.5868060007609056,0.5911225701705056,0.5193356780692546,6014.0,2090.0
5,0.9993181824684145,1.0000000054186042,3.0,0.0,0.014171710651029241,0.999999983744188,1.0000000000000002,0.9986363649368288,,,,,,,,,,,,,,,,,,,,,,,,,,,,,,,,,,,,,,,,,,,,,,,,,,,,,,,,,,,,,,,,,,,,,,,,,,,,,,,,,,,,,,,,,,,,,,,,,,,,,,,,,,,,,,,2200.0,2197.0,0.7988358385090576,0.6707160537555261,777.0,1262.0,0.8097771027929461,0.5858793688413187,0.5906168938671027,0.5163367310775577,6014.0,2083.0
