,accuracy,auc,false_negatives,false_positives,loss,pr,precision,recall,subject_107_accuracy,subject_107_auc,subject_107_false_negatives,subject_107_false_positives,subject_107_loss,subject_107_pr,subject_107_precision,subject_107_recall,subject_107_true_negatives,subject_107_true_positives,subject_109_accuracy,subject_109_auc,subject_109_false_negatives,subject_109_false_positives,subject_109_loss,subject_109_pr,subject_109_precision,subject_109_recall,subject_109_true_negatives,subject_109_true_positives,subject_115_accuracy,subject_115_auc,subject_115_false_negatives,subject_115_false_positives,subject_115_loss,subject_115_pr,subject_115_precision,subject_115_recall,subject_115_true_negatives,subject_115_true_positives,subject_120_accuracy,subject_120_auc,subject_120_false_negatives,subject_120_false_positives,subject_120_loss,subject_120_pr,subject_120_precision,subject_120_recall,subject_120_true_negatives,subject_120_true_positives,subject_43_accuracy,subject_43_auc,subject_43_false_negatives,subject_43_false_positives,subject_43_loss,subject_43_pr,subject_43_precision,subject_43_recall,subject_43_true_negatives,subject_43_true_positives,subject_48_accuracy,subject_48_auc,subject_48_false_negatives,subject_48_false_positives,subject_48_loss,subject_48_pr,subject_48_precision,subject_48_recall,subject_48_true_negatives,subject_48_true_positives,subject_52_accuracy,subject_52_auc,subject_52_false_negatives,subject_52_false_positives,subject_52_loss,subject_52_pr,subject_52_precision,subject_52_recall,subject_52_true_negatives,subject_52_true_positives,subject_59_accuracy,subject_59_auc,subject_59_false_negatives,subject_59_false_positives,subject_59_loss,subject_59_pr,subject_59_precision,subject_59_recall,subject_59_true_negatives,subject_59_true_positives,subject_64_accuracy,subject_64_auc,subject_64_false_negatives,subject_64_false_positives,subject_64_loss,subject_64_pr,subject_64_precision,subject_64_recall,subject_64_true_negatives,subject_64_true_positives,subject_80_accuracy,subject_80_auc,subject_80_false_negatives,subject_80_false_positives,subject_80_loss,subject_80_pr,subject_80_precision,subject_80_recall,subject_80_true_negatives,subject_80_true_positives,subject_92_accuracy,subject_92_auc,subject_92_false_negatives,subject_92_false_positives,subject_92_loss,subject_92_pr,subject_92_precision,subject_92_recall,subject_92_true_negatives,subject_92_true_positives,true_negatives,true_positives,val_accuracy,val_auc,val_false_negatives,val_false_positives,val_loss,val_pr,val_precision,val_recall,val_true_negatives,val_true_positives
0,0.9649999954483727,0.996107962998477,70.0,84.0,0.10729943771423264,0.9958521561189132,0.9649375785480846,0.9681818214329807,,,,,,,,,,,,,,,,,,,,,,,,,,,,,,,,,,,,,,,,,,,,,,,,,,,,,,,,,,,,,,,,,,,,,,,,,,,,,,,,,,,,,,,,,,,,,,,,,,,,,,,,,,,,,,,2116.0,2130.0,0.7812379552644052,0.38529561292789544,721.0,1548.0,0.6503802728127617,0.30546500314583064,0.2985718182693611,0.28073673300241075,7208.0,895.0
1,0.9831818179650743,0.9996954473582181,44.0,30.0,0.0673428556018255,0.9997011639855125,0.9871380112387919,0.9800000028176743,,,,,,,,,,,,,,,,,,,,,,,,,,,,,,,,,,,,,,,,,,,,,,,,,,,,,,,,,,,,,,,,,,,,,,,,,,,,,,,,,,,,,,,,,,,,,,,,,,,,,,,,,,,,,,,2170.0,2156.0,0.7644620181865505,0.3874979532918919,760.0,1683.0,0.7864665493855867,0.30394966681399865,0.2974017698977199,0.2759030421084526,7073.0,856.0
2,0.9856818209994925,0.999969319863753,40.0,23.0,0.053453331453387036,0.9999697479334746,0.9899935397234831,0.9818181829019028,,,,,,,,,,,,,,,,,,,,,,,,,,,,,,,,,,,,,,,,,,,,,,,,,,,,,,,,,,,,,,,,,,,,,,,,,,,,,,,,,,,,,,,,,,,,,,,,,,,,,,,,,,,,,,,2177.0,2160.0,0.7594485188336202,0.38689587500579925,768.0,1727.0,0.8884129123108564,0.30149160178986656,0.2960815027189494,0.27271052763998116,7029.0,848.0
3,0.9886363690549679,0.9999965754422275,32.0,18.0,0.04488272587599402,0.9999965971166438,0.9921185861934316,0.9854545430703598,,,,,,,,,,,,,,,,,,,,,,,,,,,,,,,,,,,,,,,,,,,,,,,,,,,,,,,,,,,,,,,,,,,,,,,,,,,,,,,,,,,,,,,,,,,,,,,,,,,,,,,,,,,,,,,2182.0,2168.0,0.7565561148578303,0.38656408111882673,776.0,1749.0,0.9556416294049823,0.3022899604239061,0.29440339079153294,0.2709794541583115,7007.0,840.0
4,0.9904545491391964,0.9999999945813961,29.0,13.0,0.038566595773127946,0.9999999674883756,0.9943275126543915,0.9868181835521354,,,,,,,,,,,,,,,,,,,,,,,,,,,,,,,,,,,,,,,,,,,,,,,,,,,,,,,,,,,,,,,,,,,,,,,,,,,,,,,,,,,,,,,,,,,,,,,,,,,,,,,,,,,,,,,2187.0,2171.0,0.7564597005291055,0.38562060464453707,780.0,1746.0,1.0007533730439204,0.300182258030001,0.2935247231394087,0.26824153102919995,7010.0,836.0
5,0.9922727292234249,0.9999999783255838,25.0,9.0,0.034284201592884284,0.9999999783255838,0.9960512085394428,0.9886363636363639,,,,,,,,,,,,,,,,,,,,,,,,,,,,,,,,,,,,,,,,,,,,,,,,,,,,,,,,,,,,,,,,,,,,,,,,,,,,,,,,,,,,,,,,,,,,,,,,,,,,,,,,,,,,,,,2191.0,2175.0,0.7556883947204724,0.38554651903637205,790.0,1744.0,1.0361043255902505,0.2997423956121113,0.29341690992233244,0.26671401025979524,7012.0,826.0
