,accuracy,auc,false_negatives,false_positives,loss,pr,precision,recall,subject_107_accuracy,subject_107_auc,subject_107_false_negatives,subject_107_false_positives,subject_107_loss,subject_107_pr,subject_107_precision,subject_107_recall,subject_107_true_negatives,subject_107_true_positives,subject_109_accuracy,subject_109_auc,subject_109_false_negatives,subject_109_false_positives,subject_109_loss,subject_109_pr,subject_109_precision,subject_109_recall,subject_109_true_negatives,subject_109_true_positives,subject_115_accuracy,subject_115_auc,subject_115_false_negatives,subject_115_false_positives,subject_115_loss,subject_115_pr,subject_115_precision,subject_115_recall,subject_115_true_negatives,subject_115_true_positives,subject_120_accuracy,subject_120_auc,subject_120_false_negatives,subject_120_false_positives,subject_120_loss,subject_120_pr,subject_120_precision,subject_120_recall,subject_120_true_negatives,subject_120_true_positives,subject_43_accuracy,subject_43_auc,subject_43_false_negatives,subject_43_false_positives,subject_43_loss,subject_43_pr,subject_43_precision,subject_43_recall,subject_43_true_negatives,subject_43_true_positives,subject_48_accuracy,subject_48_auc,subject_48_false_negatives,subject_48_false_positives,subject_48_loss,subject_48_pr,subject_48_precision,subject_48_recall,subject_48_true_negatives,subject_48_true_positives,subject_52_accuracy,subject_52_auc,subject_52_false_negatives,subject_52_false_positives,subject_52_loss,subject_52_pr,subject_52_precision,subject_52_recall,subject_52_true_negatives,subject_52_true_positives,subject_59_accuracy,subject_59_auc,subject_59_false_negatives,subject_59_false_positives,subject_59_loss,subject_59_pr,subject_59_precision,subject_59_recall,subject_59_true_negatives,subject_59_true_positives,subject_64_accuracy,subject_64_auc,subject_64_false_negatives,subject_64_false_positives,subject_64_loss,subject_64_pr,subject_64_precision,subject_64_recall,subject_64_true_negatives,subject_64_true_positives,subject_80_accuracy,subject_80_auc,subject_80_false_negatives,subject_80_false_positives,subject_80_loss,subject_80_pr,subject_80_precision,subject_80_recall,subject_80_true_negatives,subject_80_true_positives,subject_92_accuracy,subject_92_auc,subject_92_false_negatives,subject_92_false_positives,subject_92_loss,subject_92_pr,subject_92_precision,subject_92_recall,subject_92_true_negatives,subject_92_true_positives,subject_96_accuracy,subject_96_auc,subject_96_false_negatives,subject_96_false_positives,subject_96_loss,subject_96_pr,subject_96_precision,subject_96_recall,subject_96_true_negatives,subject_96_true_positives,true_negatives,true_positives,val_accuracy,val_auc,val_false_negatives,val_false_positives,val_loss,val_pr,val_precision,val_recall,val_true_negatives,val_true_positives
0,0.9702083369096122,0.9980812470118205,94.0,49.0,0.08322145450627431,0.9982007096211115,0.9807496617237728,0.9608333359162013,,,,,,,,,,,,,,,,,,,,,,,,,,,,,,,,,,,,,,,,,,,,,,,,,,,,,,,,,,,,,,,,,,,,,,,,,,,,,,,,,,,,,,,,,,,,,,,,,,,,,,,,,,,,,,,,,,,,,,,,,2351.0,2306.0,0.8778208871654462,0.401018991330783,504.0,189.0,0.34869258925620844,0.29564890656383824,0.301649339234375,0.13929562004774346,4663.0,316.0
1,0.9879166632890702,0.9999197671810786,35.0,23.0,0.04555295474866095,0.9999203532934189,0.99086964627107,0.9854166706403098,,,,,,,,,,,,,,,,,,,,,,,,,,,,,,,,,,,,,,,,,,,,,,,,,,,,,,,,,,,,,,,,,,,,,,,,,,,,,,,,,,,,,,,,,,,,,,,,,,,,,,,,,,,,,,,,,,,,,,,,,2377.0,2365.0,0.8811706705137099,0.4029967866007801,461.0,213.0,0.32712156437831624,0.2954406558532052,0.2895856236116843,0.17146670957042065,4639.0,359.0
2,0.9939583341280621,0.9999999850988388,14.0,15.0,0.031469125318496174,0.9999999850988389,0.9940847357114158,0.9941666672627132,,,,,,,,,,,,,,,,,,,,,,,,,,,,,,,,,,,,,,,,,,,,,,,,,,,,,,,,,,,,,,,,,,,,,,,,,,,,,,,,,,,,,,,,,,,,,,,,,,,,,,,,,,,,,,,,,,,,,,,,,2385.0,2386.0,0.8809943550984849,0.4012544506107298,439.0,236.0,0.3263441950485224,0.29247505529895323,0.2807418084867582,0.18788216131698598,4616.0,381.0
3,0.9966666698455812,0.9999999701976777,3.0,13.0,0.02402513422188349,0.9999999950329463,0.9948684225479764,0.998750001192093,,,,,,,,,,,,,,,,,,,,,,,,,,,,,,,,,,,,,,,,,,,,,,,,,,,,,,,,,,,,,,,,,,,,,,,,,,,,,,,,,,,,,,,,,,,,,,,,,,,,,,,,,,,,,,,,,,,,,,,,,2387.0,2397.0,0.8827574065188931,0.4011218269974288,426.0,239.0,0.32898616302270467,0.29171256797206924,0.2826848629919867,0.19808796203691298,4613.0,394.0
4,0.9975000023841859,0.9999999850988388,2.0,10.0,0.019650683243138095,0.9999999801317851,0.9960317462682725,0.9991666674613954,,,,,,,,,,,,,,,,,,,,,,,,,,,,,,,,,,,,,,,,,,,,,,,,,,,,,,,,,,,,,,,,,,,,,,,,,,,,,,,,,,,,,,,,,,,,,,,,,,,,,,,,,,,,,,,,,,,,,,,,,2390.0,2398.0,0.8827574070233047,0.4012183775266236,422.0,243.0,0.33229529826471005,0.29241115579904386,0.27971523970743833,0.2012699567548647,4609.0,398.0
5,0.9981250017881395,0.9999999801317851,1.0,8.0,0.01665531501115765,0.9999999751647314,0.9967948695023856,0.9995833337306977,,,,,,,,,,,,,,,,,,,,,,,,,,,,,,,,,,,,,,,,,,,,,,,,,,,,,,,,,,,,,,,,,,,,,,,,,,,,,,,,,,,,,,,,,,,,,,,,,,,,,,,,,,,,,,,,,,,,,,,,,2392.0,2399.0,0.8809943553506908,0.4010765549998694,422.0,253.0,0.33531370738124516,0.2919653191721153,0.2754776267642195,0.20181273712089604,4599.0,398.0
6,0.9989583343267442,0.9999999950329463,0.0,5.0,0.014507903898290046,0.9999999850988389,0.9979674816131593,1.0,,,,,,,,,,,,,,,,,,,,,,,,,,,,,,,,,,,,,,,,,,,,,,,,,,,,,,,,,,,,,,,,,,,,,,,,,,,,,,,,,,,,,,,,,,,,,,,,,,,,,,,,,,,,,,,,,,,,,,,,,2395.0,2400.0,0.8795839272786262,0.4011377140732511,425.0,258.0,0.3381397320644448,0.2916876667078022,0.2742383721348933,0.2011902435289956,4594.0,395.0
7,0.9991666674613954,1.0000000049670537,0.0,4.0,0.012900978415079105,0.9999999850988388,0.9983660131692887,1.0,,,,,,,,,,,,,,,,,,,,,,,,,,,,,,,,,,,,,,,,,,,,,,,,,,,,,,,,,,,,,,,,,,,,,,,,,,,,,,,,,,,,,,,,,,,,,,,,,,,,,,,,,,,,,,,,,,,,,,,,,2396.0,2400.0,0.8781734839481089,0.4012056577777325,425.0,266.0,0.34104184603383597,0.2921872908047207,0.2730334164057195,0.20363270845500642,4586.0,395.0
