,accuracy,auc,false_negatives,false_positives,loss,pr,precision,recall,subject_107_accuracy,subject_107_auc,subject_107_false_negatives,subject_107_false_positives,subject_107_loss,subject_107_pr,subject_107_precision,subject_107_recall,subject_107_true_negatives,subject_107_true_positives,subject_109_accuracy,subject_109_auc,subject_109_false_negatives,subject_109_false_positives,subject_109_loss,subject_109_pr,subject_109_precision,subject_109_recall,subject_109_true_negatives,subject_109_true_positives,subject_115_accuracy,subject_115_auc,subject_115_false_negatives,subject_115_false_positives,subject_115_loss,subject_115_pr,subject_115_precision,subject_115_recall,subject_115_true_negatives,subject_115_true_positives,subject_120_accuracy,subject_120_auc,subject_120_false_negatives,subject_120_false_positives,subject_120_loss,subject_120_pr,subject_120_precision,subject_120_recall,subject_120_true_negatives,subject_120_true_positives,subject_43_accuracy,subject_43_auc,subject_43_false_negatives,subject_43_false_positives,subject_43_loss,subject_43_pr,subject_43_precision,subject_43_recall,subject_43_true_negatives,subject_43_true_positives,subject_48_accuracy,subject_48_auc,subject_48_false_negatives,subject_48_false_positives,subject_48_loss,subject_48_pr,subject_48_precision,subject_48_recall,subject_48_true_negatives,subject_48_true_positives,subject_52_accuracy,subject_52_auc,subject_52_false_negatives,subject_52_false_positives,subject_52_loss,subject_52_pr,subject_52_precision,subject_52_recall,subject_52_true_negatives,subject_52_true_positives,subject_59_accuracy,subject_59_auc,subject_59_false_negatives,subject_59_false_positives,subject_59_loss,subject_59_pr,subject_59_precision,subject_59_recall,subject_59_true_negatives,subject_59_true_positives,subject_64_accuracy,subject_64_auc,subject_64_false_negatives,subject_64_false_positives,subject_64_loss,subject_64_pr,subject_64_precision,subject_64_recall,subject_64_true_negatives,subject_64_true_positives,subject_80_accuracy,subject_80_auc,subject_80_false_negatives,subject_80_false_positives,subject_80_loss,subject_80_pr,subject_80_precision,subject_80_recall,subject_80_true_negatives,subject_80_true_positives,subject_92_accuracy,subject_92_auc,subject_92_false_negatives,subject_92_false_positives,subject_92_loss,subject_92_pr,subject_92_precision,subject_92_recall,subject_92_true_negatives,subject_92_true_positives,subject_96_accuracy,subject_96_auc,subject_96_false_negatives,subject_96_false_positives,subject_96_loss,subject_96_pr,subject_96_precision,subject_96_recall,subject_96_true_negatives,subject_96_true_positives,true_negatives,true_positives,val_accuracy,val_auc,val_false_negatives,val_false_positives,val_loss,val_pr,val_precision,val_recall,val_true_negatives,val_true_positives
0,0.969791665673256,0.9989812523126601,133.0,12.0,0.08422585267495983,0.9989818980296454,0.9950731396675111,0.9445833365122478,,,,,,,,,,,,,,,,,,,,,,,,,,,,,,,,,,,,,,,,,,,,,,,,,,,,,,,,,,,,,,,,,,,,,,,,,,,,,,,,,,,,,,,,,,,,,,,,,,,,,,,,,,,,,,,,,,,,,,,,,2388.0,2267.0,0.9873284088898109,0.0,0.0,48.0,0.03854075550158738,0.0,0.0,0.0,3740.0,0.0
1,0.9818750023841859,0.9999218483765921,82.0,5.0,0.051498145526275046,0.9999221165974935,0.9979472508033118,0.9658333361148834,,,,,,,,,,,,,,,,,,,,,,,,,,,,,,,,,,,,,,,,,,,,,,,,,,,,,,,,,,,,,,,,,,,,,,,,,,,,,,,,,,,,,,,,,,,,,,,,,,,,,,,,,,,,,,,,,,,,,,,,,2395.0,2318.0,0.9878563914908276,0.0,0.0,46.0,0.03696585126414058,0.0,0.0,0.0,3742.0,0.0
2,0.9879166682561239,0.9999979039033255,56.0,2.0,0.03640090761783843,0.9999979088703792,0.9991749177376431,0.9766666640837988,,,,,,,,,,,,,,,,,,,,,,,,,,,,,,,,,,,,,,,,,,,,,,,,,,,,,,,,,,,,,,,,,,,,,,,,,,,,,,,,,,,,,,,,,,,,,,,,,,,,,,,,,,,,,,,,,,,,,,,,,2398.0,2344.0,0.9881203827913361,0.0,0.0,45.0,0.03633011012612115,0.0,0.0,0.0,3743.0,0.0
3,0.991666669646899,0.9999999950329463,38.0,2.0,0.02811634432136392,0.9999999950329465,0.9991749177376431,0.9841666668653489,,,,,,,,,,,,,,,,,,,,,,,,,,,,,,,,,,,,,,,,,,,,,,,,,,,,,,,,,,,,,,,,,,,,,,,,,,,,,,,,,,,,,,,,,,,,,,,,,,,,,,,,,,,,,,,,,,,,,,,,,2398.0,2362.0,0.9881203827913361,0.0,0.0,45.0,0.035984298784353455,0.0,0.0,0.0,3743.0,0.0
4,0.9947916666666667,0.9999999801317851,23.0,2.0,0.023187630301884688,0.9999999751647314,0.9991749177376431,0.9904166658719381,,,,,,,,,,,,,,,,,,,,,,,,,,,,,,,,,,,,,,,,,,,,,,,,,,,,,,,,,,,,,,,,,,,,,,,,,,,,,,,,,,,,,,,,,,,,,,,,,,,,,,,,,,,,,,,,,,,,,,,,,2398.0,2377.0,0.9883843740918443,0.0,0.0,44.0,0.03581642164474912,0.0,0.0,0.0,3744.0,0.0
5,0.9964583317438762,0.9999999850988389,16.0,1.0,0.019753222127134595,1.0,0.9995854049921037,0.9933333347241085,,,,,,,,,,,,,,,,,,,,,,,,,,,,,,,,,,,,,,,,,,,,,,,,,,,,,,,,,,,,,,,,,,,,,,,,,,,,,,,,,,,,,,,,,,,,,,,,,,,,,,,,,,,,,,,,,,,,,,,,,2399.0,2384.0,0.9886483653923528,0.0,0.0,43.0,0.03572823560947329,0.0,0.0,0.0,3745.0,0.0
6,0.9968750029802323,0.999999965230624,14.0,1.0,0.017351436987131215,0.9999999950329463,0.9995854049921037,0.9941666672627132,,,,,,,,,,,,,,,,,,,,,,,,,,,,,,,,,,,,,,,,,,,,,,,,,,,,,,,,,,,,,,,,,,,,,,,,,,,,,,,,,,,,,,,,,,,,,,,,,,,,,,,,,,,,,,,,,,,,,,,,,2399.0,2386.0,0.988912356692861,0.0,0.0,42.0,0.035675558208620936,0.0,0.0,0.0,3746.0,0.0
7,0.9983333349227906,0.9999999900658926,7.0,1.0,0.01550499863961401,1.0,0.9995854049921037,0.9970833361148835,,,,,,,,,,,,,,,,,,,,,,,,,,,,,,,,,,,,,,,,,,,,,,,,,,,,,,,,,,,,,,,,,,,,,,,,,,,,,,,,,,,,,,,,,,,,,,,,,,,,,,,,,,,,,,,,,,,,,,,,,2399.0,2393.0,0.9886483653923528,0.0,0.0,43.0,0.035596341385614946,0.0,0.0,0.0,3745.0,0.0
8,0.998750001192093,0.9999999850988388,6.0,0.0,0.014055466069839893,0.9999999900658927,1.0,0.9975000023841859,,,,,,,,,,,,,,,,,,,,,,,,,,,,,,,,,,,,,,,,,,,,,,,,,,,,,,,,,,,,,,,,,,,,,,,,,,,,,,,,,,,,,,,,,,,,,,,,,,,,,,,,,,,,,,,,,,,,,,,,,2400.0,2394.0,0.9886483653923528,0.0,0.0,43.0,0.03551917800981229,0.0,0.0,0.0,3745.0,0.0
9,0.9991666674613954,0.9999999900658927,4.0,0.0,0.012891619040553148,0.9999999900658927,1.0,0.9983333349227906,,,,,,,,,,,,,,,,,,,,,,,,,,,,,,,,,,,,,,,,,,,,,,,,,,,,,,,,,,,,,,,,,,,,,,,,,,,,,,,,,,,,,,,,,,,,,,,,,,,,,,,,,,,,,,,,,,,,,,,,,2400.0,2396.0,0.9886483653923528,0.0,0.0,43.0,0.035417398235502266,0.0,0.0,0.0,3745.0,0.0
10,0.9991666674613954,0.9999999900658927,4.0,0.0,0.011932370027837653,0.9999999900658926,1.0,0.9983333349227906,,,,,,,,,,,,,,,,,,,,,,,,,,,,,,,,,,,,,,,,,,,,,,,,,,,,,,,,,,,,,,,,,,,,,,,,,,,,,,,,,,,,,,,,,,,,,,,,,,,,,,,,,,,,,,,,,,,,,,,,,2400.0,2396.0,0.9886483653923528,0.0,0.0,43.0,0.0353117034433995,0.0,0.0,0.0,3745.0,0.0
11,0.9995833337306977,1.0,2.0,0.0,0.011135321809366966,0.9999999701976776,1.0,0.9991666674613954,,,,,,,,,,,,,,,,,,,,,,,,,,,,,,,,,,,,,,,,,,,,,,,,,,,,,,,,,,,,,,,,,,,,,,,,,,,,,,,,,,,,,,,,,,,,,,,,,,,,,,,,,,,,,,,,,,,,,,,,,2400.0,2398.0,0.9886483653923528,0.0,0.0,43.0,0.03521516244412757,0.0,0.0,0.0,3745.0,0.0
12,0.9995833337306977,0.9999999801317851,2.0,0.0,0.010419902226033931,0.9999999701976776,1.0,0.9991666674613954,,,,,,,,,,,,,,,,,,,,,,,,,,,,,,,,,,,,,,,,,,,,,,,,,,,,,,,,,,,,,,,,,,,,,,,,,,,,,,,,,,,,,,,,,,,,,,,,,,,,,,,,,,,,,,,,,,,,,,,,,2400.0,2398.0,0.9886483653923528,0.0,0.0,43.0,0.03519708556275127,0.0,0.0,0.0,3745.0,0.0
13,0.9997916668653489,0.9999999850988389,1.0,0.0,0.009813398500361168,0.9999999801317851,1.0,0.9995833337306977,,,,,,,,,,,,,,,,,,,,,,,,,,,,,,,,,,,,,,,,,,,,,,,,,,,,,,,,,,,,,,,,,,,,,,,,,,,,,,,,,,,,,,,,,,,,,,,,,,,,,,,,,,,,,,,,,,,,,,,,,2400.0,2399.0,0.9883843740918443,0.0,0.0,44.0,0.03519996702405752,0.0,0.0,0.0,3744.0,0.0
14,0.9997916668653489,0.999999965230624,1.0,0.0,0.009290087460928288,0.999999980131785,1.0,0.9995833337306977,,,,,,,,,,,,,,,,,,,,,,,,,,,,,,,,,,,,,,,,,,,,,,,,,,,,,,,,,,,,,,,,,,,,,,,,,,,,,,,,,,,,,,,,,,,,,,,,,,,,,,,,,,,,,,,,,,,,,,,,,2400.0,2399.0,0.9883843740918443,0.0,0.0,44.0,0.03514631540394317,0.0,0.0,0.0,3744.0,0.0
15,0.9997916668653489,0.9999999701976776,1.0,0.0,0.008823436945288754,0.9999999900658926,1.0,0.9995833337306977,,,,,,,,,,,,,,,,,,,,,,,,,,,,,,,,,,,,,,,,,,,,,,,,,,,,,,,,,,,,,,,,,,,,,,,,,,,,,,,,,,,,,,,,,,,,,,,,,,,,,,,,,,,,,,,,,,,,,,,,,2400.0,2399.0,0.9883843740918443,0.0,0.0,44.0,0.035108680766897306,0.0,0.0,0.0,3744.0,0.0
16,0.9997916668653489,0.9999999850988388,1.0,0.0,0.008411131113534793,1.0000000099341075,1.0,0.9995833337306977,,,,,,,,,,,,,,,,,,,,,,,,,,,,,,,,,,,,,,,,,,,,,,,,,,,,,,,,,,,,,,,,,,,,,,,,,,,,,,,,,,,,,,,,,,,,,,,,,,,,,,,,,,,,,,,,,,,,,,,,,2400.0,2399.0,0.9883843740918443,0.0,0.0,44.0,0.035103524811883495,0.0,0.0,0.0,3744.0,0.0
17,0.9997916668653489,0.9999999900658926,1.0,0.0,0.008039787157904356,0.9999999900658926,1.0,0.9995833337306977,,,,,,,,,,,,,,,,,,,,,,,,,,,,,,,,,,,,,,,,,,,,,,,,,,,,,,,,,,,,,,,,,,,,,,,,,,,,,,,,,,,,,,,,,,,,,,,,,,,,,,,,,,,,,,,,,,,,,,,,,2400.0,2399.0,0.9883843740918443,0.0,0.0,44.0,0.03505428813151655,0.0,0.0,0.0,3744.0,0.0
18,0.9997916668653489,1.0000000049670539,1.0,0.0,0.0076999979557391875,0.9999999900658927,1.0,0.9995833337306977,,,,,,,,,,,,,,,,,,,,,,,,,,,,,,,,,,,,,,,,,,,,,,,,,,,,,,,,,,,,,,,,,,,,,,,,,,,,,,,,,,,,,,,,,,,,,,,,,,,,,,,,,,,,,,,,,,,,,,,,,2400.0,2399.0,0.9883843740918443,0.0,0.0,44.0,0.035004046944715234,0.0,0.0,0.0,3744.0,0.0
19,0.9997916668653489,1.0000000149011612,1.0,0.0,0.007395684687653557,0.9999999950329463,1.0,0.9995833337306977,,,,,,,,,,,,,,,,,,,,,,,,,,,,,,,,,,,,,,,,,,,,,,,,,,,,,,,,,,,,,,,,,,,,,,,,,,,,,,,,,,,,,,,,,,,,,,,,,,,,,,,,,,,,,,,,,,,,,,,,,2400.0,2399.0,0.9883843740918443,0.0,0.0,44.0,0.034972836274745164,0.0,0.0,0.0,3744.0,0.0
20,0.9997916668653489,1.0000000149011612,1.0,0.0,0.007112294447336656,0.9999999950329463,1.0,0.9995833337306977,,,,,,,,,,,,,,,,,,,,,,,,,,,,,,,,,,,,,,,,,,,,,,,,,,,,,,,,,,,,,,,,,,,,,,,,,,,,,,,,,,,,,,,,,,,,,,,,,,,,,,,,,,,,,,,,,,,,,,,,,2400.0,2399.0,0.9883843740918443,0.0,0.0,44.0,0.03492540669073155,0.0,0.0,0.0,3744.0,0.0
21,0.9997916668653489,1.0000000049670539,1.0,0.0,0.006852766212735634,0.9999999950329463,1.0,0.9995833337306977,,,,,,,,,,,,,,,,,,,,,,,,,,,,,,,,,,,,,,,,,,,,,,,,,,,,,,,,,,,,,,,,,,,,,,,,,,,,,,,,,,,,,,,,,,,,,,,,,,,,,,,,,,,,,,,,,,,,,,,,,2400.0,2399.0,0.9883843740918443,0.0,0.0,44.0,0.03492770596715748,0.0,0.0,0.0,3744.0,0.0
22,0.9997916668653489,0.9999999950329465,1.0,0.0,0.006617170233124247,0.9999999950329463,1.0,0.9995833337306977,,,,,,,,,,,,,,,,,,,,,,,,,,,,,,,,,,,,,,,,,,,,,,,,,,,,,,,,,,,,,,,,,,,,,,,,,,,,,,,,,,,,,,,,,,,,,,,,,,,,,,,,,,,,,,,,,,,,,,,,,2400.0,2399.0,0.9883843740918443,0.0,0.0,44.0,0.0349347407463477,0.0,0.0,0.0,3744.0,0.0
23,1.0,0.9999999900658927,0.0,0.0,0.006400989365647546,1.0,1.0,1.0,,,,,,,,,,,,,,,,,,,,,,,,,,,,,,,,,,,,,,,,,,,,,,,,,,,,,,,,,,,,,,,,,,,,,,,,,,,,,,,,,,,,,,,,,,,,,,,,,,,,,,,,,,,,,,,,,,,,,,,,,2400.0,2400.0,0.9883843740918443,0.0,0.0,44.0,0.03488171783594155,0.0,0.0,0.0,3744.0,0.0
24,1.0,0.9999999950329465,0.0,0.0,0.006193909702415113,1.0000000099341075,1.0,1.0,,,,,,,,,,,,,,,,,,,,,,,,,,,,,,,,,,,,,,,,,,,,,,,,,,,,,,,,,,,,,,,,,,,,,,,,,,,,,,,,,,,,,,,,,,,,,,,,,,,,,,,,,,,,,,,,,,,,,,,,,2400.0,2400.0,0.9886483653923528,0.0,0.0,43.0,0.03487631323818567,0.0,0.0,0.0,3745.0,0.0
25,1.0,0.9999999850988389,0.0,0.0,0.006005666908070756,1.0,1.0,1.0,,,,,,,,,,,,,,,,,,,,,,,,,,,,,,,,,,,,,,,,,,,,,,,,,,,,,,,,,,,,,,,,,,,,,,,,,,,,,,,,,,,,,,,,,,,,,,,,,,,,,,,,,,,,,,,,,,,,,,,,,2400.0,2400.0,0.9886483653923528,0.0,0.0,43.0,0.034876252687718275,0.0,0.0,0.0,3745.0,0.0
26,1.0,0.9999999801317851,0.0,0.0,0.005824277295614594,1.0000000049670539,1.0,1.0,,,,,,,,,,,,,,,,,,,,,,,,,,,,,,,,,,,,,,,,,,,,,,,,,,,,,,,,,,,,,,,,,,,,,,,,,,,,,,,,,,,,,,,,,,,,,,,,,,,,,,,,,,,,,,,,,,,,,,,,,2400.0,2400.0,0.9886483653923528,0.0,0.0,43.0,0.034865209639390715,0.0,0.0,0.0,3745.0,0.0
27,1.0,0.9999999801317851,0.0,0.0,0.005662215279298835,0.9999999900658927,1.0,1.0,,,,,,,,,,,,,,,,,,,,,,,,,,,,,,,,,,,,,,,,,,,,,,,,,,,,,,,,,,,,,,,,,,,,,,,,,,,,,,,,,,,,,,,,,,,,,,,,,,,,,,,,,,,,,,,,,,,,,,,,,2400.0,2400.0,0.9886483653923528,0.0,0.0,43.0,0.034843713395464895,0.0,0.0,0.0,3745.0,0.0
28,1.0,0.9999999850988389,0.0,0.0,0.005508894841380728,0.9999999950329463,1.0,1.0,,,,,,,,,,,,,,,,,,,,,,,,,,,,,,,,,,,,,,,,,,,,,,,,,,,,,,,,,,,,,,,,,,,,,,,,,,,,,,,,,,,,,,,,,,,,,,,,,,,,,,,,,,,,,,,,,,,,,,,,,2400.0,2400.0,0.9886483653923528,0.0,0.0,43.0,0.034822575987205166,0.0,0.0,0.0,3745.0,0.0
29,1.0,0.9999999801317851,0.0,0.0,0.005362230239067382,0.9999999900658927,1.0,1.0,,,,,,,,,,,,,,,,,,,,,,,,,,,,,,,,,,,,,,,,,,,,,,,,,,,,,,,,,,,,,,,,,,,,,,,,,,,,,,,,,,,,,,,,,,,,,,,,,,,,,,,,,,,,,,,,,,,,,,,,,2400.0,2400.0,0.9886483653923528,0.0,0.0,43.0,0.034830409152518456,0.0,0.0,0.0,3745.0,0.0
