,accuracy,auc,false_negatives,false_positives,loss,pr,precision,recall,subject_107_accuracy,subject_107_auc,subject_107_false_negatives,subject_107_false_positives,subject_107_loss,subject_107_pr,subject_107_precision,subject_107_recall,subject_107_true_negatives,subject_107_true_positives,subject_109_accuracy,subject_109_auc,subject_109_false_negatives,subject_109_false_positives,subject_109_loss,subject_109_pr,subject_109_precision,subject_109_recall,subject_109_true_negatives,subject_109_true_positives,subject_115_accuracy,subject_115_auc,subject_115_false_negatives,subject_115_false_positives,subject_115_loss,subject_115_pr,subject_115_precision,subject_115_recall,subject_115_true_negatives,subject_115_true_positives,subject_120_accuracy,subject_120_auc,subject_120_false_negatives,subject_120_false_positives,subject_120_loss,subject_120_pr,subject_120_precision,subject_120_recall,subject_120_true_negatives,subject_120_true_positives,subject_43_accuracy,subject_43_auc,subject_43_false_negatives,subject_43_false_positives,subject_43_loss,subject_43_pr,subject_43_precision,subject_43_recall,subject_43_true_negatives,subject_43_true_positives,subject_48_accuracy,subject_48_auc,subject_48_false_negatives,subject_48_false_positives,subject_48_loss,subject_48_pr,subject_48_precision,subject_48_recall,subject_48_true_negatives,subject_48_true_positives,subject_52_accuracy,subject_52_auc,subject_52_false_negatives,subject_52_false_positives,subject_52_loss,subject_52_pr,subject_52_precision,subject_52_recall,subject_52_true_negatives,subject_52_true_positives,subject_59_accuracy,subject_59_auc,subject_59_false_negatives,subject_59_false_positives,subject_59_loss,subject_59_pr,subject_59_precision,subject_59_recall,subject_59_true_negatives,subject_59_true_positives,subject_64_accuracy,subject_64_auc,subject_64_false_negatives,subject_64_false_positives,subject_64_loss,subject_64_pr,subject_64_precision,subject_64_recall,subject_64_true_negatives,subject_64_true_positives,subject_80_accuracy,subject_80_auc,subject_80_false_negatives,subject_80_false_positives,subject_80_loss,subject_80_pr,subject_80_precision,subject_80_recall,subject_80_true_negatives,subject_80_true_positives,subject_92_accuracy,subject_92_auc,subject_92_false_negatives,subject_92_false_positives,subject_92_loss,subject_92_pr,subject_92_precision,subject_92_recall,subject_92_true_negatives,subject_92_true_positives,true_negatives,true_positives,val_accuracy,val_auc,val_false_negatives,val_false_positives,val_loss,val_pr,val_precision,val_recall,val_true_negatives,val_true_positives
0,0.9297727292234249,0.9984079220078209,295.0,14.0,0.1739607923240824,0.9986758773977107,0.993495133790103,0.8659090914509515,,,,,,,,,,,,,,,,,,,,,,,,,,,,,,,,,,,,,,,,,,,,,,,,,,,,,,,,,,,,,,,,,,,,,,,,,,,,,,,,,,,,,,,,,,,,,,,,,,,,,,,,,,,,,,,2186.0,1905.0,0.8435210215047754,0.3886812687655742,966.0,657.0,0.4633276610241607,0.30150299029970007,0.3004882814706728,0.1830872962466088,8099.0,650.0
1,0.9897727261890066,0.9999851963736794,43.0,2.0,0.05229851176284931,0.9999856352806091,0.999099910259247,0.9804545532573354,,,,,,,,,,,,,,,,,,,,,,,,,,,,,,,,,,,,,,,,,,,,,,,,,,,,,,,,,,,,,,,,,,,,,,,,,,,,,,,,,,,,,,,,,,,,,,,,,,,,,,,,,,,,,,,2198.0,2157.0,0.8069803314208065,0.3859730683097589,923.0,1079.0,0.5607424027104045,0.29552472658337564,0.2822464500850938,0.19495981459883344,7677.0,693.0
2,0.999090909957886,0.999999989162792,3.0,1.0,0.023396567585454744,0.999999989162792,0.9995477145368404,0.9986363649368288,,,,,,,,,,,,,,,,,,,,,,,,,,,,,,,,,,,,,,,,,,,,,,,,,,,,,,,,,,,,,,,,,,,,,,,,,,,,,,,,,,,,,,,,,,,,,,,,,,,,,,,,,,,,,,,2199.0,2197.0,0.7742961749716057,0.3824654065224824,897.0,1444.0,0.7025880104971374,0.2859223108699871,0.27340614809476865,0.20304623970275582,7312.0,719.0
3,1.0000000000000002,1.0,0.0,0.0,0.014564345248720864,1.0000000000000002,1.0000000000000002,1.0000000000000002,,,,,,,,,,,,,,,,,,,,,,,,,,,,,,,,,,,,,,,,,,,,,,,,,,,,,,,,,,,,,,,,,,,,,,,,,,,,,,,,,,,,,,,,,,,,,,,,,,,,,,,,,,,,,,,2200.0,2200.0,0.7583879659155643,0.3795914454575997,889.0,1617.0,0.8071111933507469,0.27774219567188185,0.26939356846557455,0.20680514883107767,7139.0,727.0
4,1.0000000000000002,0.9999999837441879,0.0,0.0,0.010691306756978686,1.0000000000000002,1.0000000000000002,1.0000000000000002,,,,,,,,,,,,,,,,,,,,,,,,,,,,,,,,,,,,,,,,,,,,,,,,,,,,,,,,,,,,,,,,,,,,,,,,,,,,,,,,,,,,,,,,,,,,,,,,,,,,,,,,,,,,,,,2200.0,2200.0,0.7516390313248904,0.3758646243794563,889.0,1687.0,0.8865276034108286,0.27074619616222717,0.2667119260281152,0.2063321709127165,7069.0,727.0
5,1.0000000000000002,1.0,0.0,0.0,0.008615610249001872,0.9999999945813961,1.0000000000000002,1.0000000000000002,,,,,,,,,,,,,,,,,,,,,,,,,,,,,,,,,,,,,,,,,,,,,,,,,,,,,,,,,,,,,,,,,,,,,,,,,,,,,,,,,,,,,,,,,,,,,,,,,,,,,,,,,,,,,,,2200.0,2200.0,0.7485538039929702,0.37306767097551113,888.0,1720.0,0.9416081937735399,0.26775960489170825,0.264779247926829,0.2068338415715118,7036.0,728.0
