,accuracy,auc,false_negatives,false_positives,loss,pr,precision,recall,subject_107_accuracy,subject_107_auc,subject_107_false_negatives,subject_107_false_positives,subject_107_loss,subject_107_pr,subject_107_precision,subject_107_recall,subject_107_true_negatives,subject_107_true_positives,subject_115_accuracy,subject_115_auc,subject_115_false_negatives,subject_115_false_positives,subject_115_loss,subject_115_pr,subject_115_precision,subject_115_recall,subject_115_true_negatives,subject_115_true_positives,subject_120_accuracy,subject_120_auc,subject_120_false_negatives,subject_120_false_positives,subject_120_loss,subject_120_pr,subject_120_precision,subject_120_recall,subject_120_true_negatives,subject_120_true_positives,subject_43_accuracy,subject_43_auc,subject_43_false_negatives,subject_43_false_positives,subject_43_loss,subject_43_pr,subject_43_precision,subject_43_recall,subject_43_true_negatives,subject_43_true_positives,subject_52_accuracy,subject_52_auc,subject_52_false_negatives,subject_52_false_positives,subject_52_loss,subject_52_pr,subject_52_precision,subject_52_recall,subject_52_true_negatives,subject_52_true_positives,subject_64_accuracy,subject_64_auc,subject_64_false_negatives,subject_64_false_positives,subject_64_loss,subject_64_pr,subject_64_precision,subject_64_recall,subject_64_true_negatives,subject_64_true_positives,subject_80_accuracy,subject_80_auc,subject_80_false_negatives,subject_80_false_positives,subject_80_loss,subject_80_pr,subject_80_precision,subject_80_recall,subject_80_true_negatives,subject_80_true_positives,subject_92_accuracy,subject_92_auc,subject_92_false_negatives,subject_92_false_positives,subject_92_loss,subject_92_pr,subject_92_precision,subject_92_recall,subject_92_true_negatives,subject_92_true_positives,true_negatives,true_positives,val_accuracy,val_auc,val_false_negatives,val_false_positives,val_loss,val_pr,val_precision,val_recall,val_true_negatives,val_true_positives
0,0.8021875023841858,0.9430874586105347,303.0,330.0,0.7741118662059309,0.9355997368693352,0.8821476474404335,0.810624998062849,,,,,,,,,,,,,,,,,,,,,,,,,,,,,,,,,,,,,,,,,,,,,,,,,,,,,,,,,,,,,,,,,,,,,,,,,,,,,,,,,1270.0,1297.0,0.7945988790238936,0.36973358886834184,715.0,1620.0,0.6363564845297376,0.29458039333122366,0.25021604158608196,0.3039624010914652,7172.0,1861.0
1,0.9221875071525574,0.996212475001812,36.0,213.0,0.2629486708017066,0.9928872734308243,0.9219745919108391,0.9774999991059303,,,,,,,,,,,,,,,,,,,,,,,,,,,,,,,,,,,,,,,,,,,,,,,,,,,,,,,,,,,,,,,,,,,,,,,,,,,,,,,,,1387.0,1564.0,0.7880014128075948,0.37956455815517925,843.0,1567.0,0.5774195251740938,0.2975675100637606,0.27224955914370363,0.2860216075825825,7225.0,1733.0
2,0.9693749994039536,0.9999999850988388,0.0,98.0,0.07925337709952146,1.0,0.9585531949996948,1.0,,,,,,,,,,,,,,,,,,,,,,,,,,,,,,,,,,,,,,,,,,,,,,,,,,,,,,,,,,,,,,,,,,,,,,,,,,,,,,,,,1502.0,1600.0,0.7816678380186,0.38092019346547246,1041.0,1441.0,0.5810770617829429,0.29862978349765534,0.2917789525963906,0.26761273707851063,7351.0,1535.0
3,0.9978125020861626,1.0,0.0,7.0,0.028325565727427598,0.9999999850988388,0.9957729503512383,1.0,,,,,,,,,,,,,,,,,,,,,,,,,,,,,,,,,,,,,,,,,,,,,,,,,,,,,,,,,,,,,,,,,,,,,,,,,,,,,,,,,1593.0,1600.0,0.7622273035090545,0.38160529061575155,1338.0,1365.0,0.6185600750721278,0.2991640246791122,0.2844503871011197,0.2390654246512221,7427.0,1238.0
4,1.0,0.9999999776482582,0.0,0.0,0.016018381095491353,1.0000000074505806,1.0,1.0,,,,,,,,,,,,,,,,,,,,,,,,,,,,,,,,,,,,,,,,,,,,,,,,,,,,,,,,,,,,,,,,,,,,,,,,,,,,,,,,,1600.0,1600.0,0.7526389946512233,0.3817075541495942,1491.0,1321.0,0.6545551920166784,0.29906521945206066,0.287623625649775,0.22754909135899354,7471.0,1085.0
5,1.0,1.0000000074505806,0.0,0.0,0.011572769972262904,0.9999999925494194,1.0,1.0,,,,,,,,,,,,,,,,,,,,,,,,,,,,,,,,,,,,,,,,,,,,,,,,,,,,,,,,,,,,,,,,,,,,,,,,,,,,,,,,,1600.0,1600.0,0.745689656949857,0.38188417699452776,1569.0,1322.0,0.68296209332467,0.29913488444646086,0.28466722059845506,0.22243566179804025,7470.0,1007.0
6,1.0,0.9999999925494194,0.0,0.0,0.009344478436978533,0.9999999925494194,1.0,1.0,,,,,,,,,,,,,,,,,,,,,,,,,,,,,,,,,,,,,,,,,,,,,,,,,,,,,,,,,,,,,,,,,,,,,,,,,,,,,,,,,1600.0,1600.0,0.743842364432399,0.38227035022385936,1609.0,1303.0,0.7017116796560873,0.2992029663838609,0.2855730248925805,0.21816211898485427,7489.0,967.0
