,accuracy,auc,false_negatives,false_positives,loss,pr,precision,recall,subject_107_accuracy,subject_107_auc,subject_107_false_negatives,subject_107_false_positives,subject_107_loss,subject_107_pr,subject_107_precision,subject_107_recall,subject_107_true_negatives,subject_107_true_positives,subject_109_accuracy,subject_109_auc,subject_109_false_negatives,subject_109_false_positives,subject_109_loss,subject_109_pr,subject_109_precision,subject_109_recall,subject_109_true_negatives,subject_109_true_positives,subject_115_accuracy,subject_115_auc,subject_115_false_negatives,subject_115_false_positives,subject_115_loss,subject_115_pr,subject_115_precision,subject_115_recall,subject_115_true_negatives,subject_115_true_positives,subject_120_accuracy,subject_120_auc,subject_120_false_negatives,subject_120_false_positives,subject_120_loss,subject_120_pr,subject_120_precision,subject_120_recall,subject_120_true_negatives,subject_120_true_positives,subject_43_accuracy,subject_43_auc,subject_43_false_negatives,subject_43_false_positives,subject_43_loss,subject_43_pr,subject_43_precision,subject_43_recall,subject_43_true_negatives,subject_43_true_positives,subject_48_accuracy,subject_48_auc,subject_48_false_negatives,subject_48_false_positives,subject_48_loss,subject_48_pr,subject_48_precision,subject_48_recall,subject_48_true_negatives,subject_48_true_positives,subject_52_accuracy,subject_52_auc,subject_52_false_negatives,subject_52_false_positives,subject_52_loss,subject_52_pr,subject_52_precision,subject_52_recall,subject_52_true_negatives,subject_52_true_positives,subject_59_accuracy,subject_59_auc,subject_59_false_negatives,subject_59_false_positives,subject_59_loss,subject_59_pr,subject_59_precision,subject_59_recall,subject_59_true_negatives,subject_59_true_positives,subject_64_accuracy,subject_64_auc,subject_64_false_negatives,subject_64_false_positives,subject_64_loss,subject_64_pr,subject_64_precision,subject_64_recall,subject_64_true_negatives,subject_64_true_positives,subject_80_accuracy,subject_80_auc,subject_80_false_negatives,subject_80_false_positives,subject_80_loss,subject_80_pr,subject_80_precision,subject_80_recall,subject_80_true_negatives,subject_80_true_positives,subject_92_accuracy,subject_92_auc,subject_92_false_negatives,subject_92_false_positives,subject_92_loss,subject_92_pr,subject_92_precision,subject_92_recall,subject_92_true_negatives,subject_92_true_positives,subject_96_accuracy,subject_96_auc,subject_96_false_negatives,subject_96_false_positives,subject_96_loss,subject_96_pr,subject_96_precision,subject_96_recall,subject_96_true_negatives,subject_96_true_positives,true_negatives,true_positives,val_accuracy,val_auc,val_false_negatives,val_false_positives,val_loss,val_pr,val_precision,val_recall,val_true_negatives,val_true_positives
0,0.9897916714350383,0.9997895757357279,38.0,11.0,0.03716401573658611,0.9997825721899669,0.9956556061903638,0.9841666668653489,,,,,,,,,,,,,,,,,,,,,,,,,,,,,,,,,,,,,,,,,,,,,,,,,,,,,,,,,,,,,,,,,,,,,,,,,,,,,,,,,,,,,,,,,,,,,,,,,,,,,,,,,,,,,,,,,,,,,,,,,2389.0,2362.0,0.9897043288320524,0.0,0.0,39.0,0.037990202994008154,0.0,0.0,0.0,3749.0,0.0
1,0.9991666674613954,1.0000000149011612,1.0,3.0,0.01708189434527109,1.0,0.9987684736649197,0.9995833337306977,,,,,,,,,,,,,,,,,,,,,,,,,,,,,,,,,,,,,,,,,,,,,,,,,,,,,,,,,,,,,,,,,,,,,,,,,,,,,,,,,,,,,,,,,,,,,,,,,,,,,,,,,,,,,,,,,,,,,,,,,2397.0,2399.0,0.9939281987036168,0.0,0.0,23.0,0.028340380081961988,0.0,0.0,0.0,3765.0,0.0
2,1.0,0.9999999950329462,0.0,0.0,0.010818944352213294,0.9999999751647314,1.0,1.0,,,,,,,,,,,,,,,,,,,,,,,,,,,,,,,,,,,,,,,,,,,,,,,,,,,,,,,,,,,,,,,,,,,,,,,,,,,,,,,,,,,,,,,,,,,,,,,,,,,,,,,,,,,,,,,,,,,,,,,,,2400.0,2400.0,0.9947201676957838,0.0,0.0,20.0,0.023747293335983553,0.0,0.0,0.0,3768.0,0.0
3,1.0,1.0000000248352687,0.0,0.0,0.008061792467487975,1.0,1.0,1.0,,,,,,,,,,,,,,,,,,,,,,,,,,,,,,,,,,,,,,,,,,,,,,,,,,,,,,,,,,,,,,,,,,,,,,,,,,,,,,,,,,,,,,,,,,,,,,,,,,,,,,,,,,,,,,,,,,,,,,,,,2400.0,2400.0,0.9960401286041598,0.0,0.0,15.0,0.02074801394693286,0.0,0.0,0.0,3773.0,0.0
4,1.0,0.9999999950329465,0.0,0.0,0.006529622113836619,0.9999999900658927,1.0,1.0,,,,,,,,,,,,,,,,,,,,,,,,,,,,,,,,,,,,,,,,,,,,,,,,,,,,,,,,,,,,,,,,,,,,,,,,,,,,,,,,,,,,,,,,,,,,,,,,,,,,,,,,,,,,,,,,,,,,,,,,,2400.0,2400.0,0.9963041174499891,0.0,0.0,14.0,0.01944158780140214,0.0,0.0,0.0,3774.0,0.0
5,1.0,0.9999999751647314,0.0,0.0,0.005555959198003013,0.9999999950329465,1.0,1.0,,,,,,,,,,,,,,,,,,,,,,,,,,,,,,,,,,,,,,,,,,,,,,,,,,,,,,,,,,,,,,,,,,,,,,,,,,,,,,,,,,,,,,,,,,,,,,,,,,,,,,,,,,,,,,,,,,,,,,,,,2400.0,2400.0,0.9965681163033564,0.0,0.0,13.0,0.01815889501138251,0.0,0.0,0.0,3775.0,0.0
6,1.0,1.0000000099341075,0.0,0.0,0.004875528178332995,0.9999999950329465,1.0,1.0,,,,,,,,,,,,,,,,,,,,,,,,,,,,,,,,,,,,,,,,,,,,,,,,,,,,,,,,,,,,,,,,,,,,,,,,,,,,,,,,,,,,,,,,,,,,,,,,,,,,,,,,,,,,,,,,,,,,,,,,,2400.0,2400.0,0.9963041250028479,0.0,0.0,14.0,0.017559700187220934,0.0,0.0,0.0,3774.0,0.0
7,1.0,0.9999999801317851,0.0,0.0,0.004363857605688585,0.9999999950329463,1.0,1.0,,,,,,,,,,,,,,,,,,,,,,,,,,,,,,,,,,,,,,,,,,,,,,,,,,,,,,,,,,,,,,,,,,,,,,,,,,,,,,,,,,,,,,,,,,,,,,,,,,,,,,,,,,,,,,,,,,,,,,,,,2400.0,2400.0,0.9963041250028479,0.0,0.0,14.0,0.017139879794380256,0.0,0.0,0.0,3774.0,0.0
8,1.0,0.9999999950329463,0.0,0.0,0.003972691943733177,1.0,1.0,1.0,,,,,,,,,,,,,,,,,,,,,,,,,,,,,,,,,,,,,,,,,,,,,,,,,,,,,,,,,,,,,,,,,,,,,,,,,,,,,,,,,,,,,,,,,,,,,,,,,,,,,,,,,,,,,,,,,,,,,,,,,2400.0,2400.0,0.9963041250028479,0.0,0.0,14.0,0.016761933032220667,0.0,0.0,0.0,3774.0,0.0
9,1.0,0.9999999850988389,0.0,0.0,0.003652585772409414,1.0000000099341075,1.0,1.0,,,,,,,,,,,,,,,,,,,,,,,,,,,,,,,,,,,,,,,,,,,,,,,,,,,,,,,,,,,,,,,,,,,,,,,,,,,,,,,,,,,,,,,,,,,,,,,,,,,,,,,,,,,,,,,,,,,,,,,,,2400.0,2400.0,0.9965681138486773,0.0,0.0,13.0,0.01656855979766903,0.0,0.0,0.0,3775.0,0.0
10,1.0,0.9999999900658927,0.0,0.0,0.0033914054504324063,1.0000000099341075,1.0,1.0,,,,,,,,,,,,,,,,,,,,,,,,,,,,,,,,,,,,,,,,,,,,,,,,,,,,,,,,,,,,,,,,,,,,,,,,,,,,,,,,,,,,,,,,,,,,,,,,,,,,,,,,,,,,,,,,,,,,,,,,,2400.0,2400.0,0.9965681138486773,0.0,0.0,13.0,0.016348225797856972,0.0,0.0,0.0,3775.0,0.0
11,1.0,0.9999999950329463,0.0,0.0,0.003170405072063053,1.0,1.0,1.0,,,,,,,,,,,,,,,,,,,,,,,,,,,,,,,,,,,,,,,,,,,,,,,,,,,,,,,,,,,,,,,,,,,,,,,,,,,,,,,,,,,,,,,,,,,,,,,,,,,,,,,,,,,,,,,,,,,,,,,,,2400.0,2400.0,0.9965681138486773,0.0,0.0,13.0,0.01625178562060004,0.0,0.0,0.0,3775.0,0.0
12,1.0,1.0000000049670539,0.0,0.0,0.00298013909215418,0.9999999900658926,1.0,1.0,,,,,,,,,,,,,,,,,,,,,,,,,,,,,,,,,,,,,,,,,,,,,,,,,,,,,,,,,,,,,,,,,,,,,,,,,,,,,,,,,,,,,,,,,,,,,,,,,,,,,,,,,,,,,,,,,,,,,,,,,2400.0,2400.0,0.9965681138486773,0.0,0.0,13.0,0.0160401308902113,0.0,0.0,0.0,3775.0,0.0
13,1.0,1.0000000049670539,0.0,0.0,0.002818823658744804,0.9999999801317851,1.0,1.0,,,,,,,,,,,,,,,,,,,,,,,,,,,,,,,,,,,,,,,,,,,,,,,,,,,,,,,,,,,,,,,,,,,,,,,,,,,,,,,,,,,,,,,,,,,,,,,,,,,,,,,,,,,,,,,,,,,,,,,,,2400.0,2400.0,0.9965681138486773,0.0,0.0,13.0,0.016028936416436372,0.0,0.0,0.0,3775.0,0.0
14,1.0,1.0000000049670539,0.0,0.0,0.002674968915719849,0.9999999950329463,1.0,1.0,,,,,,,,,,,,,,,,,,,,,,,,,,,,,,,,,,,,,,,,,,,,,,,,,,,,,,,,,,,,,,,,,,,,,,,,,,,,,,,,,,,,,,,,,,,,,,,,,,,,,,,,,,,,,,,,,,,,,,,,,2400.0,2400.0,0.9963041225481688,0.0,0.0,14.0,0.015872216232519533,0.0,0.0,0.0,3774.0,0.0
15,1.0,0.9999999900658926,0.0,0.0,0.0025466265752523516,0.9999999950329463,1.0,1.0,,,,,,,,,,,,,,,,,,,,,,,,,,,,,,,,,,,,,,,,,,,,,,,,,,,,,,,,,,,,,,,,,,,,,,,,,,,,,,,,,,,,,,,,,,,,,,,,,,,,,,,,,,,,,,,,,,,,,,,,,2400.0,2400.0,0.9963041225481688,0.0,0.0,14.0,0.015838508112621597,0.0,0.0,0.0,3774.0,0.0
16,1.0,0.9999999900658926,0.0,0.0,0.002433264156958709,1.0,1.0,1.0,,,,,,,,,,,,,,,,,,,,,,,,,,,,,,,,,,,,,,,,,,,,,,,,,,,,,,,,,,,,,,,,,,,,,,,,,,,,,,,,,,,,,,,,,,,,,,,,,,,,,,,,,,,,,,,,,,,,,,,,,2400.0,2400.0,0.9963041225481688,0.0,0.0,14.0,0.015805884333865358,0.0,0.0,0.0,3774.0,0.0
17,1.0,0.9999999900658926,0.0,0.0,0.002329370874795131,0.9999999900658926,1.0,1.0,,,,,,,,,,,,,,,,,,,,,,,,,,,,,,,,,,,,,,,,,,,,,,,,,,,,,,,,,,,,,,,,,,,,,,,,,,,,,,,,,,,,,,,,,,,,,,,,,,,,,,,,,,,,,,,,,,,,,,,,,2400.0,2400.0,0.9960401312476606,0.0,0.0,15.0,0.01570965085342603,0.0,0.0,0.0,3773.0,0.0
18,1.0,0.9999999850988389,0.0,0.0,0.0022370716719888146,0.9999999950329463,1.0,1.0,,,,,,,,,,,,,,,,,,,,,,,,,,,,,,,,,,,,,,,,,,,,,,,,,,,,,,,,,,,,,,,,,,,,,,,,,,,,,,,,,,,,,,,,,,,,,,,,,,,,,,,,,,,,,,,,,,,,,,,,,2400.0,2400.0,0.9960401312476606,0.0,0.0,15.0,0.015668205629899967,0.0,0.0,0.0,3773.0,0.0
19,1.0,0.9999999950329463,0.0,0.0,0.0021521225965504226,0.9999999900658926,1.0,1.0,,,,,,,,,,,,,,,,,,,,,,,,,,,,,,,,,,,,,,,,,,,,,,,,,,,,,,,,,,,,,,,,,,,,,,,,,,,,,,,,,,,,,,,,,,,,,,,,,,,,,,,,,,,,,,,,,,,,,,,,,2400.0,2400.0,0.9960401312476606,0.0,0.0,15.0,0.015677121145564202,0.0,0.0,0.0,3773.0,0.0
20,1.0,0.9999999850988389,0.0,0.0,0.002074114760616794,1.0,1.0,1.0,,,,,,,,,,,,,,,,,,,,,,,,,,,,,,,,,,,,,,,,,,,,,,,,,,,,,,,,,,,,,,,,,,,,,,,,,,,,,,,,,,,,,,,,,,,,,,,,,,,,,,,,,,,,,,,,,,,,,,,,,2400.0,2400.0,0.9960401312476606,0.0,0.0,15.0,0.015471619940480881,0.0,0.0,0.0,3773.0,0.0
21,1.0,0.9999999900658926,0.0,0.0,0.002002042776342326,0.9999999950329463,1.0,1.0,,,,,,,,,,,,,,,,,,,,,,,,,,,,,,,,,,,,,,,,,,,,,,,,,,,,,,,,,,,,,,,,,,,,,,,,,,,,,,,,,,,,,,,,,,,,,,,,,,,,,,,,,,,,,,,,,,,,,,,,,2400.0,2400.0,0.9960401312476606,0.0,0.0,15.0,0.01542113872089816,0.0,0.0,0.0,3773.0,0.0
22,1.0,0.9999999850988388,0.0,0.0,0.0019363963666061558,0.9999999950329463,1.0,1.0,,,,,,,,,,,,,,,,,,,,,,,,,,,,,,,,,,,,,,,,,,,,,,,,,,,,,,,,,,,,,,,,,,,,,,,,,,,,,,,,,,,,,,,,,,,,,,,,,,,,,,,,,,,,,,,,,,,,,,,,,2400.0,2400.0,0.9960401312476606,0.0,0.0,15.0,0.01539586923294627,0.0,0.0,0.0,3773.0,0.0
23,1.0,1.0000000049670537,0.0,0.0,0.0018751378890980656,0.9999999900658926,1.0,1.0,,,,,,,,,,,,,,,,,,,,,,,,,,,,,,,,,,,,,,,,,,,,,,,,,,,,,,,,,,,,,,,,,,,,,,,,,,,,,,,,,,,,,,,,,,,,,,,,,,,,,,,,,,,,,,,,,,,,,,,,,2400.0,2400.0,0.9960401312476606,0.0,0.0,15.0,0.015284356661325316,0.0,0.0,0.0,3773.0,0.0
24,1.0,1.0,0.0,0.0,0.0018180731747997922,0.9999999900658926,1.0,1.0,,,,,,,,,,,,,,,,,,,,,,,,,,,,,,,,,,,,,,,,,,,,,,,,,,,,,,,,,,,,,,,,,,,,,,,,,,,,,,,,,,,,,,,,,,,,,,,,,,,,,,,,,,,,,,,,,,,,,,,,,2400.0,2400.0,0.9960401312476606,0.0,0.0,15.0,0.015243620403513456,0.0,0.0,0.0,3773.0,0.0
25,1.0,0.9999999950329465,0.0,0.0,0.0017639433053166919,0.9999999900658926,1.0,1.0,,,,,,,,,,,,,,,,,,,,,,,,,,,,,,,,,,,,,,,,,,,,,,,,,,,,,,,,,,,,,,,,,,,,,,,,,,,,,,,,,,,,,,,,,,,,,,,,,,,,,,,,,,,,,,,,,,,,,,,,,2400.0,2400.0,0.9960401312476606,0.0,0.0,15.0,0.015212718104588857,0.0,0.0,0.0,3773.0,0.0
26,1.0,1.0000000049670539,0.0,0.0,0.0017145605701565122,0.9999999950329463,1.0,1.0,,,,,,,,,,,,,,,,,,,,,,,,,,,,,,,,,,,,,,,,,,,,,,,,,,,,,,,,,,,,,,,,,,,,,,,,,,,,,,,,,,,,,,,,,,,,,,,,,,,,,,,,,,,,,,,,,,,,,,,,,2400.0,2400.0,0.9960401312476606,0.0,0.0,15.0,0.01512914895879202,0.0,0.0,0.0,3773.0,0.0
27,1.0,0.9999999900658927,0.0,0.0,0.0016676753287902099,1.0,1.0,1.0,,,,,,,,,,,,,,,,,,,,,,,,,,,,,,,,,,,,,,,,,,,,,,,,,,,,,,,,,,,,,,,,,,,,,,,,,,,,,,,,,,,,,,,,,,,,,,,,,,,,,,,,,,,,,,,,,,,,,,,,,2400.0,2400.0,0.9960401312476606,0.0,0.0,15.0,0.015121593788678491,0.0,0.0,0.0,3773.0,0.0
28,1.0,0.9999999850988389,0.0,0.0,0.0016237167358243217,1.0,1.0,1.0,,,,,,,,,,,,,,,,,,,,,,,,,,,,,,,,,,,,,,,,,,,,,,,,,,,,,,,,,,,,,,,,,,,,,,,,,,,,,,,,,,,,,,,,,,,,,,,,,,,,,,,,,,,,,,,,,,,,,,,,,2400.0,2400.0,0.9960401312476606,0.0,0.0,15.0,0.015031803402274752,0.0,0.0,0.0,3773.0,0.0
29,1.0,0.9999999850988389,0.0,0.0,0.0015827015894077094,1.0,1.0,1.0,,,,,,,,,,,,,,,,,,,,,,,,,,,,,,,,,,,,,,,,,,,,,,,,,,,,,,,,,,,,,,,,,,,,,,,,,,,,,,,,,,,,,,,,,,,,,,,,,,,,,,,,,,,,,,,,,,,,,,,,,2400.0,2400.0,0.9960401312476606,0.0,0.0,15.0,0.015072910494917026,0.0,0.0,0.0,3773.0,0.0
