,accuracy,auc,false_negatives,false_positives,loss,pr,precision,recall,subject_107_accuracy,subject_107_auc,subject_107_false_negatives,subject_107_false_positives,subject_107_loss,subject_107_pr,subject_107_precision,subject_107_recall,subject_107_true_negatives,subject_107_true_positives,subject_109_accuracy,subject_109_auc,subject_109_false_negatives,subject_109_false_positives,subject_109_loss,subject_109_pr,subject_109_precision,subject_109_recall,subject_109_true_negatives,subject_109_true_positives,subject_115_accuracy,subject_115_auc,subject_115_false_negatives,subject_115_false_positives,subject_115_loss,subject_115_pr,subject_115_precision,subject_115_recall,subject_115_true_negatives,subject_115_true_positives,subject_120_accuracy,subject_120_auc,subject_120_false_negatives,subject_120_false_positives,subject_120_loss,subject_120_pr,subject_120_precision,subject_120_recall,subject_120_true_negatives,subject_120_true_positives,subject_43_accuracy,subject_43_auc,subject_43_false_negatives,subject_43_false_positives,subject_43_loss,subject_43_pr,subject_43_precision,subject_43_recall,subject_43_true_negatives,subject_43_true_positives,subject_48_accuracy,subject_48_auc,subject_48_false_negatives,subject_48_false_positives,subject_48_loss,subject_48_pr,subject_48_precision,subject_48_recall,subject_48_true_negatives,subject_48_true_positives,subject_52_accuracy,subject_52_auc,subject_52_false_negatives,subject_52_false_positives,subject_52_loss,subject_52_pr,subject_52_precision,subject_52_recall,subject_52_true_negatives,subject_52_true_positives,subject_59_accuracy,subject_59_auc,subject_59_false_negatives,subject_59_false_positives,subject_59_loss,subject_59_pr,subject_59_precision,subject_59_recall,subject_59_true_negatives,subject_59_true_positives,subject_64_accuracy,subject_64_auc,subject_64_false_negatives,subject_64_false_positives,subject_64_loss,subject_64_pr,subject_64_precision,subject_64_recall,subject_64_true_negatives,subject_64_true_positives,subject_80_accuracy,subject_80_auc,subject_80_false_negatives,subject_80_false_positives,subject_80_loss,subject_80_pr,subject_80_precision,subject_80_recall,subject_80_true_negatives,subject_80_true_positives,subject_92_accuracy,subject_92_auc,subject_92_false_negatives,subject_92_false_positives,subject_92_loss,subject_92_pr,subject_92_precision,subject_92_recall,subject_92_true_negatives,subject_92_true_positives,subject_96_accuracy,subject_96_auc,subject_96_false_negatives,subject_96_false_positives,subject_96_loss,subject_96_pr,subject_96_precision,subject_96_recall,subject_96_true_negatives,subject_96_true_positives,true_negatives,true_positives,val_accuracy,val_auc,val_false_negatives,val_false_positives,val_loss,val_pr,val_precision,val_recall,val_true_negatives,val_true_positives
0,0.7697916626930237,0.8560630679130554,752.0,353.0,0.6742089226841926,0.8615521192550659,0.8235881924629211,0.6866666674613953,,,,,,,,,,,,,,,,,,,,,,,,,,,,,,,,,,,,,,,,,,,,,,,,,,,,,,,,,,,,,,,,,,,,,,,,,,,,,,,,,,,,,,,,,,,,,,,,,,,,,,,,,,,,,,,,,,,,,,,,,2047.0,1648.0,0.8819957971572876,0.0,0.0,447.0,0.24709902699041517,0.0,0.0,0.0,3341.0,0.0
1,0.7647916674613953,0.8654358983039856,804.0,325.0,0.6555274830261866,0.871596097946167,0.8308172821998596,0.6650000214576721,,,,,,,,,,,,,,,,,,,,,,,,,,,,,,,,,,,,,,,,,,,,,,,,,,,,,,,,,,,,,,,,,,,,,,,,,,,,,,,,,,,,,,,,,,,,,,,,,,,,,,,,,,,,,,,,,,,,,,,,,2075.0,1596.0,0.8899155259132385,0.0,0.0,417.0,0.2300156965898989,0.0,0.0,0.0,3371.0,0.0
2,0.768750011920929,0.8728842735290527,789.0,321.0,0.6237296939889589,0.8787077069282532,0.8338509202003479,0.6712499856948853,,,,,,,,,,,,,,,,,,,,,,,,,,,,,,,,,,,,,,,,,,,,,,,,,,,,,,,,,,,,,,,,,,,,,,,,,,,,,,,,,,,,,,,,,,,,,,,,,,,,,,,,,,,,,,,,,,,,,,,,,2079.0,1611.0,0.8880676031112671,0.0,0.0,424.0,0.23195775356753448,0.0,0.0,0.0,3364.0,0.0
3,0.7762500047683716,0.8791021704673767,761.0,313.0,0.5978405045469602,0.8848488330841064,0.8396516442298889,0.6829166412353516,,,,,,,,,,,,,,,,,,,,,,,,,,,,,,,,,,,,,,,,,,,,,,,,,,,,,,,,,,,,,,,,,,,,,,,,,,,,,,,,,,,,,,,,,,,,,,,,,,,,,,,,,,,,,,,,,,,,,,,,,2087.0,1639.0,0.8864836096763611,0.0,0.0,430.0,0.23630999104998054,0.0,0.0,0.0,3358.0,0.0
4,0.7825000286102295,0.8851227760314941,727.0,317.0,0.5673863060275713,0.8905606269836426,0.840703547000885,0.6970833539962769,,,,,,,,,,,,,,,,,,,,,,,,,,,,,,,,,,,,,,,,,,,,,,,,,,,,,,,,,,,,,,,,,,,,,,,,,,,,,,,,,,,,,,,,,,,,,,,,,,,,,,,,,,,,,,,,,,,,,,,,,2083.0,1673.0,0.8833157420158386,0.0,0.0,442.0,0.2485955780905051,0.0,0.0,0.0,3346.0,0.0
5,0.7864583134651184,0.8904080986976624,719.0,306.0,0.5491287885109584,0.8955363631248474,0.845999002456665,0.7004166841506958,,,,,,,,,,,,,,,,,,,,,,,,,,,,,,,,,,,,,,,,,,,,,,,,,,,,,,,,,,,,,,,,,,,,,,,,,,,,,,,,,,,,,,,,,,,,,,,,,,,,,,,,,,,,,,,,,,,,,,,,,2094.0,1681.0,0.883843719959259,0.0,0.0,440.0,0.24731512950711668,0.0,0.0,0.0,3348.0,0.0
6,0.7908333539962769,0.8960878849029541,699.0,305.0,0.5267401001850764,0.9002246856689453,0.847956120967865,0.7087500095367432,,,,,,,,,,,,,,,,,,,,,,,,,,,,,,,,,,,,,,,,,,,,,,,,,,,,,,,,,,,,,,,,,,,,,,,,,,,,,,,,,,,,,,,,,,,,,,,,,,,,,,,,,,,,,,,,,,,,,,,,,2095.0,1701.0,0.8822597861289978,0.0,0.0,446.0,0.2509105200421974,0.0,0.0,0.0,3342.0,0.0
