,accuracy,auc,false_negatives,false_positives,loss,pr,precision,recall,subject_107_accuracy,subject_107_auc,subject_107_false_negatives,subject_107_false_positives,subject_107_loss,subject_107_pr,subject_107_precision,subject_107_recall,subject_107_true_negatives,subject_107_true_positives,subject_109_accuracy,subject_109_auc,subject_109_false_negatives,subject_109_false_positives,subject_109_loss,subject_109_pr,subject_109_precision,subject_109_recall,subject_109_true_negatives,subject_109_true_positives,subject_115_accuracy,subject_115_auc,subject_115_false_negatives,subject_115_false_positives,subject_115_loss,subject_115_pr,subject_115_precision,subject_115_recall,subject_115_true_negatives,subject_115_true_positives,subject_120_accuracy,subject_120_auc,subject_120_false_negatives,subject_120_false_positives,subject_120_loss,subject_120_pr,subject_120_precision,subject_120_recall,subject_120_true_negatives,subject_120_true_positives,subject_43_accuracy,subject_43_auc,subject_43_false_negatives,subject_43_false_positives,subject_43_loss,subject_43_pr,subject_43_precision,subject_43_recall,subject_43_true_negatives,subject_43_true_positives,subject_48_accuracy,subject_48_auc,subject_48_false_negatives,subject_48_false_positives,subject_48_loss,subject_48_pr,subject_48_precision,subject_48_recall,subject_48_true_negatives,subject_48_true_positives,subject_52_accuracy,subject_52_auc,subject_52_false_negatives,subject_52_false_positives,subject_52_loss,subject_52_pr,subject_52_precision,subject_52_recall,subject_52_true_negatives,subject_52_true_positives,subject_59_accuracy,subject_59_auc,subject_59_false_negatives,subject_59_false_positives,subject_59_loss,subject_59_pr,subject_59_precision,subject_59_recall,subject_59_true_negatives,subject_59_true_positives,subject_64_accuracy,subject_64_auc,subject_64_false_negatives,subject_64_false_positives,subject_64_loss,subject_64_pr,subject_64_precision,subject_64_recall,subject_64_true_negatives,subject_64_true_positives,subject_80_accuracy,subject_80_auc,subject_80_false_negatives,subject_80_false_positives,subject_80_loss,subject_80_pr,subject_80_precision,subject_80_recall,subject_80_true_negatives,subject_80_true_positives,subject_92_accuracy,subject_92_auc,subject_92_false_negatives,subject_92_false_positives,subject_92_loss,subject_92_pr,subject_92_precision,subject_92_recall,subject_92_true_negatives,subject_92_true_positives,subject_96_accuracy,subject_96_auc,subject_96_false_negatives,subject_96_false_positives,subject_96_loss,subject_96_pr,subject_96_precision,subject_96_recall,subject_96_true_negatives,subject_96_true_positives,true_negatives,true_positives,val_accuracy,val_auc,val_false_negatives,val_false_positives,val_loss,val_pr,val_precision,val_recall,val_true_negatives,val_true_positives
0,0.78145831823349,0.8847834467887878,740.0,309.0,0.5907405033707619,0.8864611387252808,0.8430675268173218,0.6916666626930237,,,,,,,,,,,,,,,,,,,,,,,,,,,,,,,,,,,,,,,,,,,,,,,,,,,,,,,,,,,,,,,,,,,,,,,,,,,,,,,,,,,,,,,,,,,,,,,,,,,,,,,,,,,,,,,,,,,,,,,,,2091.0,1660.0,0.8958333134651184,0.6450136303901672,191.0,164.0,0.8184998879917491,0.10383351147174835,0.09392265230417252,0.08173076808452606,3036.0,17.0
1,0.7847916483879089,0.8903756737709045,725.0,308.0,0.5718024382988612,0.8926980495452881,0.8446797728538513,0.6979166865348816,,,,,,,,,,,,,,,,,,,,,,,,,,,,,,,,,,,,,,,,,,,,,,,,,,,,,,,,,,,,,,,,,,,,,,,,,,,,,,,,,,,,,,,,,,,,,,,,,,,,,,,,,,,,,,,,,,,,,,,,,2092.0,1675.0,0.8952465057373047,0.6486936211585999,188.0,169.0,0.8191665068286266,0.10452674329280853,0.10582010447978973,0.09615384787321091,3031.0,20.0
2,0.7860416769981384,0.893397331237793,725.0,302.0,0.5645974027613799,0.8955323696136475,0.8472433090209961,0.6979166865348816,,,,,,,,,,,,,,,,,,,,,,,,,,,,,,,,,,,,,,,,,,,,,,,,,,,,,,,,,,,,,,,,,,,,,,,,,,,,,,,,,,,,,,,,,,,,,,,,,,,,,,,,,,,,,,,,,,,,,,,,,2098.0,1675.0,0.8952465057373047,0.6488130688667297,190.0,167.0,0.81689541932073,0.10481498390436172,0.0972972959280014,0.08653846383094788,3033.0,18.0
3,0.7902083396911621,0.8972561359405518,702.0,305.0,0.5464599071443081,0.899938702583313,0.847728431224823,0.7074999809265137,,,,,,,,,,,,,,,,,,,,,,,,,,,,,,,,,,,,,,,,,,,,,,,,,,,,,,,,,,,,,,,,,,,,,,,,,,,,,,,,,,,,,,,,,,,,,,,,,,,,,,,,,,,,,,,,,,,,,,,,,2095.0,1698.0,0.8952465057373047,0.6542675495147705,189.0,168.0,0.819327259729201,0.10572340339422226,0.10160427540540695,0.09134615212678909,3032.0,19.0
4,0.793749988079071,0.9001733660697937,686.0,304.0,0.5310463771224022,0.9026215076446533,0.8493558168411255,0.7141666412353516,,,,,,,,,,,,,,,,,,,,,,,,,,,,,,,,,,,,,,,,,,,,,,,,,,,,,,,,,,,,,,,,,,,,,,,,,,,,,,,,,,,,,,,,,,,,,,,,,,,,,,,,,,,,,,,,,,,,,,,,,2096.0,1714.0,0.8955398797988892,0.6531663537025452,187.0,169.0,0.8227760071205981,0.10514518618583679,0.11052631586790085,0.10096153616905212,3031.0,21.0
5,0.7981250286102295,0.9029992818832397,667.0,302.0,0.5181065063675244,0.9049322009086609,0.8515970706939697,0.722083330154419,,,,,,,,,,,,,,,,,,,,,,,,,,,,,,,,,,,,,,,,,,,,,,,,,,,,,,,,,,,,,,,,,,,,,,,,,,,,,,,,,,,,,,,,,,,,,,,,,,,,,,,,,,,,,,,,,,,,,,,,,2098.0,1733.0,0.8958333134651184,0.6548812985420227,185.0,170.0,0.826265368208359,0.10528521239757538,0.11917098611593246,0.11057692021131516,3030.0,23.0
6,0.8004166483879089,0.9062050580978394,658.0,300.0,0.506735733350118,0.9074714183807373,0.8530852198600769,0.7258333563804626,,,,,,,,,,,,,,,,,,,,,,,,,,,,,,,,,,,,,,,,,,,,,,,,,,,,,,,,,,,,,,,,,,,,,,,,,,,,,,,,,,,,,,,,,,,,,,,,,,,,,,,,,,,,,,,,,,,,,,,,,2100.0,1742.0,0.8961267471313477,0.6578779816627502,184.0,170.0,0.8282856927450064,0.1056956872344017,0.12371134012937546,0.11538461595773697,3030.0,24.0
7,0.8035416603088379,0.907932460308075,643.0,300.0,0.49966501226027804,0.9092305302619934,0.8541565537452698,0.7320833206176758,,,,,,,,,,,,,,,,,,,,,,,,,,,,,,,,,,,,,,,,,,,,,,,,,,,,,,,,,,,,,,,,,,,,,,,,,,,,,,,,,,,,,,,,,,,,,,,,,,,,,,,,,,,,,,,,,,,,,,,,,2100.0,1757.0,0.8955398797988892,0.6597821712493896,184.0,172.0,0.8305727842618043,0.10578802227973938,0.12244898080825806,0.11538461595773697,3028.0,24.0
