,accuracy,auc,false_negatives,false_positives,loss,pr,precision,recall,subject_107_accuracy,subject_107_auc,subject_107_false_negatives,subject_107_false_positives,subject_107_loss,subject_107_pr,subject_107_precision,subject_107_recall,subject_107_true_negatives,subject_107_true_positives,subject_109_accuracy,subject_109_auc,subject_109_false_negatives,subject_109_false_positives,subject_109_loss,subject_109_pr,subject_109_precision,subject_109_recall,subject_109_true_negatives,subject_109_true_positives,subject_115_accuracy,subject_115_auc,subject_115_false_negatives,subject_115_false_positives,subject_115_loss,subject_115_pr,subject_115_precision,subject_115_recall,subject_115_true_negatives,subject_115_true_positives,subject_120_accuracy,subject_120_auc,subject_120_false_negatives,subject_120_false_positives,subject_120_loss,subject_120_pr,subject_120_precision,subject_120_recall,subject_120_true_negatives,subject_120_true_positives,subject_43_accuracy,subject_43_auc,subject_43_false_negatives,subject_43_false_positives,subject_43_loss,subject_43_pr,subject_43_precision,subject_43_recall,subject_43_true_negatives,subject_43_true_positives,subject_48_accuracy,subject_48_auc,subject_48_false_negatives,subject_48_false_positives,subject_48_loss,subject_48_pr,subject_48_precision,subject_48_recall,subject_48_true_negatives,subject_48_true_positives,subject_52_accuracy,subject_52_auc,subject_52_false_negatives,subject_52_false_positives,subject_52_loss,subject_52_pr,subject_52_precision,subject_52_recall,subject_52_true_negatives,subject_52_true_positives,subject_59_accuracy,subject_59_auc,subject_59_false_negatives,subject_59_false_positives,subject_59_loss,subject_59_pr,subject_59_precision,subject_59_recall,subject_59_true_negatives,subject_59_true_positives,subject_64_accuracy,subject_64_auc,subject_64_false_negatives,subject_64_false_positives,subject_64_loss,subject_64_pr,subject_64_precision,subject_64_recall,subject_64_true_negatives,subject_64_true_positives,subject_80_accuracy,subject_80_auc,subject_80_false_negatives,subject_80_false_positives,subject_80_loss,subject_80_pr,subject_80_precision,subject_80_recall,subject_80_true_negatives,subject_80_true_positives,subject_92_accuracy,subject_92_auc,subject_92_false_negatives,subject_92_false_positives,subject_92_loss,subject_92_pr,subject_92_precision,subject_92_recall,subject_92_true_negatives,subject_92_true_positives,subject_96_accuracy,subject_96_auc,subject_96_false_negatives,subject_96_false_positives,subject_96_loss,subject_96_pr,subject_96_precision,subject_96_recall,subject_96_true_negatives,subject_96_true_positives,true_negatives,true_positives,val_accuracy,val_auc,val_false_negatives,val_false_positives,val_loss,val_pr,val_precision,val_recall,val_true_negatives,val_true_positives
0,0.7856249809265137,0.8838924169540405,682.0,347.0,0.5915361901124319,0.8794587254524231,0.8319612741470337,0.715833306312561,,,,,,,,,,,,,,,,,,,,,,,,,,,,,,,,,,,,,,,,,,,,,,,,,,,,,,,,,,,,,,,,,,,,,,,,,,,,,,,,,,,,,,,,,,,,,,,,,,,,,,,,,,,,,,,,,,,,,,,,,2053.0,1718.0,0.9615384340286255,0.9813434481620789,30.0,42.0,0.09870313413632222,0.921561598777771,0.7900000214576721,0.8404255509376526,1642.0,158.0
1,0.7906249761581421,0.8884890079498291,666.0,339.0,0.565432755847772,0.8823844194412231,0.8364688754081726,0.7225000262260437,,,,,,,,,,,,,,,,,,,,,,,,,,,,,,,,,,,,,,,,,,,,,,,,,,,,,,,,,,,,,,,,,,,,,,,,,,,,,,,,,,,,,,,,,,,,,,,,,,,,,,,,,,,,,,,,,,,,,,,,,2061.0,1734.0,0.9615384340286255,0.9821268320083618,27.0,45.0,0.10275636365016301,0.9224131107330322,0.7815533876419067,0.8563829660415649,1639.0,161.0
2,0.7929166555404663,0.892947793006897,661.0,333.0,0.5469577224055926,0.8866079449653625,0.8392857313156128,0.7245833277702332,,,,,,,,,,,,,,,,,,,,,,,,,,,,,,,,,,,,,,,,,,,,,,,,,,,,,,,,,,,,,,,,,,,,,,,,,,,,,,,,,,,,,,,,,,,,,,,,,,,,,,,,,,,,,,,,,,,,,,,,,2067.0,1739.0,0.9604700803756714,0.9827237725257874,26.0,48.0,0.10702973355849583,0.9225805997848511,0.7714285850524902,0.8617021441459656,1636.0,162.0
3,0.793749988079071,0.896146297454834,665.0,325.0,0.5379670815666516,0.8895050287246704,0.8422330021858215,0.7229166626930237,,,,,,,,,,,,,,,,,,,,,,,,,,,,,,,,,,,,,,,,,,,,,,,,,,,,,,,,,,,,,,,,,,,,,,,,,,,,,,,,,,,,,,,,,,,,,,,,,,,,,,,,,,,,,,,,,,,,,,,,,2075.0,1735.0,0.9615384340286255,0.9828391075134277,24.0,48.0,0.10882055011187863,0.9218531250953674,0.7735849022865295,0.8723404407501221,1636.0,164.0
4,0.7927083373069763,0.8984377980232239,685.0,310.0,0.5363843792676926,0.8918988704681396,0.8469135761260986,0.7145833373069763,,,,,,,,,,,,,,,,,,,,,,,,,,,,,,,,,,,,,,,,,,,,,,,,,,,,,,,,,,,,,,,,,,,,,,,,,,,,,,,,,,,,,,,,,,,,,,,,,,,,,,,,,,,,,,,,,,,,,,,,,2090.0,1715.0,0.9615384340286255,0.9831092357635498,25.0,47.0,0.10748819172637075,0.9210259914398193,0.776190459728241,0.8670212626457214,1637.0,163.0
5,0.7922916412353516,0.900509238243103,700.0,297.0,0.5351699299613635,0.8936755657196045,0.8512769341468811,0.7083333134651184,,,,,,,,,,,,,,,,,,,,,,,,,,,,,,,,,,,,,,,,,,,,,,,,,,,,,,,,,,,,,,,,,,,,,,,,,,,,,,,,,,,,,,,,,,,,,,,,,,,,,,,,,,,,,,,,,,,,,,,,,2103.0,1700.0,0.9594017267227173,0.9831297993659973,27.0,49.0,0.10785522238693686,0.9198600649833679,0.7666666507720947,0.8563829660415649,1635.0,161.0
