,accuracy,auc,false_negatives,false_positives,loss,pr,precision,recall,subject_107_accuracy,subject_107_auc,subject_107_false_negatives,subject_107_false_positives,subject_107_loss,subject_107_pr,subject_107_precision,subject_107_recall,subject_107_true_negatives,subject_107_true_positives,subject_109_accuracy,subject_109_auc,subject_109_false_negatives,subject_109_false_positives,subject_109_loss,subject_109_pr,subject_109_precision,subject_109_recall,subject_109_true_negatives,subject_109_true_positives,subject_115_accuracy,subject_115_auc,subject_115_false_negatives,subject_115_false_positives,subject_115_loss,subject_115_pr,subject_115_precision,subject_115_recall,subject_115_true_negatives,subject_115_true_positives,subject_120_accuracy,subject_120_auc,subject_120_false_negatives,subject_120_false_positives,subject_120_loss,subject_120_pr,subject_120_precision,subject_120_recall,subject_120_true_negatives,subject_120_true_positives,subject_43_accuracy,subject_43_auc,subject_43_false_negatives,subject_43_false_positives,subject_43_loss,subject_43_pr,subject_43_precision,subject_43_recall,subject_43_true_negatives,subject_43_true_positives,subject_48_accuracy,subject_48_auc,subject_48_false_negatives,subject_48_false_positives,subject_48_loss,subject_48_pr,subject_48_precision,subject_48_recall,subject_48_true_negatives,subject_48_true_positives,subject_52_accuracy,subject_52_auc,subject_52_false_negatives,subject_52_false_positives,subject_52_loss,subject_52_pr,subject_52_precision,subject_52_recall,subject_52_true_negatives,subject_52_true_positives,subject_59_accuracy,subject_59_auc,subject_59_false_negatives,subject_59_false_positives,subject_59_loss,subject_59_pr,subject_59_precision,subject_59_recall,subject_59_true_negatives,subject_59_true_positives,subject_64_accuracy,subject_64_auc,subject_64_false_negatives,subject_64_false_positives,subject_64_loss,subject_64_pr,subject_64_precision,subject_64_recall,subject_64_true_negatives,subject_64_true_positives,subject_80_accuracy,subject_80_auc,subject_80_false_negatives,subject_80_false_positives,subject_80_loss,subject_80_pr,subject_80_precision,subject_80_recall,subject_80_true_negatives,subject_80_true_positives,subject_92_accuracy,subject_92_auc,subject_92_false_negatives,subject_92_false_positives,subject_92_loss,subject_92_pr,subject_92_precision,subject_92_recall,subject_92_true_negatives,subject_92_true_positives,true_negatives,true_positives,val_accuracy,val_auc,val_false_negatives,val_false_positives,val_loss,val_pr,val_precision,val_recall,val_true_negatives,val_true_positives
0,0.6865909099578857,0.7896685600280762,766.0,613.0,0.867248689694838,0.771687388420105,0.700537383556366,0.6518181562423706,,,,,,,,,,,,,,,,,,,,,,,,,,,,,,,,,,,,,,,,,,,,,,,,,,,,,,,,,,,,,,,,,,,,,,,,,,,,,,,,,,,,,,,,,,,,,,,,,,,,,,,,,,,,,,,1587.0,1434.0,0.7775813341140747,0.7790481448173523,359.0,1528.0,0.5414831621791045,0.3202015161514282,0.2192130833864212,0.5444162487983704,6168.0,429.0
1,0.6884090900421143,0.7988103628158569,742.0,629.0,0.8323915013399991,0.7923139333724976,0.6986104249954224,0.6627272963523865,,,,,,,,,,,,,,,,,,,,,,,,,,,,,,,,,,,,,,,,,,,,,,,,,,,,,,,,,,,,,,,,,,,,,,,,,,,,,,,,,,,,,,,,,,,,,,,,,,,,,,,,,,,,,,,1571.0,1458.0,0.7782885432243347,0.7798569798469543,360.0,1521.0,0.5406397729936437,0.32140257954597473,0.21959979832172394,0.5431472063064575,6175.0,428.0
2,0.6943181753158569,0.8058966398239136,713.0,632.0,0.8068575351888483,0.8024678230285645,0.7017461061477661,0.6759091019630432,,,,,,,,,,,,,,,,,,,,,,,,,,,,,,,,,,,,,,,,,,,,,,,,,,,,,,,,,,,,,,,,,,,,,,,,,,,,,,,,,,,,,,,,,,,,,,,,,,,,,,,,,,,,,,,1568.0,1487.0,0.7734559178352356,0.775470495223999,373.0,1549.0,0.5562208672016788,0.31088101863861084,0.2113034576177597,0.5266497731208801,6147.0,415.0
3,0.6972727179527283,0.8127795457839966,696.0,636.0,0.7842511229081587,0.8121417760848999,0.7028037309646606,0.6836363673210144,,,,,,,,,,,,,,,,,,,,,,,,,,,,,,,,,,,,,,,,,,,,,,,,,,,,,,,,,,,,,,,,,,,,,,,,,,,,,,,,,,,,,,,,,,,,,,,,,,,,,,,,,,,,,,,1564.0,1504.0,0.7725129723548889,0.7724135518074036,377.0,1553.0,0.5618976282077907,0.30570560693740845,0.209266796708107,0.5215736031532288,6143.0,411.0
4,0.7018181681632996,0.8188812136650085,690.0,622.0,0.7640321662209251,0.8202375173568726,0.7082551717758179,0.6863636374473572,,,,,,,,,,,,,,,,,,,,,,,,,,,,,,,,,,,,,,,,,,,,,,,,,,,,,,,,,,,,,,,,,,,,,,,,,,,,,,,,,,,,,,,,,,,,,,,,,,,,,,,,,,,,,,,1578.0,1510.0,0.7728665471076965,0.7666907906532288,389.0,1538.0,0.5661602399405488,0.2956956923007965,0.20598864555358887,0.5063451528549194,6158.0,399.0
5,0.7054545283317566,0.8244103789329529,689.0,607.0,0.7473701919208874,0.8276214599609375,0.713408887386322,0.6868181824684143,,,,,,,,,,,,,,,,,,,,,,,,,,,,,,,,,,,,,,,,,,,,,,,,,,,,,,,,,,,,,,,,,,,,,,,,,,,,,,,,,,,,,,,,,,,,,,,,,,,,,,,,,,,,,,,1593.0,1511.0,0.7722772359848022,0.7601943612098694,405.0,1527.0,0.5701161647836367,0.2851191461086273,0.20052355527877808,0.4860406219959259,6169.0,383.0
6,0.7077272534370422,0.8289358019828796,688.0,598.0,0.7338712919842113,0.8332948684692383,0.7165876626968384,0.6872727274894714,,,,,,,,,,,,,,,,,,,,,,,,,,,,,,,,,,,,,,,,,,,,,,,,,,,,,,,,,,,,,,,,,,,,,,,,,,,,,,,,,,,,,,,,,,,,,,,,,,,,,,,,,,,,,,,1602.0,1512.0,0.7703913450241089,0.7565158009529114,415.0,1533.0,0.5761664730339947,0.27765026688575745,0.19569779932498932,0.47335025668144226,6163.0,373.0
