,accuracy,auc,false_negatives,false_positives,loss,pr,precision,recall,subject_107_accuracy,subject_107_auc,subject_107_false_negatives,subject_107_false_positives,subject_107_loss,subject_107_pr,subject_107_precision,subject_107_recall,subject_107_true_negatives,subject_107_true_positives,subject_115_accuracy,subject_115_auc,subject_115_false_negatives,subject_115_false_positives,subject_115_loss,subject_115_pr,subject_115_precision,subject_115_recall,subject_115_true_negatives,subject_115_true_positives,subject_120_accuracy,subject_120_auc,subject_120_false_negatives,subject_120_false_positives,subject_120_loss,subject_120_pr,subject_120_precision,subject_120_recall,subject_120_true_negatives,subject_120_true_positives,subject_43_accuracy,subject_43_auc,subject_43_false_negatives,subject_43_false_positives,subject_43_loss,subject_43_pr,subject_43_precision,subject_43_recall,subject_43_true_negatives,subject_43_true_positives,subject_52_accuracy,subject_52_auc,subject_52_false_negatives,subject_52_false_positives,subject_52_loss,subject_52_pr,subject_52_precision,subject_52_recall,subject_52_true_negatives,subject_52_true_positives,subject_64_accuracy,subject_64_auc,subject_64_false_negatives,subject_64_false_positives,subject_64_loss,subject_64_pr,subject_64_precision,subject_64_recall,subject_64_true_negatives,subject_64_true_positives,subject_80_accuracy,subject_80_auc,subject_80_false_negatives,subject_80_false_positives,subject_80_loss,subject_80_pr,subject_80_precision,subject_80_recall,subject_80_true_negatives,subject_80_true_positives,subject_92_accuracy,subject_92_auc,subject_92_false_negatives,subject_92_false_positives,subject_92_loss,subject_92_pr,subject_92_precision,subject_92_recall,subject_92_true_negatives,subject_92_true_positives,true_negatives,true_positives,val_accuracy,val_auc,val_false_negatives,val_false_positives,val_loss,val_pr,val_precision,val_recall,val_true_negatives,val_true_positives
0,0.7909375056624413,0.9747499972581863,452.0,217.0,0.5613592773396521,0.9641080945730209,0.9204582273960114,0.7174999935086817,,,,,,,,,,,,,,,,,,,,,,,,,,,,,,,,,,,,,,,,,,,,,,,,,,,,,,,,,,,,,,,,,,,,,,,,,,,,,,,,,1383.0,1148.0,0.8046270270191558,0.3898145160274049,811.0,1410.0,0.5539793248375706,0.31087644428360806,0.2694186610625211,0.2884402315929941,7382.0,1765.0
1,0.9609375,0.999999962747097,11.0,114.0,0.12226276670116931,0.9999999850988388,0.9542503133416176,0.9931250065565109,,,,,,,,,,,,,,,,,,,,,,,,,,,,,,,,,,,,,,,,,,,,,,,,,,,,,,,,,,,,,,,,,,,,,,,,,,,,,,,,,1486.0,1589.0,0.8029556658845145,0.39714873795522765,918.0,1322.0,0.5500923932790222,0.3129458247823542,0.28503991406801554,0.2775172964891945,7470.0,1658.0
2,0.997187502682209,1.0000000149011612,0.0,9.0,0.02975208142073825,0.9999999776482582,0.994617223739624,1.0,,,,,,,,,,,,,,,,,,,,,,,,,,,,,,,,,,,,,,,,,,,,,,,,,,,,,,,,,,,,,,,,,,,,,,,,,,,,,,,,,1591.0,1600.0,0.7888810674461322,0.40052678921036455,1093.0,1307.0,0.5829209749868538,0.3131934912569878,0.28622480782691356,0.25892920668887726,7485.0,1483.0
3,1.0,1.0000000223517418,0.0,0.0,0.012908535678870974,0.9999999701976776,1.0,1.0,,,,,,,,,,,,,,,,,,,,,,,,,,,,,,,,,,,,,,,,,,,,,,,,,,,,,,,,,,,,,,,,,,,,,,,,,,,,,,,,,1600.0,1600.0,0.7748944412479092,0.40021301802827136,1227.0,1332.0,0.6159886148941579,0.3130672202353155,0.2858581627213791,0.24494608612252655,7460.0,1349.0
4,1.0,1.0,0.0,0.0,0.008651908980682492,1.0000000149011612,1.0,1.0,,,,,,,,,,,,,,,,,,,,,,,,,,,,,,,,,,,,,,,,,,,,,,,,,,,,,,,,,,,,,,,,,,,,,,,,,,,,,,,,,1600.0,1600.0,0.7669774915532777,0.40137368182662847,1308.0,1341.0,0.6386112134556226,0.3130405921355299,0.28554695704394795,0.23653123593829534,7451.0,1268.0
5,1.0,0.9999999776482582,0.0,0.0,0.0067665181809570644,0.9999999925494194,1.0,1.0,,,,,,,,,,,,,,,,,,,,,,,,,,,,,,,,,,,,,,,,,,,,,,,,,,,,,,,,,,,,,,,,,,,,,,,,,,,,,,,,,1600.0,1600.0,0.7626671388189528,0.401498768759143,1351.0,1347.0,0.6556125599577789,0.31301259611491417,0.28510607426158985,0.23230664845736912,7445.0,1225.0
6,1.0,0.9999999701976776,0.0,0.0,0.005686927678762003,1.0,1.0,1.0,,,,,,,,,,,,,,,,,,,,,,,,,,,,,,,,,,,,,,,,,,,,,,,,,,,,,,,,,,,,,,,,,,,,,,,,,,,,,,,,,1600.0,1600.0,0.7599401899431893,0.4012961975291613,1382.0,1347.0,0.6667776939938692,0.3128241152383969,0.28475807657639673,0.22921923655992996,7445.0,1194.0
