,accuracy,auc,false_negatives,false_positives,loss,pr,precision,recall,subject_107_accuracy,subject_107_auc,subject_107_false_negatives,subject_107_false_positives,subject_107_loss,subject_107_pr,subject_107_precision,subject_107_recall,subject_107_true_negatives,subject_107_true_positives,subject_109_accuracy,subject_109_auc,subject_109_false_negatives,subject_109_false_positives,subject_109_loss,subject_109_pr,subject_109_precision,subject_109_recall,subject_109_true_negatives,subject_109_true_positives,subject_115_accuracy,subject_115_auc,subject_115_false_negatives,subject_115_false_positives,subject_115_loss,subject_115_pr,subject_115_precision,subject_115_recall,subject_115_true_negatives,subject_115_true_positives,subject_120_accuracy,subject_120_auc,subject_120_false_negatives,subject_120_false_positives,subject_120_loss,subject_120_pr,subject_120_precision,subject_120_recall,subject_120_true_negatives,subject_120_true_positives,subject_43_accuracy,subject_43_auc,subject_43_false_negatives,subject_43_false_positives,subject_43_loss,subject_43_pr,subject_43_precision,subject_43_recall,subject_43_true_negatives,subject_43_true_positives,subject_48_accuracy,subject_48_auc,subject_48_false_negatives,subject_48_false_positives,subject_48_loss,subject_48_pr,subject_48_precision,subject_48_recall,subject_48_true_negatives,subject_48_true_positives,subject_52_accuracy,subject_52_auc,subject_52_false_negatives,subject_52_false_positives,subject_52_loss,subject_52_pr,subject_52_precision,subject_52_recall,subject_52_true_negatives,subject_52_true_positives,subject_59_accuracy,subject_59_auc,subject_59_false_negatives,subject_59_false_positives,subject_59_loss,subject_59_pr,subject_59_precision,subject_59_recall,subject_59_true_negatives,subject_59_true_positives,subject_64_accuracy,subject_64_auc,subject_64_false_negatives,subject_64_false_positives,subject_64_loss,subject_64_pr,subject_64_precision,subject_64_recall,subject_64_true_negatives,subject_64_true_positives,subject_80_accuracy,subject_80_auc,subject_80_false_negatives,subject_80_false_positives,subject_80_loss,subject_80_pr,subject_80_precision,subject_80_recall,subject_80_true_negatives,subject_80_true_positives,subject_92_accuracy,subject_92_auc,subject_92_false_negatives,subject_92_false_positives,subject_92_loss,subject_92_pr,subject_92_precision,subject_92_recall,subject_92_true_negatives,subject_92_true_positives,true_negatives,true_positives,val_accuracy,val_auc,val_false_negatives,val_false_positives,val_loss,val_pr,val_precision,val_recall,val_true_negatives,val_true_positives
0,0.9647727337750522,0.9978841109709307,61.0,94.0,0.09745247606865386,0.9976806369694797,0.9640941619873047,0.972272732041099,,,,,,,,,,,,,,,,,,,,,,,,,,,,,,,,,,,,,,,,,,,,,,,,,,,,,,,,,,,,,,,,,,,,,,,,,,,,,,,,,,,,,,,,,,,,,,,,,,,,,,,,,,,,,,,2106.0,2139.0,0.7670651713118238,0.3698059949597198,720.0,1696.0,0.6977223380270526,0.3005223310550023,0.3370453400405916,0.2480453081541065,7060.0,896.0
1,0.9934090917760677,0.9999999729069796,7.0,22.0,0.03967307068407536,0.9999999783255837,0.9906935637647457,0.9968181794339962,,,,,,,,,,,,,,,,,,,,,,,,,,,,,,,,,,,,,,,,,,,,,,,,,,,,,,,,,,,,,,,,,,,,,,,,,,,,,,,,,,,,,,,,,,,,,,,,,,,,,,,,,,,,,,,2178.0,2193.0,0.7573274164541413,0.37026853918615477,847.0,1670.0,0.7925381244126474,0.3021576242055205,0.3269272524327603,0.2353293052452483,7086.0,769.0
2,0.999090909957886,0.999999994581396,0.0,4.0,0.020310025403106755,0.999999989162792,0.9981953393329276,1.0000000000000002,,,,,,,,,,,,,,,,,,,,,,,,,,,,,,,,,,,,,,,,,,,,,,,,,,,,,,,,,,,,,,,,,,,,,,,,,,,,,,,,,,,,,,,,,,,,,,,,,,,,,,,,,,,,,,,2196.0,2200.0,0.7550134972352758,0.36996325453965306,882.0,1659.0,0.8559043678559933,0.2989783022470838,0.32537350873435916,0.23461818351416436,7097.0,734.0
3,0.9995454549789431,0.9999999783255838,0.0,2.0,0.012456463366238906,0.999999978325584,0.9990954290736808,1.0000000000000002,,,,,,,,,,,,,,,,,,,,,,,,,,,,,,,,,,,,,,,,,,,,,,,,,,,,,,,,,,,,,,,,,,,,,,,,,,,,,,,,,,,,,,,,,,,,,,,,,,,,,,,,,,,,,,,2198.0,2200.0,0.751446201607177,0.370100803946235,911.0,1667.0,0.9137801784830584,0.29700127566959517,0.3208818072938018,0.233450959001643,7089.0,705.0
4,0.9997727274894717,0.9999999945813961,0.0,1.0,0.009001185726374388,0.9999999945813961,0.9995477145368404,1.0000000000000002,,,,,,,,,,,,,,,,,,,,,,,,,,,,,,,,,,,,,,,,,,,,,,,,,,,,,,,,,,,,,,,,,,,,,,,,,,,,,,,,,,,,,,,,,,,,,,,,,,,,,,,,,,,,,,,2199.0,2200.0,0.7494215195933182,0.3691459639487099,924.0,1675.0,0.9588061241898866,0.29560990608018933,0.31906848440196034,0.23756919512751476,7081.0,692.0
5,1.0000000000000002,1.0000000162558123,0.0,0.0,0.007133410265669227,0.9999999945813962,1.0000000000000002,1.0000000000000002,,,,,,,,,,,,,,,,,,,,,,,,,,,,,,,,,,,,,,,,,,,,,,,,,,,,,,,,,,,,,,,,,,,,,,,,,,,,,,,,,,,,,,,,,,,,,,,,,,,,,,,,,,,,,,,2200.0,2200.0,0.7489394546158517,0.36837457252017697,923.0,1681.0,0.991084515890218,0.29461302345340606,0.31664373269653023,0.23815139589671044,7075.0,693.0
