,accuracy,auc,false_negatives,false_positives,loss,pr,precision,recall,subject_107_accuracy,subject_107_auc,subject_107_false_negatives,subject_107_false_positives,subject_107_loss,subject_107_pr,subject_107_precision,subject_107_recall,subject_107_true_negatives,subject_107_true_positives,subject_109_accuracy,subject_109_auc,subject_109_false_negatives,subject_109_false_positives,subject_109_loss,subject_109_pr,subject_109_precision,subject_109_recall,subject_109_true_negatives,subject_109_true_positives,subject_115_accuracy,subject_115_auc,subject_115_false_negatives,subject_115_false_positives,subject_115_loss,subject_115_pr,subject_115_precision,subject_115_recall,subject_115_true_negatives,subject_115_true_positives,subject_120_accuracy,subject_120_auc,subject_120_false_negatives,subject_120_false_positives,subject_120_loss,subject_120_pr,subject_120_precision,subject_120_recall,subject_120_true_negatives,subject_120_true_positives,subject_43_accuracy,subject_43_auc,subject_43_false_negatives,subject_43_false_positives,subject_43_loss,subject_43_pr,subject_43_precision,subject_43_recall,subject_43_true_negatives,subject_43_true_positives,subject_48_accuracy,subject_48_auc,subject_48_false_negatives,subject_48_false_positives,subject_48_loss,subject_48_pr,subject_48_precision,subject_48_recall,subject_48_true_negatives,subject_48_true_positives,subject_52_accuracy,subject_52_auc,subject_52_false_negatives,subject_52_false_positives,subject_52_loss,subject_52_pr,subject_52_precision,subject_52_recall,subject_52_true_negatives,subject_52_true_positives,subject_59_accuracy,subject_59_auc,subject_59_false_negatives,subject_59_false_positives,subject_59_loss,subject_59_pr,subject_59_precision,subject_59_recall,subject_59_true_negatives,subject_59_true_positives,subject_64_accuracy,subject_64_auc,subject_64_false_negatives,subject_64_false_positives,subject_64_loss,subject_64_pr,subject_64_precision,subject_64_recall,subject_64_true_negatives,subject_64_true_positives,subject_80_accuracy,subject_80_auc,subject_80_false_negatives,subject_80_false_positives,subject_80_loss,subject_80_pr,subject_80_precision,subject_80_recall,subject_80_true_negatives,subject_80_true_positives,subject_92_accuracy,subject_92_auc,subject_92_false_negatives,subject_92_false_positives,subject_92_loss,subject_92_pr,subject_92_precision,subject_92_recall,subject_92_true_negatives,subject_92_true_positives,subject_96_accuracy,subject_96_auc,subject_96_false_negatives,subject_96_false_positives,subject_96_loss,subject_96_pr,subject_96_precision,subject_96_recall,subject_96_true_negatives,subject_96_true_positives,true_negatives,true_positives,val_accuracy,val_auc,val_false_negatives,val_false_positives,val_loss,val_pr,val_precision,val_recall,val_true_negatives,val_true_positives
0,0.9862500031789144,0.9999114523331324,38.0,28.0,0.042542237609159206,0.9999128133058548,0.9891114532947541,0.9841666668653489,,,,,,,,,,,,,,,,,,,,,,,,,,,,,,,,,,,,,,,,,,,,,,,,,,,,,,,,,,,,,,,,,,,,,,,,,,,,,,,,,,,,,,,,,,,,,,,,,,,,,,,,,,,,,,,,,,,,,,,,,2372.0,2362.0,0.9926082315011917,0.0,0.0,28.0,0.02553988893397365,0.0,0.0,0.0,3760.0,0.0
1,0.9995833337306977,1.0,2.0,0.0,0.017589199022234728,0.9999999950329463,1.0,0.9991666674613954,,,,,,,,,,,,,,,,,,,,,,,,,,,,,,,,,,,,,,,,,,,,,,,,,,,,,,,,,,,,,,,,,,,,,,,,,,,,,,,,,,,,,,,,,,,,,,,,,,,,,,,,,,,,,,,,,,,,,,,,,2400.0,2398.0,0.9947201688916529,0.0,0.0,20.0,0.01950028644473446,0.0,0.0,0.0,3768.0,0.0
2,1.0,0.9999999701976777,0.0,0.0,0.009657362007225551,0.9999999850988389,1.0,1.0,,,,,,,,,,,,,,,,,,,,,,,,,,,,,,,,,,,,,,,,,,,,,,,,,,,,,,,,,,,,,,,,,,,,,,,,,,,,,,,,,,,,,,,,,,,,,,,,,,,,,,,,,,,,,,,,,,,,,,,,,2400.0,2400.0,0.9957761416465454,0.0,0.0,16.0,0.016586286013349973,0.0,0.0,0.0,3772.0,0.0
3,1.0,1.0,0.0,0.0,0.0070710291969589886,0.9999999950329465,1.0,1.0,,,,,,,,,,,,,,,,,,,,,,,,,,,,,,,,,,,,,,,,,,,,,,,,,,,,,,,,,,,,,,,,,,,,,,,,,,,,,,,,,,,,,,,,,,,,,,,,,,,,,,,,,,,,,,,,,,,,,,,,,2400.0,2400.0,0.9965681155480706,0.0,0.0,13.0,0.01503762095763275,0.0,0.0,0.0,3775.0,0.0
4,1.0,0.9999999900658926,0.0,0.0,0.005729538418042163,0.9999999950329463,1.0,1.0,,,,,,,,,,,,,,,,,,,,,,,,,,,,,,,,,,,,,,,,,,,,,,,,,,,,,,,,,,,,,,,,,,,,,,,,,,,,,,,,,,,,,,,,,,,,,,,,,,,,,,,,,,,,,,,,,,,,,,,,,2400.0,2400.0,0.9968321068485788,0.0,0.0,12.0,0.014190789715521167,0.0,0.0,0.0,3776.0,0.0
5,1.0,0.9999999850988388,0.0,0.0,0.004895566283375955,0.9999999900658926,1.0,1.0,,,,,,,,,,,,,,,,,,,,,,,,,,,,,,,,,,,,,,,,,,,,,,,,,,,,,,,,,,,,,,,,,,,,,,,,,,,,,,,,,,,,,,,,,,,,,,,,,,,,,,,,,,,,,,,,,,,,,,,,,2400.0,2400.0,0.9970960981490873,0.0,0.0,11.0,0.01347743952640705,0.0,0.0,0.0,3777.0,0.0
6,1.0,0.9999999751647314,0.0,0.0,0.00432680247972409,1.0,1.0,1.0,,,,,,,,,,,,,,,,,,,,,,,,,,,,,,,,,,,,,,,,,,,,,,,,,,,,,,,,,,,,,,,,,,,,,,,,,,,,,,,,,,,,,,,,,,,,,,,,,,,,,,,,,,,,,,,,,,,,,,,,,2400.0,2400.0,0.9970960981490873,0.0,0.0,11.0,0.013106182645888332,0.0,0.0,0.0,3777.0,0.0
7,1.0,0.9999999900658927,0.0,0.0,0.0038899341454574216,1.0,1.0,1.0,,,,,,,,,,,,,,,,,,,,,,,,,,,,,,,,,,,,,,,,,,,,,,,,,,,,,,,,,,,,,,,,,,,,,,,,,,,,,,,,,,,,,,,,,,,,,,,,,,,,,,,,,,,,,,,,,,,,,,,,,2400.0,2400.0,0.9973600869949164,0.0,0.0,10.0,0.012783820477161615,0.0,0.0,0.0,3778.0,0.0
8,1.0,1.0000000049670539,0.0,0.0,0.0035504063152863334,0.9999999900658927,1.0,1.0,,,,,,,,,,,,,,,,,,,,,,,,,,,,,,,,,,,,,,,,,,,,,,,,,,,,,,,,,,,,,,,,,,,,,,,,,,,,,,,,,,,,,,,,,,,,,,,,,,,,,,,,,,,,,,,,,,,,,,,,,2400.0,2400.0,0.9978880695959331,0.0,0.0,8.0,0.012369256676193138,0.0,0.0,0.0,3780.0,0.0
9,1.0,1.0000000099341075,0.0,0.0,0.0032691944006364793,1.0000000049670537,1.0,1.0,,,,,,,,,,,,,,,,,,,,,,,,,,,,,,,,,,,,,,,,,,,,,,,,,,,,,,,,,,,,,,,,,,,,,,,,,,,,,,,,,,,,,,,,,,,,,,,,,,,,,,,,,,,,,,,,,,,,,,,,,2400.0,2400.0,0.9978880695959331,0.0,0.0,8.0,0.012127411341900204,0.0,0.0,0.0,3780.0,0.0
10,1.0,1.0000000099341075,0.0,0.0,0.0030381517352846767,0.9999999950329463,1.0,1.0,,,,,,,,,,,,,,,,,,,,,,,,,,,,,,,,,,,,,,,,,,,,,,,,,,,,,,,,,,,,,,,,,,,,,,,,,,,,,,,,,,,,,,,,,,,,,,,,,,,,,,,,,,,,,,,,,,,,,,,,,2400.0,2400.0,0.9978880695959331,0.0,0.0,8.0,0.011892356884672179,0.0,0.0,0.0,3780.0,0.0
11,1.0,1.0000000000000002,0.0,0.0,0.002841157423487554,0.9999999850988389,1.0,1.0,,,,,,,,,,,,,,,,,,,,,,,,,,,,,,,,,,,,,,,,,,,,,,,,,,,,,,,,,,,,,,,,,,,,,,,,,,,,,,,,,,,,,,,,,,,,,,,,,,,,,,,,,,,,,,,,,,,,,,,,,2400.0,2400.0,0.9976240782954249,0.0,0.0,9.0,0.011725728585523206,0.0,0.0,0.0,3779.0,0.0
12,1.0,0.9999999801317851,0.0,0.0,0.00267363371346922,0.9999999900658927,1.0,1.0,,,,,,,,,,,,,,,,,,,,,,,,,,,,,,,,,,,,,,,,,,,,,,,,,,,,,,,,,,,,,,,,,,,,,,,,,,,,,,,,,,,,,,,,,,,,,,,,,,,,,,,,,,,,,,,,,,,,,,,,,2400.0,2400.0,0.9976240782954249,0.0,0.0,9.0,0.011572778085849044,0.0,0.0,0.0,3779.0,0.0
13,1.0,0.9999999751647314,0.0,0.0,0.002523740453956028,1.0,1.0,1.0,,,,,,,,,,,,,,,,,,,,,,,,,,,,,,,,,,,,,,,,,,,,,,,,,,,,,,,,,,,,,,,,,,,,,,,,,,,,,,,,,,,,,,,,,,,,,,,,,,,,,,,,,,,,,,,,,,,,,,,,,2400.0,2400.0,0.9976240782954249,0.0,0.0,9.0,0.011452378984596022,0.0,0.0,0.0,3779.0,0.0
14,1.0,0.999999965230624,0.0,0.0,0.0023936078307451683,0.9999999950329463,1.0,1.0,,,,,,,,,,,,,,,,,,,,,,,,,,,,,,,,,,,,,,,,,,,,,,,,,,,,,,,,,,,,,,,,,,,,,,,,,,,,,,,,,,,,,,,,,,,,,,,,,,,,,,,,,,,,,,,,,,,,,,,,,2400.0,2400.0,0.9976240782954249,0.0,0.0,9.0,0.01131453206417851,0.0,0.0,0.0,3779.0,0.0
15,1.0,0.9999999900658927,0.0,0.0,0.002276486019642713,1.0,1.0,1.0,,,,,,,,,,,,,,,,,,,,,,,,,,,,,,,,,,,,,,,,,,,,,,,,,,,,,,,,,,,,,,,,,,,,,,,,,,,,,,,,,,,,,,,,,,,,,,,,,,,,,,,,,,,,,,,,,,,,,,,,,2400.0,2400.0,0.9976240782954249,0.0,0.0,9.0,0.011174132714657517,0.0,0.0,0.0,3779.0,0.0
16,1.0,0.9999999850988389,0.0,0.0,0.0021715637160620344,1.0,1.0,1.0,,,,,,,,,,,,,,,,,,,,,,,,,,,,,,,,,,,,,,,,,,,,,,,,,,,,,,,,,,,,,,,,,,,,,,,,,,,,,,,,,,,,,,,,,,,,,,,,,,,,,,,,,,,,,,,,,,,,,,,,,2400.0,2400.0,0.9976240782954249,0.0,0.0,9.0,0.01107628826236838,0.0,0.0,0.0,3779.0,0.0
17,1.0,1.0000000099341075,0.0,0.0,0.0020785537645375976,1.0,1.0,1.0,,,,,,,,,,,,,,,,,,,,,,,,,,,,,,,,,,,,,,,,,,,,,,,,,,,,,,,,,,,,,,,,,,,,,,,,,,,,,,,,,,,,,,,,,,,,,,,,,,,,,,,,,,,,,,,,,,,,,,,,,2400.0,2400.0,0.9973600869949164,0.0,0.0,10.0,0.011031820762355704,0.0,0.0,0.0,3778.0,0.0
18,1.0,1.0,0.0,0.0,0.0019918331600880875,1.0,1.0,1.0,,,,,,,,,,,,,,,,,,,,,,,,,,,,,,,,,,,,,,,,,,,,,,,,,,,,,,,,,,,,,,,,,,,,,,,,,,,,,,,,,,,,,,,,,,,,,,,,,,,,,,,,,,,,,,,,,,,,,,,,,2400.0,2400.0,0.9973600869949164,0.0,0.0,10.0,0.010851563079536617,0.0,0.0,0.0,3778.0,0.0
19,1.0,0.9999999900658926,0.0,0.0,0.0019137514500956359,1.0,1.0,1.0,,,,,,,,,,,,,,,,,,,,,,,,,,,,,,,,,,,,,,,,,,,,,,,,,,,,,,,,,,,,,,,,,,,,,,,,,,,,,,,,,,,,,,,,,,,,,,,,,,,,,,,,,,,,,,,,,,,,,,,,,2400.0,2400.0,0.9973600869949164,0.0,0.0,10.0,0.01077285822810494,0.0,0.0,0.0,3778.0,0.0
20,1.0,1.0,0.0,0.0,0.001843143331061583,1.0,1.0,1.0,,,,,,,,,,,,,,,,,,,,,,,,,,,,,,,,,,,,,,,,,,,,,,,,,,,,,,,,,,,,,,,,,,,,,,,,,,,,,,,,,,,,,,,,,,,,,,,,,,,,,,,,,,,,,,,,,,,,,,,,,2400.0,2400.0,0.9973600869949164,0.0,0.0,10.0,0.010681824001641953,0.0,0.0,0.0,3778.0,0.0
21,1.0,0.9999999950329465,0.0,0.0,0.0017762808143743313,1.0,1.0,1.0,,,,,,,,,,,,,,,,,,,,,,,,,,,,,,,,,,,,,,,,,,,,,,,,,,,,,,,,,,,,,,,,,,,,,,,,,,,,,,,,,,,,,,,,,,,,,,,,,,,,,,,,,,,,,,,,,,,,,,,,,2400.0,2400.0,0.9973600869949164,0.0,0.0,10.0,0.010623583588254989,0.0,0.0,0.0,3778.0,0.0
22,1.0,0.9999999950329465,0.0,0.0,0.0017154478063457648,0.9999999950329463,1.0,1.0,,,,,,,,,,,,,,,,,,,,,,,,,,,,,,,,,,,,,,,,,,,,,,,,,,,,,,,,,,,,,,,,,,,,,,,,,,,,,,,,,,,,,,,,,,,,,,,,,,,,,,,,,,,,,,,,,,,,,,,,,2400.0,2400.0,0.9973600869949164,0.0,0.0,10.0,0.010542414066832416,0.0,0.0,0.0,3778.0,0.0
23,1.0,0.9999999900658927,0.0,0.0,0.0016590669900566962,0.9999999950329463,1.0,1.0,,,,,,,,,,,,,,,,,,,,,,,,,,,,,,,,,,,,,,,,,,,,,,,,,,,,,,,,,,,,,,,,,,,,,,,,,,,,,,,,,,,,,,,,,,,,,,,,,,,,,,,,,,,,,,,,,,,,,,,,,2400.0,2400.0,0.9973600869949164,0.0,0.0,10.0,0.01049061242960356,0.0,0.0,0.0,3778.0,0.0
24,1.0,0.9999999950329465,0.0,0.0,0.0016058510939668243,1.0,1.0,1.0,,,,,,,,,,,,,,,,,,,,,,,,,,,,,,,,,,,,,,,,,,,,,,,,,,,,,,,,,,,,,,,,,,,,,,,,,,,,,,,,,,,,,,,,,,,,,,,,,,,,,,,,,,,,,,,,,,,,,,,,,2400.0,2400.0,0.9973600869949164,0.0,0.0,10.0,0.010428760116316285,0.0,0.0,0.0,3778.0,0.0
25,1.0,0.9999999950329463,0.0,0.0,0.0015567342970947114,0.9999999950329463,1.0,1.0,,,,,,,,,,,,,,,,,,,,,,,,,,,,,,,,,,,,,,,,,,,,,,,,,,,,,,,,,,,,,,,,,,,,,,,,,,,,,,,,,,,,,,,,,,,,,,,,,,,,,,,,,,,,,,,,,,,,,,,,,2400.0,2400.0,0.9973600869949164,0.0,0.0,10.0,0.010386299097469449,0.0,0.0,0.0,3778.0,0.0
26,1.0,0.9999999950329463,0.0,0.0,0.0015112230812277024,0.9999999950329463,1.0,1.0,,,,,,,,,,,,,,,,,,,,,,,,,,,,,,,,,,,,,,,,,,,,,,,,,,,,,,,,,,,,,,,,,,,,,,,,,,,,,,,,,,,,,,,,,,,,,,,,,,,,,,,,,,,,,,,,,,,,,,,,,2400.0,2400.0,0.9973600869949164,0.0,0.0,10.0,0.010312319881856342,0.0,0.0,0.0,3778.0,0.0
27,1.0,0.9999999950329463,0.0,0.0,0.0014676493080332876,1.0,1.0,1.0,,,,,,,,,,,,,,,,,,,,,,,,,,,,,,,,,,,,,,,,,,,,,,,,,,,,,,,,,,,,,,,,,,,,,,,,,,,,,,,,,,,,,,,,,,,,,,,,,,,,,,,,,,,,,,,,,,,,,,,,,2400.0,2400.0,0.9973600869949164,0.0,0.0,10.0,0.010255983149159036,0.0,0.0,0.0,3778.0,0.0
28,1.0,0.9999999950329465,0.0,0.0,0.001428044625984815,1.0,1.0,1.0,,,,,,,,,,,,,,,,,,,,,,,,,,,,,,,,,,,,,,,,,,,,,,,,,,,,,,,,,,,,,,,,,,,,,,,,,,,,,,,,,,,,,,,,,,,,,,,,,,,,,,,,,,,,,,,,,,,,,,,,,2400.0,2400.0,0.9973600869949164,0.0,0.0,10.0,0.010244219018642543,0.0,0.0,0.0,3778.0,0.0
29,1.0,0.9999999950329463,0.0,0.0,0.001390257806245548,1.0,1.0,1.0,,,,,,,,,,,,,,,,,,,,,,,,,,,,,,,,,,,,,,,,,,,,,,,,,,,,,,,,,,,,,,,,,,,,,,,,,,,,,,,,,,,,,,,,,,,,,,,,,,,,,,,,,,,,,,,,,,,,,,,,,2400.0,2400.0,0.9973600869949164,0.0,0.0,10.0,0.010174318869072559,0.0,0.0,0.0,3778.0,0.0
