,accuracy,auc,false_negatives,false_positives,loss,pr,precision,recall,subject_107_accuracy,subject_107_auc,subject_107_false_negatives,subject_107_false_positives,subject_107_loss,subject_107_pr,subject_107_precision,subject_107_recall,subject_107_true_negatives,subject_107_true_positives,subject_109_accuracy,subject_109_auc,subject_109_false_negatives,subject_109_false_positives,subject_109_loss,subject_109_pr,subject_109_precision,subject_109_recall,subject_109_true_negatives,subject_109_true_positives,subject_115_accuracy,subject_115_auc,subject_115_false_negatives,subject_115_false_positives,subject_115_loss,subject_115_pr,subject_115_precision,subject_115_recall,subject_115_true_negatives,subject_115_true_positives,subject_120_accuracy,subject_120_auc,subject_120_false_negatives,subject_120_false_positives,subject_120_loss,subject_120_pr,subject_120_precision,subject_120_recall,subject_120_true_negatives,subject_120_true_positives,subject_43_accuracy,subject_43_auc,subject_43_false_negatives,subject_43_false_positives,subject_43_loss,subject_43_pr,subject_43_precision,subject_43_recall,subject_43_true_negatives,subject_43_true_positives,subject_48_accuracy,subject_48_auc,subject_48_false_negatives,subject_48_false_positives,subject_48_loss,subject_48_pr,subject_48_precision,subject_48_recall,subject_48_true_negatives,subject_48_true_positives,subject_52_accuracy,subject_52_auc,subject_52_false_negatives,subject_52_false_positives,subject_52_loss,subject_52_pr,subject_52_precision,subject_52_recall,subject_52_true_negatives,subject_52_true_positives,subject_59_accuracy,subject_59_auc,subject_59_false_negatives,subject_59_false_positives,subject_59_loss,subject_59_pr,subject_59_precision,subject_59_recall,subject_59_true_negatives,subject_59_true_positives,subject_64_accuracy,subject_64_auc,subject_64_false_negatives,subject_64_false_positives,subject_64_loss,subject_64_pr,subject_64_precision,subject_64_recall,subject_64_true_negatives,subject_64_true_positives,subject_80_accuracy,subject_80_auc,subject_80_false_negatives,subject_80_false_positives,subject_80_loss,subject_80_pr,subject_80_precision,subject_80_recall,subject_80_true_negatives,subject_80_true_positives,subject_92_accuracy,subject_92_auc,subject_92_false_negatives,subject_92_false_positives,subject_92_loss,subject_92_pr,subject_92_precision,subject_92_recall,subject_92_true_negatives,subject_92_true_positives,subject_96_accuracy,subject_96_auc,subject_96_false_negatives,subject_96_false_positives,subject_96_loss,subject_96_pr,subject_96_precision,subject_96_recall,subject_96_true_negatives,subject_96_true_positives,true_negatives,true_positives,val_accuracy,val_auc,val_false_negatives,val_false_positives,val_loss,val_pr,val_precision,val_recall,val_true_negatives,val_true_positives
0,0.96520833671093,0.9998260289430619,121.0,46.0,0.09104423000108607,0.9998324314753215,0.9830822547276815,0.94958333671093,,,,,,,,,,,,,,,,,,,,,,,,,,,,,,,,,,,,,,,,,,,,,,,,,,,,,,,,,,,,,,,,,,,,,,,,,,,,,,,,,,,,,,,,,,,,,,,,,,,,,,,,,,,,,,,,,,,,,,,,,2354.0,2279.0,0.8112317087685179,0.19031962435894723,1043.0,557.0,1.2198591177799412,0.1443291827297931,0.19380081927736956,0.04190209779999148,6823.0,53.0
1,0.9964583317438762,0.9999999602635702,15.0,2.0,0.026849215262336655,0.9999999850988389,0.9991749177376431,0.9937500009934108,,,,,,,,,,,,,,,,,,,,,,,,,,,,,,,,,,,,,,,,,,,,,,,,,,,,,,,,,,,,,,,,,,,,,,,,,,,,,,,,,,,,,,,,,,,,,,,,,,,,,,,,,,,,,,,,,,,,,,,,,2398.0,2385.0,0.7894053846217934,0.19743110920922718,1064.0,721.0,1.3860300607741305,0.14884140297116508,0.21780383276061777,0.027281595842315938,6659.0,32.0
2,0.9995833337306977,1.0000000099341075,2.0,0.0,0.012395798469660803,0.9999999950329465,1.0,0.9991666674613954,,,,,,,,,,,,,,,,,,,,,,,,,,,,,,,,,,,,,,,,,,,,,,,,,,,,,,,,,,,,,,,,,,,,,,,,,,,,,,,,,,,,,,,,,,,,,,,,,,,,,,,,,,,,,,,,,,,,,,,,,2400.0,2398.0,0.7718263343293017,0.20477458002039597,1070.0,864.0,1.5171034904673728,0.15277021948939057,0.21935179295152807,0.022936917323691207,6516.0,26.0
3,1.0,1.0,0.0,0.0,0.007793126127410992,0.9999999900658926,1.0,1.0,,,,,,,,,,,,,,,,,,,,,,,,,,,,,,,,,,,,,,,,,,,,,,,,,,,,,,,,,,,,,,,,,,,,,,,,,,,,,,,,,,,,,,,,,,,,,,,,,,,,,,,,,,,,,,,,,,,,,,,,,2400.0,2400.0,0.757668702177081,0.2085765069416527,1074.0,980.0,1.604886504760717,0.15501180497921543,0.22180273822311414,0.020040465766716083,6400.0,22.0
4,1.0,1.0000000049670539,0.0,0.0,0.00588339475390967,0.9999999850988389,1.0,1.0,,,,,,,,,,,,,,,,,,,,,,,,,,,,,,,,,,,,,,,,,,,,,,,,,,,,,,,,,,,,,,,,,,,,,,,,,,,,,,,,,,,,,,,,,,,,,,,,,,,,,,,,,,,,,,,,,,,,,,,,,2400.0,2400.0,0.7482302925281785,0.21034945826757737,1075.0,1059.0,1.6585851457897782,0.1569344264794881,0.22180273822311414,0.018730479377397056,6321.0,21.0
5,1.0,0.9999999950329463,0.0,0.0,0.004819753815342361,0.9999999900658927,1.0,1.0,,,,,,,,,,,,,,,,,,,,,,,,,,,,,,,,,,,,,,,,,,,,,,,,,,,,,,,,,,,,,,,,,,,,,,,,,,,,,,,,,,,,,,,,,,,,,,,,,,,,,,,,,,,,,,,,,,,,,,,,,2400.0,2400.0,0.742685227278214,0.2113023785810079,1077.0,1104.0,1.6943309225432959,0.1577054898009766,0.22180273822311414,0.017282252466730656,6276.0,19.0
