,accuracy,auc,false_negatives,false_positives,loss,pr,precision,recall,subject_107_accuracy,subject_107_auc,subject_107_false_negatives,subject_107_false_positives,subject_107_loss,subject_107_pr,subject_107_precision,subject_107_recall,subject_107_true_negatives,subject_107_true_positives,subject_115_accuracy,subject_115_auc,subject_115_false_negatives,subject_115_false_positives,subject_115_loss,subject_115_pr,subject_115_precision,subject_115_recall,subject_115_true_negatives,subject_115_true_positives,subject_120_accuracy,subject_120_auc,subject_120_false_negatives,subject_120_false_positives,subject_120_loss,subject_120_pr,subject_120_precision,subject_120_recall,subject_120_true_negatives,subject_120_true_positives,subject_43_accuracy,subject_43_auc,subject_43_false_negatives,subject_43_false_positives,subject_43_loss,subject_43_pr,subject_43_precision,subject_43_recall,subject_43_true_negatives,subject_43_true_positives,subject_52_accuracy,subject_52_auc,subject_52_false_negatives,subject_52_false_positives,subject_52_loss,subject_52_pr,subject_52_precision,subject_52_recall,subject_52_true_negatives,subject_52_true_positives,subject_64_accuracy,subject_64_auc,subject_64_false_negatives,subject_64_false_positives,subject_64_loss,subject_64_pr,subject_64_precision,subject_64_recall,subject_64_true_negatives,subject_64_true_positives,subject_80_accuracy,subject_80_auc,subject_80_false_negatives,subject_80_false_positives,subject_80_loss,subject_80_pr,subject_80_precision,subject_80_recall,subject_80_true_negatives,subject_80_true_positives,subject_92_accuracy,subject_92_auc,subject_92_false_negatives,subject_92_false_positives,subject_92_loss,subject_92_pr,subject_92_precision,subject_92_recall,subject_92_true_negatives,subject_92_true_positives,true_negatives,true_positives,val_accuracy,val_auc,val_false_negatives,val_false_positives,val_loss,val_pr,val_precision,val_recall,val_true_negatives,val_true_positives
0,0.8825000151991844,0.9972655922174454,169.0,207.0,0.29742119612172246,0.9969214648008347,0.9222517088055611,0.8943749889731407,,,,,,,,,,,,,,,,,,,,,,,,,,,,,,,,,,,,,,,,,,,,,,,,,,,,,,,,,,,,,,,,,,,,,,,,,,,,,,,,,1393.0,1431.0,0.8101688921871026,0.38997308273369125,867.0,1291.0,0.47820278970653657,0.3141735521716018,0.27119951001529036,0.2753155577815099,7501.0,1709.0
1,0.9853124991059303,0.9999906122684479,4.0,43.0,0.06982596958987415,0.9999906420707703,0.9776838943362236,0.9975000023841858,,,,,,,,,,,,,,,,,,,,,,,,,,,,,,,,,,,,,,,,,,,,,,,,,,,,,,,,,,,,,,,,,,,,,,,,,,,,,,,,,1557.0,1596.0,0.7874736076169749,0.39047887747259225,1124.0,1292.0,0.5233317390293688,0.31359132547862173,0.3108122585043783,0.249221704410026,7500.0,1452.0
2,1.0,0.9999999776482582,0.0,0.0,0.026029652883298695,0.9999999701976776,1.0,1.0,,,,,,,,,,,,,,,,,,,,,,,,,,,,,,,,,,,,,,,,,,,,,,,,,,,,,,,,,,,,,,,,,,,,,,,,,,,,,,,,,1600.0,1600.0,0.7705840923201442,0.3900573730762369,1338.0,1270.0,0.5721473702211781,0.3134679914354481,0.30360584392000634,0.2264596655110211,7522.0,1238.0
3,1.0,0.9999999552965164,0.0,0.0,0.0153075657133013,1.0000000074505806,1.0,1.0,,,,,,,,,,,,,,,,,,,,,,,,,,,,,,,,,,,,,,,,,,,,,,,,,,,,,,,,,,,,,,,,,,,,,,,,,,,,,,,,,1600.0,1600.0,0.7609078136864554,0.3916691684076939,1468.0,1250.0,0.6112097328234897,0.3141677624412945,0.3043039723612069,0.2127010473020684,7542.0,1108.0
4,1.0,0.999999962747097,0.0,0.0,0.011114082417916506,1.0000000074505806,1.0,1.0,,,,,,,,,,,,,,,,,,,,,,,,,,,,,,,,,,,,,,,,,,,,,,,,,,,,,,,,,,,,,,,,,,,,,,,,,,,,,,,,,1600.0,1600.0,0.7588845924916694,0.3921691817057796,1519.0,1222.0,0.6343238726189051,0.3143871397063147,0.30568549615828444,0.207216050897913,7570.0,1057.0
5,1.0,0.9999999850988388,0.0,0.0,0.008823652288410812,0.9999999925494194,1.0,1.0,,,,,,,,,,,,,,,,,,,,,,,,,,,,,,,,,,,,,,,,,,,,,,,,,,,,,,,,,,,,,,,,,,,,,,,,,,,,,,,,,1600.0,1600.0,0.7572132331187418,0.39261337305189103,1541.0,1219.0,0.6479794378076373,0.314592169994917,0.3058368323933147,0.20479315481581878,7573.0,1035.0
