,accuracy,auc,false_negatives,false_positives,loss,pr,precision,recall,subject_107_accuracy,subject_107_auc,subject_107_false_negatives,subject_107_false_positives,subject_107_loss,subject_107_pr,subject_107_precision,subject_107_recall,subject_107_true_negatives,subject_107_true_positives,subject_109_accuracy,subject_109_auc,subject_109_false_negatives,subject_109_false_positives,subject_109_loss,subject_109_pr,subject_109_precision,subject_109_recall,subject_109_true_negatives,subject_109_true_positives,subject_115_accuracy,subject_115_auc,subject_115_false_negatives,subject_115_false_positives,subject_115_loss,subject_115_pr,subject_115_precision,subject_115_recall,subject_115_true_negatives,subject_115_true_positives,subject_120_accuracy,subject_120_auc,subject_120_false_negatives,subject_120_false_positives,subject_120_loss,subject_120_pr,subject_120_precision,subject_120_recall,subject_120_true_negatives,subject_120_true_positives,subject_43_accuracy,subject_43_auc,subject_43_false_negatives,subject_43_false_positives,subject_43_loss,subject_43_pr,subject_43_precision,subject_43_recall,subject_43_true_negatives,subject_43_true_positives,subject_48_accuracy,subject_48_auc,subject_48_false_negatives,subject_48_false_positives,subject_48_loss,subject_48_pr,subject_48_precision,subject_48_recall,subject_48_true_negatives,subject_48_true_positives,subject_52_accuracy,subject_52_auc,subject_52_false_negatives,subject_52_false_positives,subject_52_loss,subject_52_pr,subject_52_precision,subject_52_recall,subject_52_true_negatives,subject_52_true_positives,subject_59_accuracy,subject_59_auc,subject_59_false_negatives,subject_59_false_positives,subject_59_loss,subject_59_pr,subject_59_precision,subject_59_recall,subject_59_true_negatives,subject_59_true_positives,subject_64_accuracy,subject_64_auc,subject_64_false_negatives,subject_64_false_positives,subject_64_loss,subject_64_pr,subject_64_precision,subject_64_recall,subject_64_true_negatives,subject_64_true_positives,subject_80_accuracy,subject_80_auc,subject_80_false_negatives,subject_80_false_positives,subject_80_loss,subject_80_pr,subject_80_precision,subject_80_recall,subject_80_true_negatives,subject_80_true_positives,subject_92_accuracy,subject_92_auc,subject_92_false_negatives,subject_92_false_positives,subject_92_loss,subject_92_pr,subject_92_precision,subject_92_recall,subject_92_true_negatives,subject_92_true_positives,true_negatives,true_positives,val_accuracy,val_auc,val_false_negatives,val_false_positives,val_loss,val_pr,val_precision,val_recall,val_true_negatives,val_true_positives
0,0.7461363673210144,0.8613272905349731,683.0,434.0,0.6495096881823106,0.8585371375083923,0.7775499820709229,0.6895454525947571,,,,,,,,,,,,,,,,,,,,,,,,,,,,,,,,,,,,,,,,,,,,,,,,,,,,,,,,,,,,,,,,,,,,,,,,,,,,,,,,,,,,,,,,,,,,,,,,,,,,,,,,,,,,,,,1766.0,1517.0,0.7570047378540039,0.7876220345497131,1068.0,1395.0,0.8163804050120389,0.649092972278595,0.5622842907905579,0.6265734434127808,5881.0,1792.0
1,0.7527272701263428,0.8660205602645874,667.0,421.0,0.6269561245224693,0.8632147312164307,0.7845445275306702,0.6968181729316711,,,,,,,,,,,,,,,,,,,,,,,,,,,,,,,,,,,,,,,,,,,,,,,,,,,,,,,,,,,,,,,,,,,,,,,,,,,,,,,,,,,,,,,,,,,,,,,,,,,,,,,,,,,,,,,1779.0,1533.0,0.7570047378540039,0.7849084138870239,1084.0,1379.0,0.8235674333929921,0.6457847952842712,0.5629159808158875,0.6209790110588074,5897.0,1776.0
2,0.7547727227210999,0.8704568147659302,666.0,413.0,0.6104026613452218,0.8679567575454712,0.7878788113594055,0.6972727179527283,,,,,,,,,,,,,,,,,,,,,,,,,,,,,,,,,,,,,,,,,,,,,,,,,,,,,,,,,,,,,,,,,,,,,,,,,,,,,,,,,,,,,,,,,,,,,,,,,,,,,,,,,,,,,,,1787.0,1534.0,0.7579913139343262,0.7821584343910217,1104.0,1349.0,0.8249686714599899,0.6432707905769348,0.5655394792556763,0.6139860153198242,5927.0,1756.0
3,0.7599999904632568,0.8748658895492554,650.0,406.0,0.59187474435026,0.8722440004348755,0.7924335598945618,0.7045454382896423,,,,,,,,,,,,,,,,,,,,,,,,,,,,,,,,,,,,,,,,,,,,,,,,,,,,,,,,,,,,,,,,,,,,,,,,,,,,,,,,,,,,,,,,,,,,,,,,,,,,,,,,,,,,,,,1794.0,1550.0,0.7584846019744873,0.7808459401130676,1106.0,1342.0,0.8293527117750262,0.6420552730560303,0.5665374398231506,0.6132867336273193,5934.0,1754.0
4,0.7654545307159424,0.878534734249115,625.0,407.0,0.5766223994168368,0.8754380941390991,0.7946518659591675,0.7159090638160706,,,,,,,,,,,,,,,,,,,,,,,,,,,,,,,,,,,,,,,,,,,,,,,,,,,,,,,,,,,,,,,,,,,,,,,,,,,,,,,,,,,,,,,,,,,,,,,,,,,,,,,,,,,,,,,1793.0,1575.0,0.7580899596214294,0.7792173027992249,1105.0,1347.0,0.8374201079099877,0.6402413249015808,0.5657640099525452,0.6136363744735718,5929.0,1755.0
5,0.7686363458633423,0.8814083337783813,605.0,413.0,0.5638077613440426,0.8784282803535461,0.7943227291107178,0.7250000238418579,,,,,,,,,,,,,,,,,,,,,,,,,,,,,,,,,,,,,,,,,,,,,,,,,,,,,,,,,,,,,,,,,,,,,,,,,,,,,,,,,,,,,,,,,,,,,,,,,,,,,,,,,,,,,,,1787.0,1595.0,0.7572020292282104,0.777460515499115,1100.0,1361.0,0.8468386069845758,0.6395657062530518,0.5639218091964722,0.6153846383094788,5915.0,1760.0
