,accuracy,auc,false_negatives,false_positives,loss,pr,precision,recall,subject_107_accuracy,subject_107_auc,subject_107_false_negatives,subject_107_false_positives,subject_107_loss,subject_107_pr,subject_107_precision,subject_107_recall,subject_107_true_negatives,subject_107_true_positives,subject_109_accuracy,subject_109_auc,subject_109_false_negatives,subject_109_false_positives,subject_109_loss,subject_109_pr,subject_109_precision,subject_109_recall,subject_109_true_negatives,subject_109_true_positives,subject_115_accuracy,subject_115_auc,subject_115_false_negatives,subject_115_false_positives,subject_115_loss,subject_115_pr,subject_115_precision,subject_115_recall,subject_115_true_negatives,subject_115_true_positives,subject_120_accuracy,subject_120_auc,subject_120_false_negatives,subject_120_false_positives,subject_120_loss,subject_120_pr,subject_120_precision,subject_120_recall,subject_120_true_negatives,subject_120_true_positives,subject_43_accuracy,subject_43_auc,subject_43_false_negatives,subject_43_false_positives,subject_43_loss,subject_43_pr,subject_43_precision,subject_43_recall,subject_43_true_negatives,subject_43_true_positives,subject_48_accuracy,subject_48_auc,subject_48_false_negatives,subject_48_false_positives,subject_48_loss,subject_48_pr,subject_48_precision,subject_48_recall,subject_48_true_negatives,subject_48_true_positives,subject_52_accuracy,subject_52_auc,subject_52_false_negatives,subject_52_false_positives,subject_52_loss,subject_52_pr,subject_52_precision,subject_52_recall,subject_52_true_negatives,subject_52_true_positives,subject_59_accuracy,subject_59_auc,subject_59_false_negatives,subject_59_false_positives,subject_59_loss,subject_59_pr,subject_59_precision,subject_59_recall,subject_59_true_negatives,subject_59_true_positives,subject_64_accuracy,subject_64_auc,subject_64_false_negatives,subject_64_false_positives,subject_64_loss,subject_64_pr,subject_64_precision,subject_64_recall,subject_64_true_negatives,subject_64_true_positives,subject_80_accuracy,subject_80_auc,subject_80_false_negatives,subject_80_false_positives,subject_80_loss,subject_80_pr,subject_80_precision,subject_80_recall,subject_80_true_negatives,subject_80_true_positives,subject_92_accuracy,subject_92_auc,subject_92_false_negatives,subject_92_false_positives,subject_92_loss,subject_92_pr,subject_92_precision,subject_92_recall,subject_92_true_negatives,subject_92_true_positives,subject_96_accuracy,subject_96_auc,subject_96_false_negatives,subject_96_false_positives,subject_96_loss,subject_96_pr,subject_96_precision,subject_96_recall,subject_96_true_negatives,subject_96_true_positives,true_negatives,true_positives,val_accuracy,val_auc,val_false_negatives,val_false_positives,val_loss,val_pr,val_precision,val_recall,val_true_negatives,val_true_positives
0,0.7808333039283752,0.8518847227096558,675.0,377.0,0.7822480291128159,0.8767350912094116,0.8206470012664795,0.71875,,,,,,,,,,,,,,,,,,,,,,,,,,,,,,,,,,,,,,,,,,,,,,,,,,,,,,,,,,,,,,,,,,,,,,,,,,,,,,,,,,,,,,,,,,,,,,,,,,,,,,,,,,,,,,,,,,,,,,,,,2023.0,1725.0,0.8482016921043396,0.8407544493675232,472.0,389.0,0.3965608055147701,0.46380069851875305,0.47218453884124756,0.4243902564048767,4463.0,348.0
1,0.7872916460037231,0.8610140085220337,674.0,347.0,0.7244663986066977,0.8831504583358765,0.8326097726821899,0.7191666960716248,,,,,,,,,,,,,,,,,,,,,,,,,,,,,,,,,,,,,,,,,,,,,,,,,,,,,,,,,,,,,,,,,,,,,,,,,,,,,,,,,,,,,,,,,,,,,,,,,,,,,,,,,,,,,,,,,,,,,,,,,2053.0,1726.0,0.8554301857948303,0.8493790030479431,450.0,370.0,0.38047118959961557,0.48863333463668823,0.5,0.45121949911117554,4482.0,370.0
2,0.7897916436195374,0.8692708015441895,681.0,328.0,0.6824706923464934,0.8883370757102966,0.8397654891014099,0.7162500023841858,,,,,,,,,,,,,,,,,,,,,,,,,,,,,,,,,,,,,,,,,,,,,,,,,,,,,,,,,,,,,,,,,,,,,,,,,,,,,,,,,,,,,,,,,,,,,,,,,,,,,,,,,,,,,,,,,,,,,,,,,2072.0,1719.0,0.8610719442367554,0.8535091280937195,418.0,370.0,0.37367352683554245,0.5057069659233093,0.5207253694534302,0.49024391174316406,4482.0,402.0
3,0.7947916388511658,0.876735270023346,670.0,315.0,0.6418014147877693,0.8941620588302612,0.8459657430648804,0.7208333611488342,,,,,,,,,,,,,,,,,,,,,,,,,,,,,,,,,,,,,,,,,,,,,,,,,,,,,,,,,,,,,,,,,,,,,,,,,,,,,,,,,,,,,,,,,,,,,,,,,,,,,,,,,,,,,,,,,,,,,,,,,2085.0,1730.0,0.8644217252731323,0.8568673729896545,398.0,371.0,0.3704872790445562,0.5193150043487549,0.5321563482284546,0.5146341323852539,4481.0,422.0
4,0.7979166507720947,0.8835998773574829,662.0,308.0,0.6113022462030252,0.8987534046173096,0.8494623899459839,0.7241666913032532,,,,,,,,,,,,,,,,,,,,,,,,,,,,,,,,,,,,,,,,,,,,,,,,,,,,,,,,,,,,,,,,,,,,,,,,,,,,,,,,,,,,,,,,,,,,,,,,,,,,,,,,,,,,,,,,,,,,,,,,,2092.0,1738.0,0.8661847710609436,0.8594158291816711,372.0,387.0,0.3713536469110817,0.5314980149269104,0.5365269184112549,0.5463414788246155,4465.0,448.0
5,0.8033333420753479,0.8906106352806091,660.0,284.0,0.58526443267862,0.9043181538581848,0.8596838116645813,0.7250000238418579,,,,,,,,,,,,,,,,,,,,,,,,,,,,,,,,,,,,,,,,,,,,,,,,,,,,,,,,,,,,,,,,,,,,,,,,,,,,,,,,,,,,,,,,,,,,,,,,,,,,,,,,,,,,,,,,,,,,,,,,,2116.0,1740.0,0.8704161047935486,0.8608571290969849,360.0,375.0,0.3708043251874921,0.5415145754814148,0.5508981943130493,0.5609756112098694,4477.0,460.0
6,0.8062499761581421,0.8962666988372803,650.0,280.0,0.5616406998038292,0.9084658026695251,0.8620689511299133,0.7291666865348816,,,,,,,,,,,,,,,,,,,,,,,,,,,,,,,,,,,,,,,,,,,,,,,,,,,,,,,,,,,,,,,,,,,,,,,,,,,,,,,,,,,,,,,,,,,,,,,,,,,,,,,,,,,,,,,,,,,,,,,,,2120.0,1750.0,0.870768666267395,0.8610321879386902,347.0,386.0,0.37303149521518997,0.5501607656478882,0.5506402850151062,0.5768292546272278,4466.0,473.0
7,0.8112499713897705,0.9012237787246704,638.0,268.0,0.5417953939239184,0.9116625785827637,0.8679803013801575,0.73416668176651,,,,,,,,,,,,,,,,,,,,,,,,,,,,,,,,,,,,,,,,,,,,,,,,,,,,,,,,,,,,,,,,,,,,,,,,,,,,,,,,,,,,,,,,,,,,,,,,,,,,,,,,,,,,,,,,,,,,,,,,,2132.0,1762.0,0.8711212873458862,0.8615782260894775,344.0,387.0,0.37655907978628184,0.5549564957618713,0.5515643358230591,0.5804877877235413,4465.0,476.0
8,0.8137500286102295,0.9051568508148193,629.0,265.0,0.5241916941106319,0.9140018224716187,0.8698428273200989,0.7379166483879089,,,,,,,,,,,,,,,,,,,,,,,,,,,,,,,,,,,,,,,,,,,,,,,,,,,,,,,,,,,,,,,,,,,,,,,,,,,,,,,,,,,,,,,,,,,,,,,,,,,,,,,,,,,,,,,,,,,,,,,,,2135.0,1771.0,0.870768666267395,0.862220823764801,341.0,392.0,0.3804534487478824,0.5599347352981567,0.5499426126480103,0.5841463208198547,4460.0,479.0
