,accuracy,auc,false_negatives,false_positives,loss,pr,precision,recall,subject_107_accuracy,subject_107_auc,subject_107_false_negatives,subject_107_false_positives,subject_107_loss,subject_107_pr,subject_107_precision,subject_107_recall,subject_107_true_negatives,subject_107_true_positives,subject_115_accuracy,subject_115_auc,subject_115_false_negatives,subject_115_false_positives,subject_115_loss,subject_115_pr,subject_115_precision,subject_115_recall,subject_115_true_negatives,subject_115_true_positives,subject_120_accuracy,subject_120_auc,subject_120_false_negatives,subject_120_false_positives,subject_120_loss,subject_120_pr,subject_120_precision,subject_120_recall,subject_120_true_negatives,subject_120_true_positives,subject_43_accuracy,subject_43_auc,subject_43_false_negatives,subject_43_false_positives,subject_43_loss,subject_43_pr,subject_43_precision,subject_43_recall,subject_43_true_negatives,subject_43_true_positives,subject_52_accuracy,subject_52_auc,subject_52_false_negatives,subject_52_false_positives,subject_52_loss,subject_52_pr,subject_52_precision,subject_52_recall,subject_52_true_negatives,subject_52_true_positives,subject_64_accuracy,subject_64_auc,subject_64_false_negatives,subject_64_false_positives,subject_64_loss,subject_64_pr,subject_64_precision,subject_64_recall,subject_64_true_negatives,subject_64_true_positives,subject_80_accuracy,subject_80_auc,subject_80_false_negatives,subject_80_false_positives,subject_80_loss,subject_80_pr,subject_80_precision,subject_80_recall,subject_80_true_negatives,subject_80_true_positives,subject_92_accuracy,subject_92_auc,subject_92_false_negatives,subject_92_false_positives,subject_92_loss,subject_92_pr,subject_92_precision,subject_92_recall,subject_92_true_negatives,subject_92_true_positives,true_negatives,true_positives,val_accuracy,val_auc,val_false_negatives,val_false_positives,val_loss,val_pr,val_precision,val_recall,val_true_negatives,val_true_positives
0,0.5806249976158142,0.67732834815979,1032.0,310.0,1.5876589727401733,0.6116073727607727,0.6469248533248901,0.35499998927116394,,,,,,,,,,,,,,,,,,,,,,,,,,,,,,,,,,,,,,,,,,,,,,,,,,,,,,,,,,,,,,,,,,,,,,,,,,,,,,,,,1290.0,568.0,0.8002287149429321,0.8535372018814087,817.0,1454.0,0.5587908415219509,0.6373498439788818,0.5474634170532227,0.6828415989875793,7338.0,1759.0
1,0.6156250238418579,0.7058831453323364,917.0,313.0,1.419043237864971,0.6395502090454102,0.685742974281311,0.4268749952316284,,,,,,,,,,,,,,,,,,,,,,,,,,,,,,,,,,,,,,,,,,,,,,,,,,,,,,,,,,,,,,,,,,,,,,,,,,,,,,,,,1287.0,683.0,0.7949507236480713,0.8523315787315369,792.0,1539.0,0.5803427821881204,0.6393328905105591,0.5368642807006836,0.6925466060638428,7253.0,1784.0
2,0.6512500047683716,0.7258973717689514,805.0,311.0,1.315301086604595,0.6599246859550476,0.7188065052032471,0.49687498807907104,,,,,,,,,,,,,,,,,,,,,,,,,,,,,,,,,,,,,,,,,,,,,,,,,,,,,,,,,,,,,,,,,,,,,,,,,,,,,,,,,1289.0,795.0,0.792839527130127,0.8486693501472473,811.0,1544.0,0.5931652789485866,0.6342164278030396,0.5333938002586365,0.6851708292961121,7248.0,1765.0
3,0.675000011920929,0.740217387676239,740.0,300.0,1.2667205926775933,0.6731730103492737,0.7413793206214905,0.5375000238418579,,,,,,,,,,,,,,,,,,,,,,,,,,,,,,,,,,,,,,,,,,,,,,,,,,,,,,,,,,,,,,,,,,,,,,,,,,,,,,,,,1300.0,860.0,0.7931914329528809,0.8460777401924133,828.0,1523.0,0.6036863348523468,0.6321654319763184,0.5343931317329407,0.6785714030265808,7269.0,1748.0
4,0.6909375190734863,0.7530581951141357,702.0,287.0,1.228515580892563,0.6872656345367432,0.7578058838844299,0.5612499713897705,,,,,,,,,,,,,,,,,,,,,,,,,,,,,,,,,,,,,,,,,,,,,,,,,,,,,,,,,,,,,,,,,,,,,,,,,,,,,,,,,1313.0,898.0,0.792839527130127,0.8429757952690125,859.0,1496.0,0.6108250368372088,0.6280481815338135,0.5343915224075317,0.6665372848510742,7296.0,1717.0
5,0.7065625190734863,0.7631191611289978,648.0,291.0,1.2000321888923644,0.6974413990974426,0.7658889889717102,0.5950000286102295,,,,,,,,,,,,,,,,,,,,,,,,,,,,,,,,,,,,,,,,,,,,,,,,,,,,,,,,,,,,,,,,,,,,,,,,,,,,,,,,,1309.0,952.0,0.79354327917099,0.8398062586784363,868.0,1479.0,0.6223084596637833,0.6223844289779663,0.5359271764755249,0.6630434989929199,7313.0,1708.0
