,accuracy,auc,false_negatives,false_positives,loss,pr,precision,recall,subject_107_accuracy,subject_107_auc,subject_107_false_negatives,subject_107_false_positives,subject_107_loss,subject_107_pr,subject_107_precision,subject_107_recall,subject_107_true_negatives,subject_107_true_positives,subject_115_accuracy,subject_115_auc,subject_115_false_negatives,subject_115_false_positives,subject_115_loss,subject_115_pr,subject_115_precision,subject_115_recall,subject_115_true_negatives,subject_115_true_positives,subject_120_accuracy,subject_120_auc,subject_120_false_negatives,subject_120_false_positives,subject_120_loss,subject_120_pr,subject_120_precision,subject_120_recall,subject_120_true_negatives,subject_120_true_positives,subject_43_accuracy,subject_43_auc,subject_43_false_negatives,subject_43_false_positives,subject_43_loss,subject_43_pr,subject_43_precision,subject_43_recall,subject_43_true_negatives,subject_43_true_positives,subject_52_accuracy,subject_52_auc,subject_52_false_negatives,subject_52_false_positives,subject_52_loss,subject_52_pr,subject_52_precision,subject_52_recall,subject_52_true_negatives,subject_52_true_positives,subject_64_accuracy,subject_64_auc,subject_64_false_negatives,subject_64_false_positives,subject_64_loss,subject_64_pr,subject_64_precision,subject_64_recall,subject_64_true_negatives,subject_64_true_positives,subject_80_accuracy,subject_80_auc,subject_80_false_negatives,subject_80_false_positives,subject_80_loss,subject_80_pr,subject_80_precision,subject_80_recall,subject_80_true_negatives,subject_80_true_positives,subject_92_accuracy,subject_92_auc,subject_92_false_negatives,subject_92_false_positives,subject_92_loss,subject_92_pr,subject_92_precision,subject_92_recall,subject_92_true_negatives,subject_92_true_positives,true_negatives,true_positives,val_accuracy,val_auc,val_false_negatives,val_false_positives,val_loss,val_pr,val_precision,val_recall,val_true_negatives,val_true_positives
0,0.8971875011920929,0.9911640733480453,169.0,160.0,0.24522804171778262,0.9908608347177505,0.9340568259358406,0.8943750001490116,,,,,,,,,,,,,,,,,,,,,,,,,,,,,,,,,,,,,,,,,,,,,,,,,,,,,,,,,,,,,,,,,,,,,,,,,,,,,,,,,1440.0,1431.0,0.7923117501059526,0.3826342093365701,1100.0,1261.0,0.5161519827012152,0.3112601916306376,0.31029801760694664,0.2519831084092472,7531.0,1476.0
1,0.9696874991059303,0.9992453083395958,39.0,58.0,0.10753506189212202,0.9992278441786766,0.9695122763514519,0.9756250008940697,,,,,,,,,,,,,,,,,,,,,,,,,,,,,,,,,,,,,,,,,,,,,,,,,,,,,,,,,,,,,,,,,,,,,,,,,,,,,,,,,1542.0,1561.0,0.7624032302359138,0.3865404367698573,1297.0,1404.0,0.5990314943227083,0.3117224687106126,0.2996878205922437,0.23317450889760466,7388.0,1279.0
2,0.9846874997019768,0.9998828619718552,24.0,25.0,0.07145212559960781,0.9998792558908463,0.9854423776268959,0.9849999994039536,,,,,,,,,,,,,,,,,,,,,,,,,,,,,,,,,,,,,,,,,,,,,,,,,,,,,,,,,,,,,,,,,,,,,,,,,,,,,,,,,1575.0,1576.0,0.7530788189504114,0.3892811426891566,1381.0,1426.0,0.6313570676615429,0.3123458027315341,0.29694432538739396,0.22651278809824515,7366.0,1195.0
3,0.9918750002980232,0.9999733939766884,10.0,16.0,0.054756781850010164,0.9999730885028839,0.9905113726854324,0.9937499985098839,,,,,,,,,,,,,,,,,,,,,,,,,,,,,,,,,,,,,,,,,,,,,,,,,,,,,,,,,,,,,,,,,,,,,,,,,,,,,,,,,1584.0,1590.0,0.7521111901527052,0.3913391281776576,1416.0,1402.0,0.6413794454986497,0.3132268629344226,0.30147586108554336,0.22444138809891756,7390.0,1160.0
4,0.994375005364418,0.9999906420707703,6.0,12.0,0.04489603788591921,0.9999905973672867,0.9927577078342438,0.9962500035762787,,,,,,,,,,,,,,,,,,,,,,,,,,,,,,,,,,,,,,,,,,,,,,,,,,,,,,,,,,,,,,,,,,,,,,,,,,,,,,,,,1588.0,1594.0,0.7517593220704715,0.39263375846958765,1427.0,1395.0,0.6462338765253776,0.3136542334675495,0.29998788828479833,0.22340381378013008,7397.0,1149.0
5,0.9956250041723251,0.9999999925494194,5.0,9.0,0.03818306772969663,0.9999999850988388,0.9945704117417336,0.9968750029802322,,,,,,,,,,,,,,,,,,,,,,,,,,,,,,,,,,,,,,,,,,,,,,,,,,,,,,,,,,,,,,,,,,,,,,,,,,,,,,,,,1591.0,1595.0,0.7522871200674273,0.3940818712880795,1437.0,1379.0,0.6489313324591479,0.31402440877981286,0.30040115576806325,0.22234991578979024,7413.0,1139.0
