,accuracy,auc,false_negatives,false_positives,loss,pr,precision,recall,subject_107_accuracy,subject_107_auc,subject_107_false_negatives,subject_107_false_positives,subject_107_loss,subject_107_pr,subject_107_precision,subject_107_recall,subject_107_true_negatives,subject_107_true_positives,subject_109_accuracy,subject_109_auc,subject_109_false_negatives,subject_109_false_positives,subject_109_loss,subject_109_pr,subject_109_precision,subject_109_recall,subject_109_true_negatives,subject_109_true_positives,subject_115_accuracy,subject_115_auc,subject_115_false_negatives,subject_115_false_positives,subject_115_loss,subject_115_pr,subject_115_precision,subject_115_recall,subject_115_true_negatives,subject_115_true_positives,subject_120_accuracy,subject_120_auc,subject_120_false_negatives,subject_120_false_positives,subject_120_loss,subject_120_pr,subject_120_precision,subject_120_recall,subject_120_true_negatives,subject_120_true_positives,subject_43_accuracy,subject_43_auc,subject_43_false_negatives,subject_43_false_positives,subject_43_loss,subject_43_pr,subject_43_precision,subject_43_recall,subject_43_true_negatives,subject_43_true_positives,subject_48_accuracy,subject_48_auc,subject_48_false_negatives,subject_48_false_positives,subject_48_loss,subject_48_pr,subject_48_precision,subject_48_recall,subject_48_true_negatives,subject_48_true_positives,subject_52_accuracy,subject_52_auc,subject_52_false_negatives,subject_52_false_positives,subject_52_loss,subject_52_pr,subject_52_precision,subject_52_recall,subject_52_true_negatives,subject_52_true_positives,subject_59_accuracy,subject_59_auc,subject_59_false_negatives,subject_59_false_positives,subject_59_loss,subject_59_pr,subject_59_precision,subject_59_recall,subject_59_true_negatives,subject_59_true_positives,subject_64_accuracy,subject_64_auc,subject_64_false_negatives,subject_64_false_positives,subject_64_loss,subject_64_pr,subject_64_precision,subject_64_recall,subject_64_true_negatives,subject_64_true_positives,subject_80_accuracy,subject_80_auc,subject_80_false_negatives,subject_80_false_positives,subject_80_loss,subject_80_pr,subject_80_precision,subject_80_recall,subject_80_true_negatives,subject_80_true_positives,subject_92_accuracy,subject_92_auc,subject_92_false_negatives,subject_92_false_positives,subject_92_loss,subject_92_pr,subject_92_precision,subject_92_recall,subject_92_true_negatives,subject_92_true_positives,subject_96_accuracy,subject_96_auc,subject_96_false_negatives,subject_96_false_positives,subject_96_loss,subject_96_pr,subject_96_precision,subject_96_recall,subject_96_true_negatives,subject_96_true_positives,true_negatives,true_positives,val_accuracy,val_auc,val_false_negatives,val_false_positives,val_loss,val_pr,val_precision,val_recall,val_true_negatives,val_true_positives
0,0.9947916716337205,0.999952087799708,13.0,12.0,0.022237684560532215,0.9999517848094304,0.9950494418541592,0.9945833335320156,,,,,,,,,,,,,,,,,,,,,,,,,,,,,,,,,,,,,,,,,,,,,,,,,,,,,,,,,,,,,,,,,,,,,,,,,,,,,,,,,,,,,,,,,,,,,,,,,,,,,,,,,,,,,,,,,,,,,,,,,2388.0,2387.0,0.8840962419627418,0.5978596113937001,154.0,241.0,0.9417793108919825,0.11188237815045973,0.10054905355816156,0.2471830920434334,2959.0,54.0
1,0.9977083355188371,0.9999957978725433,8.0,3.0,0.015511413847464916,0.9999958177407583,0.9987603227297467,0.9966666698455812,,,,,,,,,,,,,,,,,,,,,,,,,,,,,,,,,,,,,,,,,,,,,,,,,,,,,,,,,,,,,,,,,,,,,,,,,,,,,,,,,,,,,,,,,,,,,,,,,,,,,,,,,,,,,,,,,,,,,,,,,2397.0,2392.0,0.8849765288997704,0.5976406195214097,156.0,236.0,0.9325544374144006,0.11113992771527298,0.09952397056868378,0.23802817119678982,2964.0,52.0
2,0.9985416680574418,0.9999978790680567,5.0,2.0,0.012742547081531181,0.999997913837433,0.9991749177376431,0.9979166686534883,,,,,,,,,,,,,,,,,,,,,,,,,,,,,,,,,,,,,,,,,,,,,,,,,,,,,,,,,,,,,,,,,,,,,,,,,,,,,,,,,,,,,,,,,,,,,,,,,,,,,,,,,,,,,,,,,,,,,,,,,2398.0,2395.0,0.8855633800718146,0.5963906379232944,158.0,232.0,0.9317025082580185,0.11095988616662125,0.09739286987714364,0.22887323397985646,2968.0,50.0
3,0.9995833337306977,0.9999999801317849,2.0,0.0,0.011039327486262969,1.0000000049670539,1.0,0.9991666674613954,,,,,,,,,,,,,,,,,,,,,,,,,,,,,,,,,,,,,,,,,,,,,,,,,,,,,,,,,,,,,,,,,,,,,,,,,,,,,,,,,,,,,,,,,,,,,,,,,,,,,,,,,,,,,,,,,,,,,,,,,2400.0,2398.0,0.8858568011455132,0.5953658076239303,157.0,232.0,0.9335056500344614,0.11006602243533437,0.09898970160685794,0.23345071077346802,2968.0,51.0
4,0.9997916668653489,1.0000000049670539,1.0,0.0,0.009861240954148039,0.9999999850988389,1.0,0.9995833337306977,,,,,,,,,,,,,,,,,,,,,,,,,,,,,,,,,,,,,,,,,,,,,,,,,,,,,,,,,,,,,,,,,,,,,,,,,,,,,,,,,,,,,,,,,,,,,,,,,,,,,,,,,,,,,,,,,,,,,,,,,2400.0,2399.0,0.8861502549597915,0.5967728659300737,157.0,231.0,0.9364018906190452,0.11008160319966329,0.0993407215450851,0.23345071077346802,2969.0,51.0
5,0.9997916668653489,1.0,1.0,0.0,0.00892706824990455,0.9999999850988389,1.0,0.9995833337306977,,,,,,,,,,,,,,,,,,,,,,,,,,,,,,,,,,,,,,,,,,,,,,,,,,,,,,,,,,,,,,,,,,,,,,,,,,,,,,,,,,,,,,,,,,,,,,,,,,,,,,,,,,,,,,,,,,,,,,,,,2400.0,2399.0,0.8849765379244172,0.5983199216950108,159.0,233.0,0.9395570436557311,0.11070116984487419,0.09544501002405731,0.22429577355653468,2967.0,49.0
6,0.9997916668653489,0.9999999950329463,1.0,0.0,0.008234674836858174,0.9999999950329465,1.0,0.9995833337306977,,,,,,,,,,,,,,,,,,,,,,,,,,,,,,,,,,,,,,,,,,,,,,,,,,,,,,,,,,,,,,,,,,,,,,,,,,,,,,,,,,,,,,,,,,,,,,,,,,,,,,,,,,,,,,,,,,,,,,,,,2400.0,2399.0,0.8843896630364405,0.5984047766722423,160.0,234.0,0.942104447097878,0.11164794232643827,0.09349715017097097,0.21971831313321288,2966.0,48.0
7,0.9997916668653489,0.9999999751647314,1.0,0.0,0.007637769669333162,0.9999999950329465,1.0,0.9995833337306977,,,,,,,,,,,,,,,,,,,,,,,,,,,,,,,,,,,,,,,,,,,,,,,,,,,,,,,,,,,,,,,,,,,,,,,,,,,,,,,,,,,,,,,,,,,,,,,,,,,,,,,,,,,,,,,,,,,,,,,,,2400.0,2399.0,0.8855633800718146,0.5987335976580499,160.0,230.0,0.9446441437925891,0.11180030554533005,0.09484243602819846,0.21971831313321288,2970.0,48.0
