,accuracy,auc,false_negatives,false_positives,loss,pr,precision,recall,subject_107_accuracy,subject_107_auc,subject_107_false_negatives,subject_107_false_positives,subject_107_loss,subject_107_pr,subject_107_precision,subject_107_recall,subject_107_true_negatives,subject_107_true_positives,subject_109_accuracy,subject_109_auc,subject_109_false_negatives,subject_109_false_positives,subject_109_loss,subject_109_pr,subject_109_precision,subject_109_recall,subject_109_true_negatives,subject_109_true_positives,subject_115_accuracy,subject_115_auc,subject_115_false_negatives,subject_115_false_positives,subject_115_loss,subject_115_pr,subject_115_precision,subject_115_recall,subject_115_true_negatives,subject_115_true_positives,subject_120_accuracy,subject_120_auc,subject_120_false_negatives,subject_120_false_positives,subject_120_loss,subject_120_pr,subject_120_precision,subject_120_recall,subject_120_true_negatives,subject_120_true_positives,subject_43_accuracy,subject_43_auc,subject_43_false_negatives,subject_43_false_positives,subject_43_loss,subject_43_pr,subject_43_precision,subject_43_recall,subject_43_true_negatives,subject_43_true_positives,subject_48_accuracy,subject_48_auc,subject_48_false_negatives,subject_48_false_positives,subject_48_loss,subject_48_pr,subject_48_precision,subject_48_recall,subject_48_true_negatives,subject_48_true_positives,subject_52_accuracy,subject_52_auc,subject_52_false_negatives,subject_52_false_positives,subject_52_loss,subject_52_pr,subject_52_precision,subject_52_recall,subject_52_true_negatives,subject_52_true_positives,subject_59_accuracy,subject_59_auc,subject_59_false_negatives,subject_59_false_positives,subject_59_loss,subject_59_pr,subject_59_precision,subject_59_recall,subject_59_true_negatives,subject_59_true_positives,subject_64_accuracy,subject_64_auc,subject_64_false_negatives,subject_64_false_positives,subject_64_loss,subject_64_pr,subject_64_precision,subject_64_recall,subject_64_true_negatives,subject_64_true_positives,subject_80_accuracy,subject_80_auc,subject_80_false_negatives,subject_80_false_positives,subject_80_loss,subject_80_pr,subject_80_precision,subject_80_recall,subject_80_true_negatives,subject_80_true_positives,subject_92_accuracy,subject_92_auc,subject_92_false_negatives,subject_92_false_positives,subject_92_loss,subject_92_pr,subject_92_precision,subject_92_recall,subject_92_true_negatives,subject_92_true_positives,true_negatives,true_positives,val_accuracy,val_auc,val_false_negatives,val_false_positives,val_loss,val_pr,val_precision,val_recall,val_true_negatives,val_true_positives
0,0.9836363684047353,0.9998613704334606,62.0,10.0,0.05225975031879815,0.9998637600378555,0.9955339540134777,0.971818192438646,,,,,,,,,,,,,,,,,,,,,,,,,,,,,,,,,,,,,,,,,,,,,,,,,,,,,,,,,,,,,,,,,,,,,,,,,,,,,,,,,,,,,,,,,,,,,,,,,,,,,,,,,,,,,,,2190.0,2138.0,0.8023875311734456,0.6892770962067825,840.0,1163.0,0.6025176099540601,0.6062886507236402,0.5772458557877469,0.5077427159333285,6113.0,2020.0
1,0.9977272748947146,0.9999999620697715,7.0,3.0,0.026326816766946152,0.999999989162792,0.9986565167253669,0.9968181848526003,,,,,,,,,,,,,,,,,,,,,,,,,,,,,,,,,,,,,,,,,,,,,,,,,,,,,,,,,,,,,,,,,,,,,,,,,,,,,,,,,,,,,,,,,,,,,,,,,,,,,,,,,,,,,,,2197.0,2193.0,0.7910418389534142,0.6837402379174071,878.0,1240.0,0.6823879940947628,0.5988270044326782,0.5754598942956495,0.4985761434992374,6036.0,1982.0
2,0.9993181824684145,0.9999999783255837,1.0,2.0,0.018611449070105496,1.0000000054186042,0.999099910259247,0.9995454549789431,,,,,,,,,,,,,,,,,,,,,,,,,,,,,,,,,,,,,,,,,,,,,,,,,,,,,,,,,,,,,,,,,,,,,,,,,,,,,,,,,,,,,,,,,,,,,,,,,,,,,,,,,,,,,,,2198.0,2199.0,0.7893646353092735,0.6810126640755263,883.0,1252.0,0.7159990662499478,0.5950505382071919,0.5753531966420169,0.49702714897556954,6024.0,1977.0
3,0.9995454549789431,0.9999999674883756,0.0,2.0,0.014787163116376508,0.9999999783255838,0.999099910259247,1.0000000000000002,,,,,,,,,,,,,,,,,,,,,,,,,,,,,,,,,,,,,,,,,,,,,,,,,,,,,,,,,,,,,,,,,,,,,,,,,,,,,,,,,,,,,,,,,,,,,,,,,,,,,,,,,,,,,,,2198.0,2200.0,0.7867995183253346,0.6790711239227274,892.0,1269.0,0.7328683983684527,0.5924697030032819,0.5711085555491339,0.4927981926779533,6007.0,1968.0
4,0.9995454549789431,1.0000000108372082,0.0,2.0,0.012443531374870375,0.999999989162792,0.999099910259247,1.0000000000000002,,,,,,,,,,,,,,,,,,,,,,,,,,,,,,,,,,,,,,,,,,,,,,,,,,,,,,,,,,,,,,,,,,,,,,,,,,,,,,,,,,,,,,,,,,,,,,,,,,,,,,,,,,,,,,,2198.0,2200.0,0.7858129355412538,0.6775775464764711,907.0,1264.0,0.7429867409799852,0.5895452086344044,0.5712064311743347,0.4897405418972378,6012.0,1953.0
5,0.9997727274894717,1.0000000054186042,0.0,1.0,0.010824775521812793,0.9999999837441879,0.9995477145368404,1.0000000000000002,,,,,,,,,,,,,,,,,,,,,,,,,,,,,,,,,,,,,,,,,,,,,,,,,,,,,,,,,,,,,,,,,,,,,,,,,,,,,,,,,,,,,,,,,,,,,,,,,,,,,,,,,,,,,,,2199.0,2200.0,0.7849250121105348,0.6766626740781547,912.0,1268.0,0.7504667460114408,0.5876013549322581,0.5715486305194665,0.48868442410875135,6008.0,1948.0
