,accuracy,auc,false_negatives,false_positives,loss,pr,precision,recall,subject_107_accuracy,subject_107_auc,subject_107_false_negatives,subject_107_false_positives,subject_107_loss,subject_107_pr,subject_107_precision,subject_107_recall,subject_107_true_negatives,subject_107_true_positives,subject_109_accuracy,subject_109_auc,subject_109_false_negatives,subject_109_false_positives,subject_109_loss,subject_109_pr,subject_109_precision,subject_109_recall,subject_109_true_negatives,subject_109_true_positives,subject_115_accuracy,subject_115_auc,subject_115_false_negatives,subject_115_false_positives,subject_115_loss,subject_115_pr,subject_115_precision,subject_115_recall,subject_115_true_negatives,subject_115_true_positives,subject_120_accuracy,subject_120_auc,subject_120_false_negatives,subject_120_false_positives,subject_120_loss,subject_120_pr,subject_120_precision,subject_120_recall,subject_120_true_negatives,subject_120_true_positives,subject_43_accuracy,subject_43_auc,subject_43_false_negatives,subject_43_false_positives,subject_43_loss,subject_43_pr,subject_43_precision,subject_43_recall,subject_43_true_negatives,subject_43_true_positives,subject_48_accuracy,subject_48_auc,subject_48_false_negatives,subject_48_false_positives,subject_48_loss,subject_48_pr,subject_48_precision,subject_48_recall,subject_48_true_negatives,subject_48_true_positives,subject_52_accuracy,subject_52_auc,subject_52_false_negatives,subject_52_false_positives,subject_52_loss,subject_52_pr,subject_52_precision,subject_52_recall,subject_52_true_negatives,subject_52_true_positives,subject_59_accuracy,subject_59_auc,subject_59_false_negatives,subject_59_false_positives,subject_59_loss,subject_59_pr,subject_59_precision,subject_59_recall,subject_59_true_negatives,subject_59_true_positives,subject_64_accuracy,subject_64_auc,subject_64_false_negatives,subject_64_false_positives,subject_64_loss,subject_64_pr,subject_64_precision,subject_64_recall,subject_64_true_negatives,subject_64_true_positives,subject_80_accuracy,subject_80_auc,subject_80_false_negatives,subject_80_false_positives,subject_80_loss,subject_80_pr,subject_80_precision,subject_80_recall,subject_80_true_negatives,subject_80_true_positives,subject_92_accuracy,subject_92_auc,subject_92_false_negatives,subject_92_false_positives,subject_92_loss,subject_92_pr,subject_92_precision,subject_92_recall,subject_92_true_negatives,subject_92_true_positives,true_negatives,true_positives,val_accuracy,val_auc,val_false_negatives,val_false_positives,val_loss,val_pr,val_precision,val_recall,val_true_negatives,val_true_positives
0,0.9745454625649888,0.9990340958942066,8.0,104.0,0.07730168225159022,0.9990437626838684,0.9601639509201051,0.9963636398315432,,,,,,,,,,,,,,,,,,,,,,,,,,,,,,,,,,,,,,,,,,,,,,,,,,,,,,,,,,,,,,,,,,,,,,,,,,,,,,,,,,,,,,,,,,,,,,,,,,,,,,,,,,,,,,,2096.0,2192.0,0.803394627256362,0.32197391174695,603.0,1065.0,0.5892717466936198,0.20964195960425702,0.18585062333642172,0.18499080038672064,6631.0,185.0
1,0.9918181842023678,0.9999806610020724,2.0,34.0,0.04477535955692557,0.9999808994206516,0.9859501990404997,0.999090909957886,,,,,,,,,,,,,,,,,,,,,,,,,,,,,,,,,,,,,,,,,,,,,,,,,,,,,,,,,,,,,,,,,,,,,,,,,,,,,,,,,,,,,,,,,,,,,,,,,,,,,,,,,,,,,,,2166.0,2198.0,0.8018623262938888,0.3182271114782813,635.0,1046.0,0.6414010723966505,0.19689308248112528,0.1787156555722593,0.16469753265577572,6650.0,153.0
2,0.9968181848526003,0.9999999512325634,1.0,13.0,0.031005386576395143,0.9999999945813961,0.9944019155068833,0.9995454549789431,,,,,,,,,,,,,,,,,,,,,,,,,,,,,,,,,,,,,,,,,,,,,,,,,,,,,,,,,,,,,,,,,,,,,,,,,,,,,,,,,,,,,,,,,,,,,,,,,,,,,,,,,,,,,,,2187.0,2199.0,0.8062234753597912,0.3156875442469361,649.0,995.0,0.6533034552280158,0.19368849535249189,0.17692833669564456,0.15724662153549993,6701.0,139.0
3,0.9979545474052431,1.0000000000000002,1.0,8.0,0.024289761243642054,0.999999989162792,0.9964734966104682,0.9995454549789431,,,,,,,,,,,,,,,,,,,,,,,,,,,,,,,,,,,,,,,,,,,,,,,,,,,,,,,,,,,,,,,,,,,,,,,,,,,,,,,,,,,,,,,,,,,,,,,,,,,,,,,,,,,,,,,2192.0,2199.0,0.8091702000789067,0.3137004985836304,651.0,968.0,0.6572488552558322,0.1908595398005198,0.17572433463544118,0.15391724224727932,6728.0,137.0
4,0.9993181824684145,0.999999983744188,1.0,2.0,0.019996448746797714,0.999999989162792,0.999099910259247,0.9995454549789431,,,,,,,,,,,,,,,,,,,,,,,,,,,,,,,,,,,,,,,,,,,,,,,,,,,,,,,,,,,,,,,,,,,,,,,,,,,,,,,,,,,,,,,,,,,,,,,,,,,,,,,,,,,,,,,2198.0,2199.0,0.8107024961797092,0.3110942796455808,658.0,948.0,0.6577968770853924,0.18909411529278428,0.1678381971927085,0.1484138105048823,6748.0,130.0
5,0.9993181824684145,0.9999999674883757,1.0,2.0,0.017089355738664214,0.9999999729069797,0.999099910259247,0.9995454549789431,,,,,,,,,,,,,,,,,,,,,,,,,,,,,,,,,,,,,,,,,,,,,,,,,,,,,,,,,,,,,,,,,,,,,,,,,,,,,,,,,,,,,,,,,,,,,,,,,,,,,,,,,,,,,,,2198.0,2199.0,0.8123526608308831,0.30923156870923363,662.0,930.0,0.6587214652849129,0.18766987558413878,0.16618930405108562,0.14615587976562253,6766.0,126.0
