,accuracy,auc,false_negatives,false_positives,loss,pr,precision,recall,subject_107_accuracy,subject_107_auc,subject_107_false_negatives,subject_107_false_positives,subject_107_loss,subject_107_pr,subject_107_precision,subject_107_recall,subject_107_true_negatives,subject_107_true_positives,subject_115_accuracy,subject_115_auc,subject_115_false_negatives,subject_115_false_positives,subject_115_loss,subject_115_pr,subject_115_precision,subject_115_recall,subject_115_true_negatives,subject_115_true_positives,subject_120_accuracy,subject_120_auc,subject_120_false_negatives,subject_120_false_positives,subject_120_loss,subject_120_pr,subject_120_precision,subject_120_recall,subject_120_true_negatives,subject_120_true_positives,subject_43_accuracy,subject_43_auc,subject_43_false_negatives,subject_43_false_positives,subject_43_loss,subject_43_pr,subject_43_precision,subject_43_recall,subject_43_true_negatives,subject_43_true_positives,subject_52_accuracy,subject_52_auc,subject_52_false_negatives,subject_52_false_positives,subject_52_loss,subject_52_pr,subject_52_precision,subject_52_recall,subject_52_true_negatives,subject_52_true_positives,subject_64_accuracy,subject_64_auc,subject_64_false_negatives,subject_64_false_positives,subject_64_loss,subject_64_pr,subject_64_precision,subject_64_recall,subject_64_true_negatives,subject_64_true_positives,subject_80_accuracy,subject_80_auc,subject_80_false_negatives,subject_80_false_positives,subject_80_loss,subject_80_pr,subject_80_precision,subject_80_recall,subject_80_true_negatives,subject_80_true_positives,subject_92_accuracy,subject_92_auc,subject_92_false_negatives,subject_92_false_positives,subject_92_loss,subject_92_pr,subject_92_precision,subject_92_recall,subject_92_true_negatives,subject_92_true_positives,true_negatives,true_positives,val_accuracy,val_auc,val_false_negatives,val_false_positives,val_loss,val_pr,val_precision,val_recall,val_true_negatives,val_true_positives
0,0.8896875083446503,0.9853765591979027,152.0,201.0,0.2889623878523707,0.982333593070507,0.9161454290151596,0.9050000086426735,,,,,,,,,,,,,,,,,,,,,,,,,,,,,,,,,,,,,,,,,,,,,,,,,,,,,,,,,,,,,,,,,,,,,,,,,,,,,,,,,1399.0,1448.0,0.776037994360605,0.36673935136268204,1010.0,1536.0,0.5676506806725264,0.30043061569144325,0.3031838103331872,0.26667970279985376,7256.0,1566.0
1,0.9518750011920929,0.9984687492251396,54.0,100.0,0.13651120346970858,0.9985023513436317,0.9517202228307724,0.9662500023841858,,,,,,,,,,,,,,,,,,,,,,,,,,,,,,,,,,,,,,,,,,,,,,,,,,,,,,,,,,,,,,,,,,,,,,,,,,,,,,,,,1500.0,1546.0,0.756245601164632,0.370632488676396,1138.0,1633.0,0.6141553459928487,0.3014165554392262,0.2958220165592529,0.25788505105360726,7159.0,1438.0
2,0.9750000014901161,0.9997593462467194,31.0,49.0,0.09126370798796414,0.9997656270861626,0.9741677865386009,0.9806250035762787,,,,,,,,,,,,,,,,,,,,,,,,,,,,,,,,,,,,,,,,,,,,,,,,,,,,,,,,,,,,,,,,,,,,,,,,,,,,,,,,,1551.0,1569.0,0.7484166061769146,0.3729854788602363,1220.0,1640.0,0.6367395718603357,0.3016647725804518,0.2986084250267923,0.25254711397070856,7152.0,1356.0
3,0.9846874997019768,0.9999406188726425,19.0,30.0,0.06955361771397292,0.9999418333172798,0.9830139726400375,0.9881249964237213,,,,,,,,,,,,,,,,,,,,,,,,,,,,,,,,,,,,,,,,,,,,,,,,,,,,,,,,,,,,,,,,,,,,,,,,,,,,,,,,,1570.0,1581.0,0.7453377878347138,0.3743356999631166,1265.0,1630.0,0.6442925331664414,0.3019055223838281,0.2973921775062851,0.24812334274150885,7162.0,1311.0
4,0.9868749976158142,0.999987468123436,18.0,24.0,0.05618523735087364,0.9999875500798225,0.986368827521801,0.9887500032782555,,,,,,,,,,,,,,,,,,,,,,,,,,,,,,,,,,,,,,,,,,,,,,,,,,,,,,,,,,,,,,,,,,,,,,,,,,,,,,,,,1576.0,1582.0,0.7437544003663812,0.37544376444514577,1293.0,1620.0,0.6494339159729577,0.30208745360489797,0.29697974199752925,0.24545062866054057,7172.0,1283.0
5,0.9890624955296516,0.9999906197190285,15.0,20.0,0.047569481790997084,0.999990664422512,0.9884351119399071,0.9906250014901161,,,,,,,,,,,,,,,,,,,,,,,,,,,,,,,,,,,,,,,,,,,,,,,,,,,,,,,,,,,,,,,,,,,,,,,,,,,,,,,,,1580.0,1585.0,0.742434901955428,0.37610141422277094,1309.0,1619.0,0.6521354637252194,0.3021000731555531,0.29607398626325754,0.24391508558050665,7173.0,1267.0
