,accuracy,auc,false_negatives,false_positives,loss,pr,precision,recall,subject_107_accuracy,subject_107_auc,subject_107_false_negatives,subject_107_false_positives,subject_107_loss,subject_107_pr,subject_107_precision,subject_107_recall,subject_107_true_negatives,subject_107_true_positives,subject_109_accuracy,subject_109_auc,subject_109_false_negatives,subject_109_false_positives,subject_109_loss,subject_109_pr,subject_109_precision,subject_109_recall,subject_109_true_negatives,subject_109_true_positives,subject_115_accuracy,subject_115_auc,subject_115_false_negatives,subject_115_false_positives,subject_115_loss,subject_115_pr,subject_115_precision,subject_115_recall,subject_115_true_negatives,subject_115_true_positives,subject_120_accuracy,subject_120_auc,subject_120_false_negatives,subject_120_false_positives,subject_120_loss,subject_120_pr,subject_120_precision,subject_120_recall,subject_120_true_negatives,subject_120_true_positives,subject_43_accuracy,subject_43_auc,subject_43_false_negatives,subject_43_false_positives,subject_43_loss,subject_43_pr,subject_43_precision,subject_43_recall,subject_43_true_negatives,subject_43_true_positives,subject_48_accuracy,subject_48_auc,subject_48_false_negatives,subject_48_false_positives,subject_48_loss,subject_48_pr,subject_48_precision,subject_48_recall,subject_48_true_negatives,subject_48_true_positives,subject_52_accuracy,subject_52_auc,subject_52_false_negatives,subject_52_false_positives,subject_52_loss,subject_52_pr,subject_52_precision,subject_52_recall,subject_52_true_negatives,subject_52_true_positives,subject_59_accuracy,subject_59_auc,subject_59_false_negatives,subject_59_false_positives,subject_59_loss,subject_59_pr,subject_59_precision,subject_59_recall,subject_59_true_negatives,subject_59_true_positives,subject_64_accuracy,subject_64_auc,subject_64_false_negatives,subject_64_false_positives,subject_64_loss,subject_64_pr,subject_64_precision,subject_64_recall,subject_64_true_negatives,subject_64_true_positives,subject_80_accuracy,subject_80_auc,subject_80_false_negatives,subject_80_false_positives,subject_80_loss,subject_80_pr,subject_80_precision,subject_80_recall,subject_80_true_negatives,subject_80_true_positives,subject_92_accuracy,subject_92_auc,subject_92_false_negatives,subject_92_false_positives,subject_92_loss,subject_92_pr,subject_92_precision,subject_92_recall,subject_92_true_negatives,subject_92_true_positives,true_negatives,true_positives,val_accuracy,val_auc,val_false_negatives,val_false_positives,val_loss,val_pr,val_precision,val_recall,val_true_negatives,val_true_positives
0,0.9772727326913314,0.9963954470374368,37.0,63.0,0.10593068489974196,0.9963236559521068,0.9728100408207289,0.9831818233836782,,,,,,,,,,,,,,,,,,,,,,,,,,,,,,,,,,,,,,,,,,,,,,,,,,,,,,,,,,,,,,,,,,,,,,,,,,,,,,,,,,,,,,,,,,,,,,,,,,,,,,,,,,,,,,,2137.0,2163.0,0.7996529090303369,0.3927367767035341,703.0,1375.0,0.5155906571336885,0.3184799427145749,0.31790090643941227,0.24853936161858853,7381.0,913.0
1,0.9906818270683291,0.9997829523953524,14.0,27.0,0.06315367330881683,0.9997797174887224,0.9881134033203125,0.9936363697052004,,,,,,,,,,,,,,,,,,,,,,,,,,,,,,,,,,,,,,,,,,,,,,,,,,,,,,,,,,,,,,,,,,,,,,,,,,,,,,,,,,,,,,,,,,,,,,,,,,,,,,,,,,,,,,,2173.0,2186.0,0.7827805510351797,0.3921780304425111,746.0,1507.0,0.6327857558351606,0.31142392776392164,0.2954032251239972,0.24394154209590446,7249.0,870.0
2,0.9956818222999575,0.9999908859079534,6.0,13.0,0.04617770239033482,0.999990918419578,0.9942894848910246,0.9972727298736574,,,,,,,,,,,,,,,,,,,,,,,,,,,,,,,,,,,,,,,,,,,,,,,,,,,,,,,,,,,,,,,,,,,,,,,,,,,,,,,,,,,,,,,,,,,,,,,,,,,,,,,,,,,,,,,2187.0,2194.0,0.7755495465019012,0.3919554329083962,759.0,1569.0,0.7062202526525908,0.30538436711822936,0.2892951204010845,0.24430480252303446,7187.0,857.0
3,0.9961363673210146,0.999999983744188,6.0,11.0,0.03684117787602273,0.999999989162792,0.9951851638880644,0.9972727298736574,,,,,,,,,,,,,,,,,,,,,,,,,,,,,,,,,,,,,,,,,,,,,,,,,,,,,,,,,,,,,,,,,,,,,,,,,,,,,,,,,,,,,,,,,,,,,,,,,,,,,,,,,,,,,,,2189.0,2194.0,0.7719822562527022,0.3909107200942167,762.0,1603.0,0.7543396105118563,0.30221613746235554,0.2840463178432728,0.24467028330938265,7153.0,854.0
4,0.997500002384186,0.999999994581396,3.0,8.0,0.030950662676583637,1.0000000000000002,0.9964734966104684,0.9986363649368288,,,,,,,,,,,,,,,,,,,,,,,,,,,,,,,,,,,,,,,,,,,,,,,,,,,,,,,,,,,,,,,,,,,,,,,,,,,,,,,,,,,,,,,,,,,,,,,,,,,,,,,,,,,,,,,2192.0,2197.0,0.7693790958693622,0.38811940274273526,773.0,1619.0,0.7901020783845625,0.29880538349486296,0.28300521719009775,0.24171552924037765,7137.0,843.0
5,0.9981818199157717,0.9999999783255837,2.0,6.0,0.026756775402887296,0.9999999837441879,0.997330421751196,0.999090909957886,,,,,,,,,,,,,,,,,,,,,,,,,,,,,,,,,,,,,,,,,,,,,,,,,,,,,,,,,,,,,,,,,,,,,,,,,,,,,,,,,,,,,,,,,,,,,,,,,,,,,,,,,,,,,,,2194.0,2198.0,0.7680293093494728,0.38734661997215103,781.0,1625.0,0.8197601321740133,0.2966560107421286,0.2827174604237884,0.2399141221169657,7131.0,835.0
