,accuracy,auc,false_negatives,false_positives,loss,pr,precision,recall,subject_107_accuracy,subject_107_auc,subject_107_false_negatives,subject_107_false_positives,subject_107_loss,subject_107_pr,subject_107_precision,subject_107_recall,subject_107_true_negatives,subject_107_true_positives,subject_109_accuracy,subject_109_auc,subject_109_false_negatives,subject_109_false_positives,subject_109_loss,subject_109_pr,subject_109_precision,subject_109_recall,subject_109_true_negatives,subject_109_true_positives,subject_115_accuracy,subject_115_auc,subject_115_false_negatives,subject_115_false_positives,subject_115_loss,subject_115_pr,subject_115_precision,subject_115_recall,subject_115_true_negatives,subject_115_true_positives,subject_120_accuracy,subject_120_auc,subject_120_false_negatives,subject_120_false_positives,subject_120_loss,subject_120_pr,subject_120_precision,subject_120_recall,subject_120_true_negatives,subject_120_true_positives,subject_43_accuracy,subject_43_auc,subject_43_false_negatives,subject_43_false_positives,subject_43_loss,subject_43_pr,subject_43_precision,subject_43_recall,subject_43_true_negatives,subject_43_true_positives,subject_48_accuracy,subject_48_auc,subject_48_false_negatives,subject_48_false_positives,subject_48_loss,subject_48_pr,subject_48_precision,subject_48_recall,subject_48_true_negatives,subject_48_true_positives,subject_52_accuracy,subject_52_auc,subject_52_false_negatives,subject_52_false_positives,subject_52_loss,subject_52_pr,subject_52_precision,subject_52_recall,subject_52_true_negatives,subject_52_true_positives,subject_59_accuracy,subject_59_auc,subject_59_false_negatives,subject_59_false_positives,subject_59_loss,subject_59_pr,subject_59_precision,subject_59_recall,subject_59_true_negatives,subject_59_true_positives,subject_64_accuracy,subject_64_auc,subject_64_false_negatives,subject_64_false_positives,subject_64_loss,subject_64_pr,subject_64_precision,subject_64_recall,subject_64_true_negatives,subject_64_true_positives,subject_80_accuracy,subject_80_auc,subject_80_false_negatives,subject_80_false_positives,subject_80_loss,subject_80_pr,subject_80_precision,subject_80_recall,subject_80_true_negatives,subject_80_true_positives,subject_92_accuracy,subject_92_auc,subject_92_false_negatives,subject_92_false_positives,subject_92_loss,subject_92_pr,subject_92_precision,subject_92_recall,subject_92_true_negatives,subject_92_true_positives,subject_96_accuracy,subject_96_auc,subject_96_false_negatives,subject_96_false_positives,subject_96_loss,subject_96_pr,subject_96_precision,subject_96_recall,subject_96_true_negatives,subject_96_true_positives,true_negatives,true_positives,val_accuracy,val_auc,val_false_negatives,val_false_positives,val_loss,val_pr,val_precision,val_recall,val_true_negatives,val_true_positives
0,0.974583332737287,0.9962374915679296,90.0,32.0,0.07294713386024038,0.9963413725296656,0.9859165002902348,0.9625000059604646,,,,,,,,,,,,,,,,,,,,,,,,,,,,,,,,,,,,,,,,,,,,,,,,,,,,,,,,,,,,,,,,,,,,,,,,,,,,,,,,,,,,,,,,,,,,,,,,,,,,,,,,,,,,,,,,,,,,,,,,,2368.0,2310.0,0.8875176346268404,0.42677096743005294,370.0,268.0,0.27304105548620256,0.3094223633051255,0.3786235022107704,0.2162830732205859,4584.0,450.0
1,0.9883333345254264,0.9997093677520751,52.0,4.0,0.045939463100706526,0.999711920817693,0.9983538786570233,0.9783333291610083,,,,,,,,,,,,,,,,,,,,,,,,,,,,,,,,,,,,,,,,,,,,,,,,,,,,,,,,,,,,,,,,,,,,,,,,,,,,,,,,,,,,,,,,,,,,,,,,,,,,,,,,,,,,,,,,,,,,,,,,,2396.0,2348.0,0.8898095892918294,0.43170573803030055,358.0,267.0,0.262161972148315,0.3167471566220433,0.43275555770723373,0.2277287626993673,4585.0,462.0
2,0.993958334128062,0.99998539686203,27.0,2.0,0.034638431450196856,0.9999854117631913,0.9991749177376431,0.9887500007947287,,,,,,,,,,,,,,,,,,,,,,,,,,,,,,,,,,,,,,,,,,,,,,,,,,,,,,,,,,,,,,,,,,,,,,,,,,,,,,,,,,,,,,,,,,,,,,,,,,,,,,,,,,,,,,,,,,,,,,,,,2398.0,2373.0,0.8901621998617443,0.4315749715766718,349.0,274.0,0.2616419267610152,0.319802232916836,0.43266842176951203,0.2366522636437954,4578.0,471.0
3,0.9970833361148835,0.9999968657890956,12.0,2.0,0.027460211717213193,0.9999968757232032,0.9991749177376431,0.9949999998013179,,,,,,,,,,,,,,,,,,,,,,,,,,,,,,,,,,,,,,,,,,,,,,,,,,,,,,,,,,,,,,,,,,,,,,,,,,,,,,,,,,,,,,,,,,,,,,,,,,,,,,,,,,,,,,,,,,,,,,,,,2398.0,2388.0,0.8901622036448318,0.43045473523301364,341.0,282.0,0.2636101857971857,0.3213200000849026,0.4308058018408642,0.2435590334457302,4570.0,479.0
4,0.9981250017881395,0.9999999801317851,8.0,1.0,0.022689855662950627,0.9999999950329465,0.9995854049921037,0.9966666648785274,,,,,,,,,,,,,,,,,,,,,,,,,,,,,,,,,,,,,,,,,,,,,,,,,,,,,,,,,,,,,,,,,,,,,,,,,,,,,,,,,,,,,,,,,,,,,,,,,,,,,,,,,,,,,,,,,,,,,,,,,2399.0,2392.0,0.8905148050512682,0.43069482585270746,334.0,287.0,0.265488439902587,0.3220897695241425,0.4307215396204519,0.24872045709695062,4565.0,486.0
5,0.9989583343267442,0.9999999701976777,4.0,1.0,0.019445186567027123,0.9999999900658927,0.9995854049921037,0.9983333349227906,,,,,,,,,,,,,,,,,,,,,,,,,,,,,,,,,,,,,,,,,,,,,,,,,,,,,,,,,,,,,,,,,,,,,,,,,,,,,,,,,,,,,,,,,,,,,,,,,,,,,,,,,,,,,,,,,,,,,,,,,2399.0,2396.0,0.8901621972135833,0.42873648935548003,332.0,291.0,0.26805690192349513,0.32260540275925137,0.4304927733788537,0.2519397644066004,4561.0,488.0
6,0.9991666674613954,1.0000000049670539,3.0,1.0,0.017099116862130663,0.9999999900658927,0.9995854049921037,0.998750001192093,,,,,,,,,,,,,,,,,,,,,,,,,,,,,,,,,,,,,,,,,,,,,,,,,,,,,,,,,,,,,,,,,,,,,,,,,,,,,,,,,,,,,,,,,,,,,,,,,,,,,,,,,,,,,,,,,,,,,,,,,2399.0,2397.0,0.8889280682474332,0.42721203595862234,328.0,302.0,0.27074182792881973,0.3224991868934443,0.4274353922170039,0.2551217695070255,4550.0,492.0
7,0.9991666674613954,1.000000019868215,3.0,1.0,0.015315191699191927,0.9999999850988389,0.9995854049921037,0.998750001192093,,,,,,,,,,,,,,,,,,,,,,,,,,,,,,,,,,,,,,,,,,,,,,,,,,,,,,,,,,,,,,,,,,,,,,,,,,,,,,,,,,,,,,,,,,,,,,,,,,,,,,,,,,,,,,,,,,,,,,,,,2399.0,2397.0,0.8883991562176826,0.42708839843908725,329.0,304.0,0.27325006839306953,0.3217683233667496,0.42604912819579893,0.2558188882823219,4548.0,491.0
