,accuracy,auc,false_negatives,false_positives,loss,pr,precision,recall,subject_107_accuracy,subject_107_auc,subject_107_false_negatives,subject_107_false_positives,subject_107_loss,subject_107_pr,subject_107_precision,subject_107_recall,subject_107_true_negatives,subject_107_true_positives,subject_109_accuracy,subject_109_auc,subject_109_false_negatives,subject_109_false_positives,subject_109_loss,subject_109_pr,subject_109_precision,subject_109_recall,subject_109_true_negatives,subject_109_true_positives,subject_115_accuracy,subject_115_auc,subject_115_false_negatives,subject_115_false_positives,subject_115_loss,subject_115_pr,subject_115_precision,subject_115_recall,subject_115_true_negatives,subject_115_true_positives,subject_120_accuracy,subject_120_auc,subject_120_false_negatives,subject_120_false_positives,subject_120_loss,subject_120_pr,subject_120_precision,subject_120_recall,subject_120_true_negatives,subject_120_true_positives,subject_43_accuracy,subject_43_auc,subject_43_false_negatives,subject_43_false_positives,subject_43_loss,subject_43_pr,subject_43_precision,subject_43_recall,subject_43_true_negatives,subject_43_true_positives,subject_48_accuracy,subject_48_auc,subject_48_false_negatives,subject_48_false_positives,subject_48_loss,subject_48_pr,subject_48_precision,subject_48_recall,subject_48_true_negatives,subject_48_true_positives,subject_52_accuracy,subject_52_auc,subject_52_false_negatives,subject_52_false_positives,subject_52_loss,subject_52_pr,subject_52_precision,subject_52_recall,subject_52_true_negatives,subject_52_true_positives,subject_59_accuracy,subject_59_auc,subject_59_false_negatives,subject_59_false_positives,subject_59_loss,subject_59_pr,subject_59_precision,subject_59_recall,subject_59_true_negatives,subject_59_true_positives,subject_64_accuracy,subject_64_auc,subject_64_false_negatives,subject_64_false_positives,subject_64_loss,subject_64_pr,subject_64_precision,subject_64_recall,subject_64_true_negatives,subject_64_true_positives,subject_80_accuracy,subject_80_auc,subject_80_false_negatives,subject_80_false_positives,subject_80_loss,subject_80_pr,subject_80_precision,subject_80_recall,subject_80_true_negatives,subject_80_true_positives,subject_92_accuracy,subject_92_auc,subject_92_false_negatives,subject_92_false_positives,subject_92_loss,subject_92_pr,subject_92_precision,subject_92_recall,subject_92_true_negatives,subject_92_true_positives,true_negatives,true_positives,val_accuracy,val_auc,val_false_negatives,val_false_positives,val_loss,val_pr,val_precision,val_recall,val_true_negatives,val_true_positives
0,0.9870454614812679,0.99981704083356,42.0,15.0,0.05458701287142255,0.9998167644847524,0.9933758269656789,0.9809090928597886,,,,,,,,,,,,,,,,,,,,,,,,,,,,,,,,,,,,,,,,,,,,,,,,,,,,,,,,,,,,,,,,,,,,,,,,,,,,,,,,,,,,,,,,,,,,,,,,,,,,,,,,,,,,,,,2185.0,2158.0,0.7915351158441665,0.6748255214168033,857.0,1256.0,0.6321291382974084,0.5926026442009535,0.5737946295982849,0.49657715383355505,6020.0,2003.0
1,0.9959090948104861,0.9999977079304782,10.0,8.0,0.0321822386759926,0.9999977350234986,0.9964520714499736,0.9954545443708248,,,,,,,,,,,,,,,,,,,,,,,,,,,,,,,,,,,,,,,,,,,,,,,,,,,,,,,,,,,,,,,,,,,,,,,,,,,,,,,,,,,,,,,,,,,,,,,,,,,,,,,,,,,,,,,2192.0,2190.0,0.7884767169592979,0.6713152006562527,885.0,1259.0,0.6778137304374673,0.5870569615544723,0.5731572069421751,0.4883379502149906,6017.0,1975.0
2,0.9981818199157717,0.9999999891627919,2.0,6.0,0.02479037016714838,0.999999989162792,0.9973304217511959,0.999090909957886,,,,,,,,,,,,,,,,,,,,,,,,,,,,,,,,,,,,,,,,,,,,,,,,,,,,,,,,,,,,,,,,,,,,,,,,,,,,,,,,,,,,,,,,,,,,,,,,,,,,,,,,,,,,,,,2194.0,2198.0,0.7871941604666945,0.6686797564483197,900.0,1257.0,0.690699724656534,0.5838585790678942,0.5693433509629452,0.48200584098038085,6019.0,1960.0
3,0.9984090924263003,1.0000000108372082,2.0,5.0,0.02079322437417101,0.9999999783255837,0.9977651834487916,0.999090909957886,,,,,,,,,,,,,,,,,,,,,,,,,,,,,,,,,,,,,,,,,,,,,,,,,,,,,,,,,,,,,,,,,,,,,,,,,,,,,,,,,,,,,,,,,,,,,,,,,,,,,,,,,,,,,,,2195.0,2198.0,0.7873914719756983,0.667422289559478,899.0,1256.0,0.6956987981592394,0.5818073939129229,0.5706768114922455,0.4819141524537351,6020.0,1961.0
4,0.9984090924263003,0.9999999783255837,2.0,5.0,0.01819521426646547,0.999999989162792,0.9977651834487916,0.999090909957886,,,,,,,,,,,,,,,,,,,,,,,,,,,,,,,,,,,,,,,,,,,,,,,,,,,,,,,,,,,,,,,,,,,,,,,,,,,,,,,,,,,,,,,,,,,,,,,,,,,,,,,,,,,,,,,2195.0,2198.0,0.7873914778091442,0.6660811891918965,893.0,1262.0,0.6982995921631685,0.5796820501831449,0.5696032077379837,0.4829528970407188,6014.0,1967.0
5,0.9986363649368288,0.9999999674883755,1.0,5.0,0.016290395950729196,0.999999989162792,0.9977651834487916,0.9995454549789431,,,,,,,,,,,,,,,,,,,,,,,,,,,,,,,,,,,,,,,,,,,,,,,,,,,,,,,,,,,,,,,,,,,,,,,,,,,,,,,,,,,,,,,,,,,,,,,,,,,,,,,,,,,,,,,2195.0,2199.0,0.7879834302363662,0.6656257860427215,892.0,1257.0,0.7013604233204545,0.5786687071951901,0.5700206153018322,0.4836287170842631,6019.0,1968.0
