,accuracy,auc,false_negatives,false_positives,loss,pr,precision,recall,subject_107_accuracy,subject_107_auc,subject_107_false_negatives,subject_107_false_positives,subject_107_loss,subject_107_pr,subject_107_precision,subject_107_recall,subject_107_true_negatives,subject_107_true_positives,subject_109_accuracy,subject_109_auc,subject_109_false_negatives,subject_109_false_positives,subject_109_loss,subject_109_pr,subject_109_precision,subject_109_recall,subject_109_true_negatives,subject_109_true_positives,subject_115_accuracy,subject_115_auc,subject_115_false_negatives,subject_115_false_positives,subject_115_loss,subject_115_pr,subject_115_precision,subject_115_recall,subject_115_true_negatives,subject_115_true_positives,subject_120_accuracy,subject_120_auc,subject_120_false_negatives,subject_120_false_positives,subject_120_loss,subject_120_pr,subject_120_precision,subject_120_recall,subject_120_true_negatives,subject_120_true_positives,subject_43_accuracy,subject_43_auc,subject_43_false_negatives,subject_43_false_positives,subject_43_loss,subject_43_pr,subject_43_precision,subject_43_recall,subject_43_true_negatives,subject_43_true_positives,subject_48_accuracy,subject_48_auc,subject_48_false_negatives,subject_48_false_positives,subject_48_loss,subject_48_pr,subject_48_precision,subject_48_recall,subject_48_true_negatives,subject_48_true_positives,subject_52_accuracy,subject_52_auc,subject_52_false_negatives,subject_52_false_positives,subject_52_loss,subject_52_pr,subject_52_precision,subject_52_recall,subject_52_true_negatives,subject_52_true_positives,subject_59_accuracy,subject_59_auc,subject_59_false_negatives,subject_59_false_positives,subject_59_loss,subject_59_pr,subject_59_precision,subject_59_recall,subject_59_true_negatives,subject_59_true_positives,subject_64_accuracy,subject_64_auc,subject_64_false_negatives,subject_64_false_positives,subject_64_loss,subject_64_pr,subject_64_precision,subject_64_recall,subject_64_true_negatives,subject_64_true_positives,subject_80_accuracy,subject_80_auc,subject_80_false_negatives,subject_80_false_positives,subject_80_loss,subject_80_pr,subject_80_precision,subject_80_recall,subject_80_true_negatives,subject_80_true_positives,subject_92_accuracy,subject_92_auc,subject_92_false_negatives,subject_92_false_positives,subject_92_loss,subject_92_pr,subject_92_precision,subject_92_recall,subject_92_true_negatives,subject_92_true_positives,true_negatives,true_positives,val_accuracy,val_auc,val_false_negatives,val_false_positives,val_loss,val_pr,val_precision,val_recall,val_true_negatives,val_true_positives
0,0.9736363616856663,0.9975533973086964,38.0,78.0,0.09562563781711188,0.9972579099915245,0.9672427339987322,0.9827272729440171,,,,,,,,,,,,,,,,,,,,,,,,,,,,,,,,,,,,,,,,,,,,,,,,,,,,,,,,,,,,,,,,,,,,,,,,,,,,,,,,,,,,,,,,,,,,,,,,,,,,,,,,,,,,,,,2122.0,2162.0,0.7724643259367058,0.37526536640677727,645.0,1715.0,0.6945796910137501,0.2988015356507027,0.29066101076333534,0.284948859465798,7041.0,971.0
1,0.9950000047683718,0.9998477047139948,5.0,17.0,0.0505229843611067,0.9998419176448476,0.9925316084514966,0.9977272748947146,,,,,,,,,,,,,,,,,,,,,,,,,,,,,,,,,,,,,,,,,,,,,,,,,,,,,,,,,,,,,,,,,,,,,,,,,,,,,,,,,,,,,,,,,,,,,,,,,,,,,,,,,,,,,,,2183.0,2195.0,0.7618588503440099,0.37656000630073094,691.0,1779.0,0.8176803371383792,0.3009305880237996,0.2950541045368752,0.28372364697243047,6977.0,925.0
2,0.9972727298736574,0.9999818205833437,0.0,12.0,0.036379355805164035,0.99998184225776,0.9948083758354188,1.0000000000000002,,,,,,,,,,,,,,,,,,,,,,,,,,,,,,,,,,,,,,,,,,,,,,,,,,,,,,,,,,,,,,,,,,,,,,,,,,,,,,,,,,,,,,,,,,,,,,,,,,,,,,,,,,,,,,,2188.0,2200.0,0.7610875390961369,0.3765048147443175,701.0,1777.0,0.8891393463086011,0.3010033244476142,0.2941469912633811,0.28288011141969027,6979.0,915.0
3,0.997500002384186,0.9999988675117494,0.0,11.0,0.02949251138859174,0.9999988458373331,0.9952606612985786,1.0000000000000002,,,,,,,,,,,,,,,,,,,,,,,,,,,,,,,,,,,,,,,,,,,,,,,,,,,,,,,,,,,,,,,,,,,,,,,,,,,,,,,,,,,,,,,,,,,,,,,,,,,,,,,,,,,,,,,2189.0,2200.0,0.7599305819635267,0.3769750914378742,724.0,1766.0,0.9372374868728696,0.30083114219088836,0.29649490019183705,0.27936590763762154,6990.0,892.0
4,0.997500002384186,1.0000000216744165,0.0,11.0,0.02534376017410647,0.9999999945813962,0.9952606612985786,1.0000000000000002,,,,,,,,,,,,,,,,,,,,,,,,,,,,,,,,,,,,,,,,,,,,,,,,,,,,,,,,,,,,,,,,,,,,,,,,,,,,,,,,,,,,,,,,,,,,,,,,,,,,,,,,,,,,,,,2189.0,2200.0,0.760123400449339,0.375852240635261,725.0,1763.0,0.9745933252659359,0.2984994882513003,0.29656572087685484,0.27953801763549624,6993.0,891.0
5,0.9981818199157717,0.9999999729069797,0.0,8.0,0.022346531107852403,0.999999989162792,0.9965034940026025,1.0000000000000002,,,,,,,,,,,,,,,,,,,,,,,,,,,,,,,,,,,,,,,,,,,,,,,,,,,,,,,,,,,,,,,,,,,,,,,,,,,,,,,,,,,,,,,,,,,,,,,,,,,,,,,,,,,,,,,2192.0,2200.0,0.7608947192857131,0.3747829013104334,728.0,1752.0,1.0036976902165249,0.29681099222012575,0.29820469310280906,0.27945090552761065,7004.0,888.0
