,accuracy,auc,false_negatives,false_positives,loss,pr,precision,recall,subject_107_accuracy,subject_107_auc,subject_107_false_negatives,subject_107_false_positives,subject_107_loss,subject_107_pr,subject_107_precision,subject_107_recall,subject_107_true_negatives,subject_107_true_positives,subject_109_accuracy,subject_109_auc,subject_109_false_negatives,subject_109_false_positives,subject_109_loss,subject_109_pr,subject_109_precision,subject_109_recall,subject_109_true_negatives,subject_109_true_positives,subject_115_accuracy,subject_115_auc,subject_115_false_negatives,subject_115_false_positives,subject_115_loss,subject_115_pr,subject_115_precision,subject_115_recall,subject_115_true_negatives,subject_115_true_positives,subject_120_accuracy,subject_120_auc,subject_120_false_negatives,subject_120_false_positives,subject_120_loss,subject_120_pr,subject_120_precision,subject_120_recall,subject_120_true_negatives,subject_120_true_positives,subject_43_accuracy,subject_43_auc,subject_43_false_negatives,subject_43_false_positives,subject_43_loss,subject_43_pr,subject_43_precision,subject_43_recall,subject_43_true_negatives,subject_43_true_positives,subject_48_accuracy,subject_48_auc,subject_48_false_negatives,subject_48_false_positives,subject_48_loss,subject_48_pr,subject_48_precision,subject_48_recall,subject_48_true_negatives,subject_48_true_positives,subject_52_accuracy,subject_52_auc,subject_52_false_negatives,subject_52_false_positives,subject_52_loss,subject_52_pr,subject_52_precision,subject_52_recall,subject_52_true_negatives,subject_52_true_positives,subject_59_accuracy,subject_59_auc,subject_59_false_negatives,subject_59_false_positives,subject_59_loss,subject_59_pr,subject_59_precision,subject_59_recall,subject_59_true_negatives,subject_59_true_positives,subject_64_accuracy,subject_64_auc,subject_64_false_negatives,subject_64_false_positives,subject_64_loss,subject_64_pr,subject_64_precision,subject_64_recall,subject_64_true_negatives,subject_64_true_positives,subject_80_accuracy,subject_80_auc,subject_80_false_negatives,subject_80_false_positives,subject_80_loss,subject_80_pr,subject_80_precision,subject_80_recall,subject_80_true_negatives,subject_80_true_positives,subject_92_accuracy,subject_92_auc,subject_92_false_negatives,subject_92_false_positives,subject_92_loss,subject_92_pr,subject_92_precision,subject_92_recall,subject_92_true_negatives,subject_92_true_positives,true_negatives,true_positives,val_accuracy,val_auc,val_false_negatives,val_false_positives,val_loss,val_pr,val_precision,val_recall,val_true_negatives,val_true_positives
0,0.9768181876702744,0.9998659058050675,71.0,31.0,0.06560671851377596,0.9998688264326615,0.9871071143583818,0.9677272709933196,,,,,,,,,,,,,,,,,,,,,,,,,,,,,,,,,,,,,,,,,,,,,,,,,,,,,,,,,,,,,,,,,,,,,,,,,,,,,,,,,,,,,,,,,,,,,,,,,,,,,,,,,,,,,,,2169.0,2129.0,0.8058405707413132,0.6865725005199896,908.0,1060.0,0.5722151408674881,0.6056878450778684,0.5808400241944764,0.4972919870782482,6216.0,1952.0
1,0.9936363588679922,0.9999999729069796,15.0,13.0,0.033784441715106375,0.9999999945813962,0.994451555338773,0.9931818192655392,,,,,,,,,,,,,,,,,,,,,,,,,,,,,,,,,,,,,,,,,,,,,,,,,,,,,,,,,,,,,,,,,,,,,,,,,,,,,,,,,,,,,,,,,,,,,,,,,,,,,,,,,,,,,,,2187.0,2185.0,0.7980465672810244,0.6830724464830866,964.0,1083.0,0.6262702054123186,0.5995902457901504,0.5805665839584022,0.4833259844201328,6193.0,1896.0
2,0.9963636398315432,0.999999983744188,5.0,11.0,0.02412291037299755,0.9999999945813961,0.9952606612985786,0.9977272748947146,,,,,,,,,,,,,,,,,,,,,,,,,,,,,,,,,,,,,,,,,,,,,,,,,,,,,,,,,,,,,,,,,,,,,,,,,,,,,,,,,,,,,,,,,,,,,,,,,,,,,,,,,,,,,,,2189.0,2195.0,0.794790846561012,0.6815157627720672,985.0,1095.0,0.6537370855402076,0.5959610498694802,0.5810588590489096,0.47846357863111205,6181.0,1875.0
3,0.997500002384186,0.9999999620697715,3.0,8.0,0.01951266290535304,0.9999999891627921,0.9965034940026025,0.9986363649368288,,,,,,,,,,,,,,,,,,,,,,,,,,,,,,,,,,,,,,,,,,,,,,,,,,,,,,,,,,,,,,,,,,,,,,,,,,,,,,,,,,,,,,,,,,,,,,,,,,,,,,,,,,,,,,,2192.0,2197.0,0.7931136590764574,0.6801273244144227,1001.0,1096.0,0.6687203707816898,0.5933119914808327,0.5806401745014146,0.4741298237134833,6180.0,1859.0
4,0.9979545474052431,0.9999999729069797,2.0,7.0,0.016706477503969586,0.9999999945813961,0.996925782073628,0.999090909957886,,,,,,,,,,,,,,,,,,,,,,,,,,,,,,,,,,,,,,,,,,,,,,,,,,,,,,,,,,,,,,,,,,,,,,,,,,,,,,,,,,,,,,,,,,,,,,,,,,,,,,,,,,,,,,,2193.0,2198.0,0.7923243908357133,0.6787399955875967,1009.0,1096.0,0.6795808504764422,0.5902039270374657,0.5802969253006749,0.47262210929920667,6180.0,1851.0
5,0.9986363649368288,0.9999999891627919,1.0,5.0,0.014766574386845937,0.9999999783255837,0.9977827072143557,0.9995454549789431,,,,,,,,,,,,,,,,,,,,,,,,,,,,,,,,,,,,,,,,,,,,,,,,,,,,,,,,,,,,,,,,,,,,,,,,,,,,,,,,,,,,,,,,,,,,,,,,,,,,,,,,,,,,,,,2195.0,2199.0,0.7913378166371476,0.6780189720541827,1021.0,1094.0,0.6880494672697567,0.5886919067991749,0.5802952447272514,0.4706457142954091,6182.0,1839.0
