,accuracy,auc,false_negatives,false_positives,loss,pr,precision,recall,subject_107_accuracy,subject_107_auc,subject_107_false_negatives,subject_107_false_positives,subject_107_loss,subject_107_pr,subject_107_precision,subject_107_recall,subject_107_true_negatives,subject_107_true_positives,subject_109_accuracy,subject_109_auc,subject_109_false_negatives,subject_109_false_positives,subject_109_loss,subject_109_pr,subject_109_precision,subject_109_recall,subject_109_true_negatives,subject_109_true_positives,subject_115_accuracy,subject_115_auc,subject_115_false_negatives,subject_115_false_positives,subject_115_loss,subject_115_pr,subject_115_precision,subject_115_recall,subject_115_true_negatives,subject_115_true_positives,subject_120_accuracy,subject_120_auc,subject_120_false_negatives,subject_120_false_positives,subject_120_loss,subject_120_pr,subject_120_precision,subject_120_recall,subject_120_true_negatives,subject_120_true_positives,subject_43_accuracy,subject_43_auc,subject_43_false_negatives,subject_43_false_positives,subject_43_loss,subject_43_pr,subject_43_precision,subject_43_recall,subject_43_true_negatives,subject_43_true_positives,subject_48_accuracy,subject_48_auc,subject_48_false_negatives,subject_48_false_positives,subject_48_loss,subject_48_pr,subject_48_precision,subject_48_recall,subject_48_true_negatives,subject_48_true_positives,subject_52_accuracy,subject_52_auc,subject_52_false_negatives,subject_52_false_positives,subject_52_loss,subject_52_pr,subject_52_precision,subject_52_recall,subject_52_true_negatives,subject_52_true_positives,subject_59_accuracy,subject_59_auc,subject_59_false_negatives,subject_59_false_positives,subject_59_loss,subject_59_pr,subject_59_precision,subject_59_recall,subject_59_true_negatives,subject_59_true_positives,subject_64_accuracy,subject_64_auc,subject_64_false_negatives,subject_64_false_positives,subject_64_loss,subject_64_pr,subject_64_precision,subject_64_recall,subject_64_true_negatives,subject_64_true_positives,subject_80_accuracy,subject_80_auc,subject_80_false_negatives,subject_80_false_positives,subject_80_loss,subject_80_pr,subject_80_precision,subject_80_recall,subject_80_true_negatives,subject_80_true_positives,subject_92_accuracy,subject_92_auc,subject_92_false_negatives,subject_92_false_positives,subject_92_loss,subject_92_pr,subject_92_precision,subject_92_recall,subject_92_true_negatives,subject_92_true_positives,subject_96_accuracy,subject_96_auc,subject_96_false_negatives,subject_96_false_positives,subject_96_loss,subject_96_pr,subject_96_precision,subject_96_recall,subject_96_true_negatives,subject_96_true_positives,true_negatives,true_positives,val_accuracy,val_auc,val_false_negatives,val_false_positives,val_loss,val_pr,val_precision,val_recall,val_true_negatives,val_true_positives
0,0.9937500059604646,0.9998999883731206,19.0,11.0,0.023365414016880096,0.9998979767163595,0.9954662968715032,0.9920833359162013,,,,,,,,,,,,,,,,,,,,,,,,,,,,,,,,,,,,,,,,,,,,,,,,,,,,,,,,,,,,,,,,,,,,,,,,,,,,,,,,,,,,,,,,,,,,,,,,,,,,,,,,,,,,,,,,,,,,,,,,,2389.0,2381.0,0.8814553834602866,0.5908612264713771,152.0,252.0,0.9675699927134411,0.10933125966136724,0.18250000392886956,0.25478552504849267,2948.0,56.0
1,0.9981250017881395,0.9999854117631912,4.0,5.0,0.01714037870794224,0.9999852279822032,0.9979472508033117,0.9983333349227906,,,,,,,,,,,,,,,,,,,,,,,,,,,,,,,,,,,,,,,,,,,,,,,,,,,,,,,,,,,,,,,,,,,,,,,,,,,,,,,,,,,,,,,,,,,,,,,,,,,,,,,,,,,,,,,,,,,,,,,,,2395.0,2396.0,0.8826291275696015,0.5914565601818998,153.0,247.0,0.9434209052935688,0.10901941157037942,0.23182529830177068,0.25020806462517087,2953.0,55.0
2,0.9991666674613954,0.9999979188044865,1.0,3.0,0.014296281025550948,0.9999979088703792,0.9987582514683407,0.9995833337306977,,,,,,,,,,,,,,,,,,,,,,,,,,,,,,,,,,,,,,,,,,,,,,,,,,,,,,,,,,,,,,,,,,,,,,,,,,,,,,,,,,,,,,,,,,,,,,,,,,,,,,,,,,,,,,,,,,,,,,,,,2397.0,2399.0,0.8838028118643962,0.5932389462078121,154.0,242.0,0.938311640388811,0.10948273329667643,0.23195876527420234,0.2456306042018491,2958.0,54.0
3,0.9995833337306977,1.0000000149011612,0.0,2.0,0.012611409706684451,1.0,0.9991749177376431,1.0,,,,,,,,,,,,,,,,,,,,,,,,,,,,,,,,,,,,,,,,,,,,,,,,,,,,,,,,,,,,,,,,,,,,,,,,,,,,,,,,,,,,,,,,,,,,,,,,,,,,,,,,,,,,,,,,,,,,,,,,,2398.0,2400.0,0.8832159697169989,0.5918532964629187,155.0,243.0,0.9387130086169334,0.10871491334597828,0.20898829390045623,0.24182938769931944,2957.0,53.0
4,0.9995833337306977,1.0000000149011612,0.0,2.0,0.011375141677951131,1.0,0.9991749177376431,1.0,,,,,,,,,,,,,,,,,,,,,,,,,,,,,,,,,,,,,,,,,,,,,,,,,,,,,,,,,,,,,,,,,,,,,,,,,,,,,,,,,,,,,,,,,,,,,,,,,,,,,,,,,,,,,,,,,,,,,,,,,2398.0,2400.0,0.8832159697169989,0.5908091091354128,155.0,243.0,0.939458644432341,0.10786922740369616,0.20898829390045623,0.24182938769931944,2957.0,53.0
5,0.9995833337306977,1.0000000049670539,0.0,2.0,0.010417176115637024,0.9999999801317851,0.9991749177376431,1.0,,,,,,,,,,,,,,,,,,,,,,,,,,,,,,,,,,,,,,,,,,,,,,,,,,,,,,,,,,,,,,,,,,,,,,,,,,,,,,,,,,,,,,,,,,,,,,,,,,,,,,,,,,,,,,,,,,,,,,,,,2398.0,2400.0,0.8835093907906976,0.591889105002645,156.0,241.0,0.9401811934538769,0.10837532341165443,0.09781979884899838,0.23802817119678982,2959.0,52.0
6,0.9995833337306977,0.9999999850988389,0.0,2.0,0.009644633355589275,0.9999999850988389,0.9991749177376431,1.0,,,,,,,,,,,,,,,,,,,,,,,,,,,,,,,,,,,,,,,,,,,,,,,,,,,,,,,,,,,,,,,,,,,,,,,,,,,,,,,,,,,,,,,,,,,,,,,,,,,,,,,,,,,,,,,,,,,,,,,,,2398.0,2400.0,0.8829225486433002,0.5905742890818018,157.0,242.0,0.9411077952836209,0.10804172025495012,0.09593864792669324,0.23345071077346802,2958.0,51.0
7,0.9995833337306977,1.0,0.0,2.0,0.009004255622664156,0.9999999950329463,0.9991749177376431,1.0,,,,,,,,,,,,,,,,,,,,,,,,,,,,,,,,,,,,,,,,,,,,,,,,,,,,,,,,,,,,,,,,,,,,,,,,,,,,,,,,,,,,,,,,,,,,,,,,,,,,,,,,,,,,,,,,,,,,,,,,,2398.0,2400.0,0.8843896630364405,0.5909761817942203,156.0,238.0,0.9416785678413491,0.1082257261945748,0.09849441849010092,0.23802817119678982,2962.0,52.0
