,accuracy,auc,false_negatives,false_positives,loss,pr,precision,recall,subject_107_accuracy,subject_107_auc,subject_107_false_negatives,subject_107_false_positives,subject_107_loss,subject_107_pr,subject_107_precision,subject_107_recall,subject_107_true_negatives,subject_107_true_positives,subject_115_accuracy,subject_115_auc,subject_115_false_negatives,subject_115_false_positives,subject_115_loss,subject_115_pr,subject_115_precision,subject_115_recall,subject_115_true_negatives,subject_115_true_positives,subject_120_accuracy,subject_120_auc,subject_120_false_negatives,subject_120_false_positives,subject_120_loss,subject_120_pr,subject_120_precision,subject_120_recall,subject_120_true_negatives,subject_120_true_positives,subject_43_accuracy,subject_43_auc,subject_43_false_negatives,subject_43_false_positives,subject_43_loss,subject_43_pr,subject_43_precision,subject_43_recall,subject_43_true_negatives,subject_43_true_positives,subject_52_accuracy,subject_52_auc,subject_52_false_negatives,subject_52_false_positives,subject_52_loss,subject_52_pr,subject_52_precision,subject_52_recall,subject_52_true_negatives,subject_52_true_positives,subject_64_accuracy,subject_64_auc,subject_64_false_negatives,subject_64_false_positives,subject_64_loss,subject_64_pr,subject_64_precision,subject_64_recall,subject_64_true_negatives,subject_64_true_positives,subject_80_accuracy,subject_80_auc,subject_80_false_negatives,subject_80_false_positives,subject_80_loss,subject_80_pr,subject_80_precision,subject_80_recall,subject_80_true_negatives,subject_80_true_positives,subject_92_accuracy,subject_92_auc,subject_92_false_negatives,subject_92_false_positives,subject_92_loss,subject_92_pr,subject_92_precision,subject_92_recall,subject_92_true_negatives,subject_92_true_positives,true_negatives,true_positives,val_accuracy,val_auc,val_false_negatives,val_false_positives,val_loss,val_pr,val_precision,val_recall,val_true_negatives,val_true_positives
0,0.895625002682209,0.989035926759243,143.0,191.0,0.300066782925278,0.9857690706849098,0.9250766262412071,0.9106250032782555,,,,,,,,,,,,,,,,,,,,,,,,,,,,,,,,,,,,,,,,,,,,,,,,,,,,,,,,,,,,,,,,,,,,,,,,,,,,,,,,,1409.0,1457.0,0.8007565050960678,0.38955078835557844,817.0,1448.0,0.5584420034032542,0.31004057201982216,0.27639137437589395,0.2924413859980531,7344.0,1759.0
1,0.9487500041723251,0.9988187029957771,58.0,106.0,0.13348473618738355,0.9986777305603027,0.9528440088033676,0.9637500047683716,,,,,,,,,,,,,,,,,,,,,,,,,,,,,,,,,,,,,,,,,,,,,,,,,,,,,,,,,,,,,,,,,,,,,,,,,,,,,,,,,1494.0,1542.0,0.7946868327031413,0.39389439431569007,918.0,1416.0,0.5619294993554155,0.3116193334876778,0.28058507446564057,0.2808755066646899,7376.0,1658.0
2,0.9715625047683716,0.999868743121624,35.0,56.0,0.08377107368782162,0.9998632520437241,0.9717311039566994,0.9781249985098839,,,,,,,,,,,,,,,,,,,,,,,,,,,,,,,,,,,,,,,,,,,,,,,,,,,,,,,,,,,,,,,,,,,,,,,,,,,,,,,,,1544.0,1565.0,0.7907283587157098,0.3954504613805875,993.0,1386.0,0.5694994327296319,0.3124420804316984,0.2808549864024952,0.2731741261442391,7406.0,1583.0
3,0.981562502682209,0.9999843612313271,21.0,38.0,0.06174595084041357,0.9999842569231987,0.9796945825219154,0.9868749976158142,,,,,,,,,,,,,,,,,,,,,,,,,,,,,,,,,,,,,,,,,,,,,,,,,,,,,,,,,,,,,,,,,,,,,,,,,,,,,,,,,1562.0,1579.0,0.7894088651494691,0.39718734947499224,1021.0,1373.0,0.5725688444232414,0.3131869908954416,0.2813421389026427,0.27026958393954126,7419.0,1555.0
4,0.9881250038743019,0.9999937266111374,10.0,28.0,0.04999482533428818,0.999993734061718,0.984649121761322,0.9937499985098839,,,,,,,,,,,,,,,,,,,,,,,,,,,,,,,,,,,,,,,,,,,,,,,,,,,,,,,,,,,,,,,,,,,,,,,,,,,,,,,,,1572.0,1590.0,0.7887051355914277,0.3979881714969181,1035.0,1367.0,0.5744513946445757,0.3136091251044228,0.2821513671299507,0.2688752676895771,7425.0,1541.0
5,0.9915625005960464,1.0,6.0,21.0,0.041950906557030966,0.9999999776482582,0.9881221726536751,0.9962500035762787,,,,,,,,,,,,,,,,,,,,,,,,,,,,,,,,,,,,,,,,,,,,,,,,,,,,,,,,,,,,,,,,,,,,,,,,,,,,,,,,,1579.0,1594.0,0.7887051300336407,0.3985569424020162,1047.0,1355.0,0.5755715501900808,0.31364082999102755,0.28251802738831966,0.2676221824013206,7437.0,1529.0
