,accuracy,auc,false_negatives,false_positives,loss,pr,precision,recall,subject_107_accuracy,subject_107_auc,subject_107_false_negatives,subject_107_false_positives,subject_107_loss,subject_107_pr,subject_107_precision,subject_107_recall,subject_107_true_negatives,subject_107_true_positives,subject_109_accuracy,subject_109_auc,subject_109_false_negatives,subject_109_false_positives,subject_109_loss,subject_109_pr,subject_109_precision,subject_109_recall,subject_109_true_negatives,subject_109_true_positives,subject_115_accuracy,subject_115_auc,subject_115_false_negatives,subject_115_false_positives,subject_115_loss,subject_115_pr,subject_115_precision,subject_115_recall,subject_115_true_negatives,subject_115_true_positives,subject_120_accuracy,subject_120_auc,subject_120_false_negatives,subject_120_false_positives,subject_120_loss,subject_120_pr,subject_120_precision,subject_120_recall,subject_120_true_negatives,subject_120_true_positives,subject_43_accuracy,subject_43_auc,subject_43_false_negatives,subject_43_false_positives,subject_43_loss,subject_43_pr,subject_43_precision,subject_43_recall,subject_43_true_negatives,subject_43_true_positives,subject_48_accuracy,subject_48_auc,subject_48_false_negatives,subject_48_false_positives,subject_48_loss,subject_48_pr,subject_48_precision,subject_48_recall,subject_48_true_negatives,subject_48_true_positives,subject_52_accuracy,subject_52_auc,subject_52_false_negatives,subject_52_false_positives,subject_52_loss,subject_52_pr,subject_52_precision,subject_52_recall,subject_52_true_negatives,subject_52_true_positives,subject_59_accuracy,subject_59_auc,subject_59_false_negatives,subject_59_false_positives,subject_59_loss,subject_59_pr,subject_59_precision,subject_59_recall,subject_59_true_negatives,subject_59_true_positives,subject_64_accuracy,subject_64_auc,subject_64_false_negatives,subject_64_false_positives,subject_64_loss,subject_64_pr,subject_64_precision,subject_64_recall,subject_64_true_negatives,subject_64_true_positives,subject_80_accuracy,subject_80_auc,subject_80_false_negatives,subject_80_false_positives,subject_80_loss,subject_80_pr,subject_80_precision,subject_80_recall,subject_80_true_negatives,subject_80_true_positives,subject_92_accuracy,subject_92_auc,subject_92_false_negatives,subject_92_false_positives,subject_92_loss,subject_92_pr,subject_92_precision,subject_92_recall,subject_92_true_negatives,subject_92_true_positives,subject_96_accuracy,subject_96_auc,subject_96_false_negatives,subject_96_false_positives,subject_96_loss,subject_96_pr,subject_96_precision,subject_96_recall,subject_96_true_negatives,subject_96_true_positives,true_negatives,true_positives,val_accuracy,val_auc,val_false_negatives,val_false_positives,val_loss,val_pr,val_precision,val_recall,val_true_negatives,val_true_positives
0,0.9702083319425583,0.9966166516145071,94.0,49.0,0.07903495284883927,0.9967608551184336,0.9802461763223012,0.9608333309491476,,,,,,,,,,,,,,,,,,,,,,,,,,,,,,,,,,,,,,,,,,,,,,,,,,,,,,,,,,,,,,,,,,,,,,,,,,,,,,,,,,,,,,,,,,,,,,,,,,,,,,,,,,,,,,,,,,,,,,,,,2351.0,2306.0,0.8566643177454158,0.40028383651136173,503.0,310.0,0.3869451137335862,0.2981462741352103,0.264645150249196,0.1594951897649402,4542.0,317.0
1,0.9912500033775966,0.9996572832266489,18.0,24.0,0.040623651627295955,0.999681517481804,0.9903464068969091,0.9925000021855037,,,,,,,,,,,,,,,,,,,,,,,,,,,,,,,,,,,,,,,,,,,,,,,,,,,,,,,,,,,,,,,,,,,,,,,,,,,,,,,,,,,,,,,,,,,,,,,,,,,,,,,,,,,,,,,,,,,,,,,,,2376.0,2382.0,0.8626586827639969,0.40026687911602604,424.0,355.0,0.3826784960116881,0.3012509971268591,0.2450344670979025,0.21406239510759478,4497.0,396.0
2,0.9956250041723252,0.9999687323967617,6.0,15.0,0.0292055865478081,0.9999697109063468,0.9940392325321835,0.9975000023841859,,,,,,,,,,,,,,,,,,,,,,,,,,,,,,,,,,,,,,,,,,,,,,,,,,,,,,,,,,,,,,,,,,,,,,,,,,,,,,,,,,,,,,,,,,,,,,,,,,,,,,,,,,,,,,,,,,,,,,,,,2385.0,2394.0,0.8571932296070293,0.40074676048268043,410.0,400.0,0.39235255835162414,0.3019685469284044,0.2326775323941106,0.22357107705222534,4452.0,410.0
3,0.9966666698455812,1.0000000049670537,4.0,12.0,0.02360885757176826,0.9999999850988389,0.9952830175558728,0.9983333349227906,,,,,,,,,,,,,,,,,,,,,,,,,,,,,,,,,,,,,,,,,,,,,,,,,,,,,,,,,,,,,,,,,,,,,,,,,,,,,,,,,,,,,,,,,,,,,,,,,,,,,,,,,,,,,,,,,,,,,,,,,2388.0,2396.0,0.8556064930554002,0.40092323676319147,406.0,413.0,0.39697776464618456,0.3019024791729299,0.2294983212298836,0.22702446714442942,4439.0,414.0
4,0.9977083355188371,1.0000000248352687,2.0,9.0,0.02008039981398421,0.9999999850988388,0.9964114824930829,0.9991666674613954,,,,,,,,,,,,,,,,,,,,,,,,,,,,,,,,,,,,,,,,,,,,,,,,,,,,,,,,,,,,,,,,,,,,,,,,,,,,,,,,,,,,,,,,,,,,,,,,,,,,,,,,,,,,,,,,,,,,,,,,,2391.0,2398.0,0.8536671330713587,0.40103813232420527,405.0,425.0,0.4000941692633236,0.30306559681303913,0.22601853254315546,0.22795565831980685,4427.0,415.0
5,0.9983333349227906,0.9999999850988389,1.0,7.0,0.017565851170414436,0.999999985098839,0.9971819669008256,0.9995833337306977,,,,,,,,,,,,,,,,,,,,,,,,,,,,,,,,,,,,,,,,,,,,,,,,,,,,,,,,,,,,,,,,,,,,,,,,,,,,,,,,,,,,,,,,,,,,,,,,,,,,,,,,,,,,,,,,,,,,,,,,,2393.0,2399.0,0.852961920212287,0.40087864147591157,405.0,429.0,0.40101589344800803,0.3028347573134055,0.2243069916417131,0.22822704331158583,4423.0,415.0
6,0.9989583343267442,0.9999999900658926,0.0,5.0,0.015710375426958006,0.9999999850988389,0.9979674816131593,1.0,,,,,,,,,,,,,,,,,,,,,,,,,,,,,,,,,,,,,,,,,,,,,,,,,,,,,,,,,,,,,,,,,,,,,,,,,,,,,,,,,,,,,,,,,,,,,,,,,,,,,,,,,,,,,,,,,,,,,,,,,2395.0,2400.0,0.8538434388607278,0.4008814016165283,399.0,430.0,0.40189100174521153,0.3028717140006414,0.2249926443412711,0.2319144954213975,4422.0,421.0
