,accuracy,auc,false_negatives,false_positives,loss,pr,precision,recall,subject_107_accuracy,subject_107_auc,subject_107_false_negatives,subject_107_false_positives,subject_107_loss,subject_107_pr,subject_107_precision,subject_107_recall,subject_107_true_negatives,subject_107_true_positives,subject_109_accuracy,subject_109_auc,subject_109_false_negatives,subject_109_false_positives,subject_109_loss,subject_109_pr,subject_109_precision,subject_109_recall,subject_109_true_negatives,subject_109_true_positives,subject_115_accuracy,subject_115_auc,subject_115_false_negatives,subject_115_false_positives,subject_115_loss,subject_115_pr,subject_115_precision,subject_115_recall,subject_115_true_negatives,subject_115_true_positives,subject_120_accuracy,subject_120_auc,subject_120_false_negatives,subject_120_false_positives,subject_120_loss,subject_120_pr,subject_120_precision,subject_120_recall,subject_120_true_negatives,subject_120_true_positives,subject_43_accuracy,subject_43_auc,subject_43_false_negatives,subject_43_false_positives,subject_43_loss,subject_43_pr,subject_43_precision,subject_43_recall,subject_43_true_negatives,subject_43_true_positives,subject_48_accuracy,subject_48_auc,subject_48_false_negatives,subject_48_false_positives,subject_48_loss,subject_48_pr,subject_48_precision,subject_48_recall,subject_48_true_negatives,subject_48_true_positives,subject_52_accuracy,subject_52_auc,subject_52_false_negatives,subject_52_false_positives,subject_52_loss,subject_52_pr,subject_52_precision,subject_52_recall,subject_52_true_negatives,subject_52_true_positives,subject_59_accuracy,subject_59_auc,subject_59_false_negatives,subject_59_false_positives,subject_59_loss,subject_59_pr,subject_59_precision,subject_59_recall,subject_59_true_negatives,subject_59_true_positives,subject_64_accuracy,subject_64_auc,subject_64_false_negatives,subject_64_false_positives,subject_64_loss,subject_64_pr,subject_64_precision,subject_64_recall,subject_64_true_negatives,subject_64_true_positives,subject_80_accuracy,subject_80_auc,subject_80_false_negatives,subject_80_false_positives,subject_80_loss,subject_80_pr,subject_80_precision,subject_80_recall,subject_80_true_negatives,subject_80_true_positives,subject_92_accuracy,subject_92_auc,subject_92_false_negatives,subject_92_false_positives,subject_92_loss,subject_92_pr,subject_92_precision,subject_92_recall,subject_92_true_negatives,subject_92_true_positives,true_negatives,true_positives,val_accuracy,val_auc,val_false_negatives,val_false_positives,val_loss,val_pr,val_precision,val_recall,val_true_negatives,val_true_positives
0,0.7113636136054993,0.818895697593689,703.0,567.0,0.706283275864341,0.803356409072876,0.7252907156944275,0.6804545521736145,,,,,,,,,,,,,,,,,,,,,,,,,,,,,,,,,,,,,,,,,,,,,,,,,,,,,,,,,,,,,,,,,,,,,,,,,,,,,,,,,,,,,,,,,,,,,,,,,,,,,,,,,,,,,,,1633.0,1497.0,0.7712163925170898,0.8062647581100464,269.0,1672.0,0.5865255393112453,0.3383924663066864,0.2368781417608261,0.6586294174194336,6024.0,519.0
1,0.7186363339424133,0.8301877975463867,636.0,602.0,0.6649873499436812,0.8224976062774658,0.7220683097839355,0.7109090685844421,,,,,,,,,,,,,,,,,,,,,,,,,,,,,,,,,,,,,,,,,,,,,,,,,,,,,,,,,,,,,,,,,,,,,,,,,,,,,,,,,,,,,,,,,,,,,,,,,,,,,,,,,,,,,,,1598.0,1564.0,0.7613154053688049,0.8044595122337341,266.0,1759.0,0.6034242391361486,0.3336583077907562,0.22884699702262878,0.6624365448951721,5937.0,522.0
2,0.723409116268158,0.8379024863243103,623.0,594.0,0.6429665951295332,0.8398873805999756,0.7263933420181274,0.7168181538581848,,,,,,,,,,,,,,,,,,,,,,,,,,,,,,,,,,,,,,,,,,,,,,,,,,,,,,,,,,,,,,,,,,,,,,,,,,,,,,,,,,,,,,,,,,,,,,,,,,,,,,,,,,,,,,,1606.0,1577.0,0.7637906670570374,0.8032371401786804,279.0,1725.0,0.5881265008410211,0.3302801251411438,0.22784243524074554,0.6459391117095947,5971.0,509.0
3,0.7313636541366577,0.8433878421783447,603.0,579.0,0.6297740211270072,0.8494240641593933,0.7339154481887817,0.7259091138839722,,,,,,,,,,,,,,,,,,,,,,,,,,,,,,,,,,,,,,,,,,,,,,,,,,,,,,,,,,,,,,,,,,,,,,,,,,,,,,,,,,,,,,,,,,,,,,,,,,,,,,,,,,,,,,,1621.0,1597.0,0.7653229832649231,0.8009844422340393,291.0,1700.0,0.5856528586581988,0.32516050338745117,0.22621756792068481,0.6307106614112854,5996.0,497.0
4,0.7365909218788147,0.8488642573356628,592.0,567.0,0.614611351706765,0.8563895225524902,0.7393103241920471,0.7309091091156006,,,,,,,,,,,,,,,,,,,,,,,,,,,,,,,,,,,,,,,,,,,,,,,,,,,,,,,,,,,,,,,,,,,,,,,,,,,,,,,,,,,,,,,,,,,,,,,,,,,,,,,,,,,,,,,1633.0,1608.0,0.766148030757904,0.7970211505889893,296.0,1688.0,0.5864048472964387,0.31767863035202026,0.22568807005882263,0.624365508556366,6008.0,492.0
5,0.739545464515686,0.8530886769294739,583.0,563.0,0.6048835780403831,0.8626202940940857,0.7417431473731995,0.7350000143051147,,,,,,,,,,,,,,,,,,,,,,,,,,,,,,,,,,,,,,,,,,,,,,,,,,,,,,,,,,,,,,,,,,,,,,,,,,,,,,,,,,,,,,,,,,,,,,,,,,,,,,,,,,,,,,,1637.0,1617.0,0.7642621397972107,0.793458104133606,299.0,1701.0,0.5915972266288255,0.31242048740386963,0.2232876718044281,0.6205583810806274,5995.0,489.0
6,0.7429545521736145,0.8570532202720642,579.0,552.0,0.5943902982365001,0.8675295114517212,0.7459732890129089,0.7368181943893433,,,,,,,,,,,,,,,,,,,,,,,,,,,,,,,,,,,,,,,,,,,,,,,,,,,,,,,,,,,,,,,,,,,,,,,,,,,,,,,,,,,,,,,,,,,,,,,,,,,,,,,,,,,,,,,1648.0,1621.0,0.7630834579467773,0.7899925708770752,304.0,1706.0,0.5976107415024372,0.3052417039871216,0.22100456058979034,0.6142131686210632,5990.0,484.0
7,0.7459090948104858,0.8603855967521667,576.0,542.0,0.5859408683126623,0.8707363605499268,0.7497691512107849,0.7381818294525146,,,,,,,,,,,,,,,,,,,,,,,,,,,,,,,,,,,,,,,,,,,,,,,,,,,,,,,,,,,,,,,,,,,,,,,,,,,,,,,,,,,,,,,,,,,,,,,,,,,,,,,,,,,,,,,1658.0,1624.0,0.7629655599594116,0.7875289916992188,314.0,1697.0,0.5984890395771046,0.3009510040283203,0.21833255887031555,0.6015228629112244,5999.0,474.0
8,0.7493181824684143,0.8638813495635986,580.0,523.0,0.5772016920826651,0.874019980430603,0.7559496164321899,0.7363636493682861,,,,,,,,,,,,,,,,,,,,,,,,,,,,,,,,,,,,,,,,,,,,,,,,,,,,,,,,,,,,,,,,,,,,,,,,,,,,,,,,,,,,,,,,,,,,,,,,,,,,,,,,,,,,,,,1677.0,1620.0,0.764144241809845,0.7851995229721069,326.0,1675.0,0.5981082888789921,0.2962554097175598,0.21619091928005219,0.586294412612915,6021.0,462.0
