,accuracy,auc,false_negatives,false_positives,loss,pr,precision,recall,subject_107_accuracy,subject_107_auc,subject_107_false_negatives,subject_107_false_positives,subject_107_loss,subject_107_pr,subject_107_precision,subject_107_recall,subject_107_true_negatives,subject_107_true_positives,subject_115_accuracy,subject_115_auc,subject_115_false_negatives,subject_115_false_positives,subject_115_loss,subject_115_pr,subject_115_precision,subject_115_recall,subject_115_true_negatives,subject_115_true_positives,subject_120_accuracy,subject_120_auc,subject_120_false_negatives,subject_120_false_positives,subject_120_loss,subject_120_pr,subject_120_precision,subject_120_recall,subject_120_true_negatives,subject_120_true_positives,subject_43_accuracy,subject_43_auc,subject_43_false_negatives,subject_43_false_positives,subject_43_loss,subject_43_pr,subject_43_precision,subject_43_recall,subject_43_true_negatives,subject_43_true_positives,subject_52_accuracy,subject_52_auc,subject_52_false_negatives,subject_52_false_positives,subject_52_loss,subject_52_pr,subject_52_precision,subject_52_recall,subject_52_true_negatives,subject_52_true_positives,subject_64_accuracy,subject_64_auc,subject_64_false_negatives,subject_64_false_positives,subject_64_loss,subject_64_pr,subject_64_precision,subject_64_recall,subject_64_true_negatives,subject_64_true_positives,subject_80_accuracy,subject_80_auc,subject_80_false_negatives,subject_80_false_positives,subject_80_loss,subject_80_pr,subject_80_precision,subject_80_recall,subject_80_true_negatives,subject_80_true_positives,subject_92_accuracy,subject_92_auc,subject_92_false_negatives,subject_92_false_positives,subject_92_loss,subject_92_pr,subject_92_precision,subject_92_recall,subject_92_true_negatives,subject_92_true_positives,true_negatives,true_positives,val_accuracy,val_auc,val_false_negatives,val_false_positives,val_loss,val_pr,val_precision,val_recall,val_true_negatives,val_true_positives
0,0.6112499833106995,0.6711716651916504,868.0,376.0,1.2884631341695785,0.6106387972831726,0.660649836063385,0.45750001072883606,,,,,,,,,,,,,,,,,,,,,,,,,,,,,,,,,,,,,,,,,,,,,,,,,,,,,,,,,,,,,,,,,,,,,,,,,,,,,,,,,1224.0,732.0,0.7908163070678711,0.8456101417541504,820.0,1558.0,0.5774793755905382,0.6087877750396729,0.529873251914978,0.6816770434379578,7234.0,1756.0
1,0.6446874737739563,0.6990246772766113,766.0,371.0,1.1982588797807694,0.6375622153282166,0.6921162009239197,0.5212500095367432,,,,,,,,,,,,,,,,,,,,,,,,,,,,,,,,,,,,,,,,,,,,,,,,,,,,,,,,,,,,,,,,,,,,,,,,,,,,,,,,,1229.0,834.0,0.7839549779891968,0.8441987037658691,828.0,1628.0,0.6006920143626342,0.6137439012527466,0.5177724957466125,0.6785714030265808,7164.0,1748.0
2,0.6668750047683716,0.7218543291091919,688.0,378.0,1.1274343192577363,0.6613793969154358,0.7069767713546753,0.5699999928474426,,,,,,,,,,,,,,,,,,,,,,,,,,,,,,,,,,,,,,,,,,,,,,,,,,,,,,,,,,,,,,,,,,,,,,,,,,,,,,,,,1222.0,912.0,0.781755805015564,0.8420087099075317,838.0,1643.0,0.6149663371489469,0.6106032133102417,0.5140491127967834,0.6746894121170044,7149.0,1738.0
3,0.6862499713897705,0.7404806613922119,637.0,367.0,1.0641830748319625,0.6789982914924622,0.7240601778030396,0.6018750071525574,,,,,,,,,,,,,,,,,,,,,,,,,,,,,,,,,,,,,,,,,,,,,,,,,,,,,,,,,,,,,,,,,,,,,,,,,,,,,,,,,1233.0,963.0,0.7805242538452148,0.8399809002876282,854.0,1641.0,0.623577631417502,0.608445405960083,0.5120428204536438,0.66847825050354,7151.0,1722.0
4,0.7040625214576721,0.7564821839332581,588.0,359.0,1.0153795117139817,0.6941143870353699,0.7381473183631897,0.6324999928474426,,,,,,,,,,,,,,,,,,,,,,,,,,,,,,,,,,,,,,,,,,,,,,,,,,,,,,,,,,,,,,,,,,,,,,,,,,,,,,,,,1241.0,1012.0,0.78228360414505,0.8386908769607544,880.0,1595.0,0.6272149049453464,0.6062064170837402,0.5153448581695557,0.6583850979804993,7197.0,1696.0
5,0.7278125286102295,0.7698246240615845,529.0,342.0,0.9791980013251305,0.707217812538147,0.7579618096351624,0.6693750023841858,,,,,,,,,,,,,,,,,,,,,,,,,,,,,,,,,,,,,,,,,,,,,,,,,,,,,,,,,,,,,,,,,,,,,,,,,,,,,,,,,1258.0,1071.0,0.7837790250778198,0.8378866910934448,895.0,1563.0,0.6322060204848364,0.6041179895401001,0.518187403678894,0.652562141418457,7229.0,1681.0
