,accuracy,auc,false_negatives,false_positives,loss,pr,precision,recall,subject_107_accuracy,subject_107_auc,subject_107_false_negatives,subject_107_false_positives,subject_107_loss,subject_107_pr,subject_107_precision,subject_107_recall,subject_107_true_negatives,subject_107_true_positives,subject_109_accuracy,subject_109_auc,subject_109_false_negatives,subject_109_false_positives,subject_109_loss,subject_109_pr,subject_109_precision,subject_109_recall,subject_109_true_negatives,subject_109_true_positives,subject_115_accuracy,subject_115_auc,subject_115_false_negatives,subject_115_false_positives,subject_115_loss,subject_115_pr,subject_115_precision,subject_115_recall,subject_115_true_negatives,subject_115_true_positives,subject_120_accuracy,subject_120_auc,subject_120_false_negatives,subject_120_false_positives,subject_120_loss,subject_120_pr,subject_120_precision,subject_120_recall,subject_120_true_negatives,subject_120_true_positives,subject_43_accuracy,subject_43_auc,subject_43_false_negatives,subject_43_false_positives,subject_43_loss,subject_43_pr,subject_43_precision,subject_43_recall,subject_43_true_negatives,subject_43_true_positives,subject_48_accuracy,subject_48_auc,subject_48_false_negatives,subject_48_false_positives,subject_48_loss,subject_48_pr,subject_48_precision,subject_48_recall,subject_48_true_negatives,subject_48_true_positives,subject_52_accuracy,subject_52_auc,subject_52_false_negatives,subject_52_false_positives,subject_52_loss,subject_52_pr,subject_52_precision,subject_52_recall,subject_52_true_negatives,subject_52_true_positives,subject_59_accuracy,subject_59_auc,subject_59_false_negatives,subject_59_false_positives,subject_59_loss,subject_59_pr,subject_59_precision,subject_59_recall,subject_59_true_negatives,subject_59_true_positives,subject_64_accuracy,subject_64_auc,subject_64_false_negatives,subject_64_false_positives,subject_64_loss,subject_64_pr,subject_64_precision,subject_64_recall,subject_64_true_negatives,subject_64_true_positives,subject_80_accuracy,subject_80_auc,subject_80_false_negatives,subject_80_false_positives,subject_80_loss,subject_80_pr,subject_80_precision,subject_80_recall,subject_80_true_negatives,subject_80_true_positives,subject_92_accuracy,subject_92_auc,subject_92_false_negatives,subject_92_false_positives,subject_92_loss,subject_92_pr,subject_92_precision,subject_92_recall,subject_92_true_negatives,subject_92_true_positives,true_negatives,true_positives,val_accuracy,val_auc,val_false_negatives,val_false_positives,val_loss,val_pr,val_precision,val_recall,val_true_negatives,val_true_positives
0,0.7365909218788147,0.8558121919631958,684.0,475.0,0.624252244125713,0.8569281101226807,0.7614263892173767,0.6890909075737,,,,,,,,,,,,,,,,,,,,,,,,,,,,,,,,,,,,,,,,,,,,,,,,,,,,,,,,,,,,,,,,,,,,,,,,,,,,,,,,,,,,,,,,,,,,,,,,,,,,,,,,,,,,,,,1725.0,1516.0,0.7714088559150696,0.8286858201026917,873.0,1444.0,0.5930560705881939,0.7025508284568787,0.5791314244270325,0.6947552561759949,5832.0,1987.0
1,0.7413636445999146,0.8640125393867493,669.0,469.0,0.5936058927666057,0.8637353181838989,0.765500009059906,0.6959090828895569,,,,,,,,,,,,,,,,,,,,,,,,,,,,,,,,,,,,,,,,,,,,,,,,,,,,,,,,,,,,,,,,,,,,,,,,,,,,,,,,,,,,,,,,,,,,,,,,,,,,,,,,,,,,,,,1731.0,1531.0,0.772888720035553,0.8250775337219238,905.0,1397.0,0.5942464132617568,0.6962187886238098,0.5832338929176331,0.6835664510726929,5879.0,1955.0
2,0.7472727298736572,0.8704351186752319,649.0,463.0,0.5696342585303567,0.8686937689781189,0.770109236240387,0.7049999833106995,,,,,,,,,,,,,,,,,,,,,,,,,,,,,,,,,,,,,,,,,,,,,,,,,,,,,,,,,,,,,,,,,,,,,,,,,,,,,,,,,,,,,,,,,,,,,,,,,,,,,,,,,,,,,,,1737.0,1551.0,0.7748618721961975,0.8222340941429138,933.0,1349.0,0.5951512118400131,0.6916140913963318,0.5882173180580139,0.6737762093544006,5927.0,1927.0
3,0.7522727251052856,0.8761845231056213,639.0,451.0,0.5499972032416951,0.8732089996337891,0.775844931602478,0.7095454335212708,,,,,,,,,,,,,,,,,,,,,,,,,,,,,,,,,,,,,,,,,,,,,,,,,,,,,,,,,,,,,,,,,,,,,,,,,,,,,,,,,,,,,,,,,,,,,,,,,,,,,,,,,,,,,,,1749.0,1561.0,0.7783148884773254,0.8202623724937439,954.0,1293.0,0.5958712242232032,0.6892801523208618,0.5958111882209778,0.666433572769165,5983.0,1906.0
4,0.7584090828895569,0.8811290860176086,623.0,440.0,0.5338811162385073,0.8766933083534241,0.7818542122840881,0.7168181538581848,,,,,,,,,,,,,,,,,,,,,,,,,,,,,,,,,,,,,,,,,,,,,,,,,,,,,,,,,,,,,,,,,,,,,,,,,,,,,,,,,,,,,,,,,,,,,,,,,,,,,,,,,,,,,,,1760.0,1577.0,0.7798934578895569,0.8178612589836121,967.0,1264.0,0.5987442441008274,0.6864855289459229,0.5996198654174805,0.6618881225585938,6012.0,1893.0
5,0.7643181681632996,0.8852591514587402,606.0,431.0,0.5200491957231002,0.8801601529121399,0.7871605157852173,0.7245454788208008,,,,,,,,,,,,,,,,,,,,,,,,,,,,,,,,,,,,,,,,,,,,,,,,,,,,,,,,,,,,,,,,,,,,,,,,,,,,,,,,,,,,,,,,,,,,,,,,,,,,,,,,,,,,,,,1769.0,1594.0,0.7814719676971436,0.8153409957885742,976.0,1239.0,0.6041745271330851,0.6844912767410278,0.6032661199569702,0.6587412357330322,6037.0,1884.0
