,accuracy,auc,false_negatives,false_positives,loss,pr,precision,recall,subject_107_accuracy,subject_107_auc,subject_107_false_negatives,subject_107_false_positives,subject_107_loss,subject_107_pr,subject_107_precision,subject_107_recall,subject_107_true_negatives,subject_107_true_positives,subject_115_accuracy,subject_115_auc,subject_115_false_negatives,subject_115_false_positives,subject_115_loss,subject_115_pr,subject_115_precision,subject_115_recall,subject_115_true_negatives,subject_115_true_positives,subject_120_accuracy,subject_120_auc,subject_120_false_negatives,subject_120_false_positives,subject_120_loss,subject_120_pr,subject_120_precision,subject_120_recall,subject_120_true_negatives,subject_120_true_positives,subject_43_accuracy,subject_43_auc,subject_43_false_negatives,subject_43_false_positives,subject_43_loss,subject_43_pr,subject_43_precision,subject_43_recall,subject_43_true_negatives,subject_43_true_positives,subject_52_accuracy,subject_52_auc,subject_52_false_negatives,subject_52_false_positives,subject_52_loss,subject_52_pr,subject_52_precision,subject_52_recall,subject_52_true_negatives,subject_52_true_positives,subject_64_accuracy,subject_64_auc,subject_64_false_negatives,subject_64_false_positives,subject_64_loss,subject_64_pr,subject_64_precision,subject_64_recall,subject_64_true_negatives,subject_64_true_positives,subject_80_accuracy,subject_80_auc,subject_80_false_negatives,subject_80_false_positives,subject_80_loss,subject_80_pr,subject_80_precision,subject_80_recall,subject_80_true_negatives,subject_80_true_positives,subject_92_accuracy,subject_92_auc,subject_92_false_negatives,subject_92_false_positives,subject_92_loss,subject_92_pr,subject_92_precision,subject_92_recall,subject_92_true_negatives,subject_92_true_positives,true_negatives,true_positives,val_accuracy,val_auc,val_false_negatives,val_false_positives,val_loss,val_pr,val_precision,val_recall,val_true_negatives,val_true_positives
0,0.8846875056624413,0.9716828092932701,103.0,266.0,0.4185973415151238,0.9611455798149109,0.8988483175635338,0.9356250017881393,,,,,,,,,,,,,,,,,,,,,,,,,,,,,,,,,,,,,,,,,,,,,,,,,,,,,,,,,,,,,,,,,,,,,,,,,,,,,,,,,1334.0,1497.0,0.7988212541490269,0.39146974416453606,723.0,1564.0,0.5822237374894998,0.31212177398935076,0.272764622061438,0.30328670855582723,7228.0,1853.0
1,0.9612500071525574,0.9999702945351601,5.0,119.0,0.10788637329824269,0.9999702647328377,0.9505781531333923,0.9968750029802322,,,,,,,,,,,,,,,,,,,,,,,,,,,,,,,,,,,,,,,,,,,,,,,,,,,,,,,,,,,,,,,,,,,,,,,,,,,,,,,,,1481.0,1595.0,0.8022519304331217,0.3971813225477704,841.0,1407.0,0.5482404238927732,0.3129516992662928,0.2736482099930767,0.28776738066999613,7385.0,1735.0
2,0.9968750029802322,1.0000000074505806,0.0,10.0,0.03186153616756201,1.0,0.9940476194024086,1.0,,,,,,,,,,,,,,,,,,,,,,,,,,,,,,,,,,,,,,,,,,,,,,,,,,,,,,,,,,,,,,,,,,,,,,,,,,,,,,,,,1590.0,1600.0,0.7945988714736923,0.3969495610860265,994.0,1341.0,0.5635052549117868,0.3129738687388835,0.27730563643960615,0.2698055106902693,7451.0,1582.0
3,1.0,1.0,0.0,0.0,0.015710543892346322,0.9999999776482582,1.0,1.0,,,,,,,,,,,,,,,,,,,,,,,,,,,,,,,,,,,,,,,,,,,,,,,,,,,,,,,,,,,,,,,,,,,,,,,,,,,,,,,,,1600.0,1600.0,0.7821076637544235,0.39707216981177096,1145.0,1332.0,0.5865227404720839,0.31339585711625073,0.2787673389073789,0.25383950530287247,7460.0,1431.0
4,1.0,0.9999999478459358,0.0,0.0,0.010747770152520387,0.9999999701976776,1.0,1.0,,,,,,,,,,,,,,,,,,,,,,,,,,,,,,,,,,,,,,,,,,,,,,,,,,,,,,,,,,,,,,,,,,,,,,,,,,,,,,,,,1600.0,1600.0,0.7731351206245598,0.39793744186210767,1251.0,1328.0,0.6052896792488451,0.3136780103386749,0.2811716745445671,0.24264501310481226,7464.0,1325.0
5,1.0,0.9999999850988388,0.0,0.0,0.008424266465008259,0.9999999925494194,1.0,1.0,,,,,,,,,,,,,,,,,,,,,,,,,,,,,,,,,,,,,,,,,,,,,,,,,,,,,,,,,,,,,,,,,,,,,,,,,,,,,,,,,1600.0,1600.0,0.7696164710831256,0.39799727217401104,1303.0,1316.0,0.617613394649907,0.3137744932706133,0.28168087857686913,0.23706042911807554,7476.0,1273.0
6,1.0,0.9999999925494194,0.0,0.0,0.007016471019014715,1.0,1.0,1.0,,,,,,,,,,,,,,,,,,,,,,,,,,,,,,,,,,,,,,,,,,,,,,,,,,,,,,,,,,,,,,,,,,,,,,,,,,,,,,,,,1600.0,1600.0,0.76706545291905,0.39765471224211035,1336.0,1312.0,0.6261914835915177,0.3139214843385745,0.28179417352108865,0.23354199321587935,7480.0,1240.0
