,accuracy,auc,false_negatives,false_positives,loss,pr,precision,recall,subject_107_accuracy,subject_107_auc,subject_107_false_negatives,subject_107_false_positives,subject_107_loss,subject_107_pr,subject_107_precision,subject_107_recall,subject_107_true_negatives,subject_107_true_positives,subject_109_accuracy,subject_109_auc,subject_109_false_negatives,subject_109_false_positives,subject_109_loss,subject_109_pr,subject_109_precision,subject_109_recall,subject_109_true_negatives,subject_109_true_positives,subject_115_accuracy,subject_115_auc,subject_115_false_negatives,subject_115_false_positives,subject_115_loss,subject_115_pr,subject_115_precision,subject_115_recall,subject_115_true_negatives,subject_115_true_positives,subject_120_accuracy,subject_120_auc,subject_120_false_negatives,subject_120_false_positives,subject_120_loss,subject_120_pr,subject_120_precision,subject_120_recall,subject_120_true_negatives,subject_120_true_positives,subject_43_accuracy,subject_43_auc,subject_43_false_negatives,subject_43_false_positives,subject_43_loss,subject_43_pr,subject_43_precision,subject_43_recall,subject_43_true_negatives,subject_43_true_positives,subject_48_accuracy,subject_48_auc,subject_48_false_negatives,subject_48_false_positives,subject_48_loss,subject_48_pr,subject_48_precision,subject_48_recall,subject_48_true_negatives,subject_48_true_positives,subject_52_accuracy,subject_52_auc,subject_52_false_negatives,subject_52_false_positives,subject_52_loss,subject_52_pr,subject_52_precision,subject_52_recall,subject_52_true_negatives,subject_52_true_positives,subject_59_accuracy,subject_59_auc,subject_59_false_negatives,subject_59_false_positives,subject_59_loss,subject_59_pr,subject_59_precision,subject_59_recall,subject_59_true_negatives,subject_59_true_positives,subject_64_accuracy,subject_64_auc,subject_64_false_negatives,subject_64_false_positives,subject_64_loss,subject_64_pr,subject_64_precision,subject_64_recall,subject_64_true_negatives,subject_64_true_positives,subject_80_accuracy,subject_80_auc,subject_80_false_negatives,subject_80_false_positives,subject_80_loss,subject_80_pr,subject_80_precision,subject_80_recall,subject_80_true_negatives,subject_80_true_positives,subject_92_accuracy,subject_92_auc,subject_92_false_negatives,subject_92_false_positives,subject_92_loss,subject_92_pr,subject_92_precision,subject_92_recall,subject_92_true_negatives,subject_92_true_positives,true_negatives,true_positives,val_accuracy,val_auc,val_false_negatives,val_false_positives,val_loss,val_pr,val_precision,val_recall,val_true_negatives,val_true_positives
0,0.7134090662002563,0.8230130672454834,735.0,526.0,0.8297256387363781,0.8074758052825928,0.735811173915863,0.6659091114997864,,,,,,,,,,,,,,,,,,,,,,,,,,,,,,,,,,,,,,,,,,,,,,,,,,,,,,,,,,,,,,,,,,,,,,,,,,,,,,,,,,,,,,,,,,,,,,,,,,,,,,,,,,,,,,,1674.0,1465.0,0.7646014094352722,0.8106228709220886,1024.0,1362.0,0.7537263269817726,0.696132242679596,0.5741088390350342,0.6419580578804016,5914.0,1836.0
1,0.7161363363265991,0.8280333876609802,717.0,532.0,0.8113035707040267,0.8136976361274719,0.7359801530838013,0.6740909218788147,,,,,,,,,,,,,,,,,,,,,,,,,,,,,,,,,,,,,,,,,,,,,,,,,,,,,,,,,,,,,,,,,,,,,,,,,,,,,,,,,,,,,,,,,,,,,,,,,,,,,,,,,,,,,,,1668.0,1483.0,0.7606551051139832,0.8032991886138916,1033.0,1393.0,0.7720140046553999,0.6889278292655945,0.5673912763595581,0.6388111710548401,5883.0,1827.0
2,0.7170454263687134,0.8314974308013916,701.0,544.0,0.7948679627071727,0.8167005777359009,0.7337248921394348,0.6813636422157288,,,,,,,,,,,,,,,,,,,,,,,,,,,,,,,,,,,,,,,,,,,,,,,,,,,,,,,,,,,,,,,,,,,,,,,,,,,,,,,,,,,,,,,,,,,,,,,,,,,,,,,,,,,,,,,1656.0,1499.0,0.757498025894165,0.7982550859451294,1046.0,1412.0,0.7835755908028197,0.6852824091911316,0.56230628490448,0.6342657208442688,5864.0,1814.0
3,0.7195454835891724,0.8350332975387573,690.0,544.0,0.7828161692619324,0.8218851089477539,0.735150933265686,0.6863636374473572,,,,,,,,,,,,,,,,,,,,,,,,,,,,,,,,,,,,,,,,,,,,,,,,,,,,,,,,,,,,,,,,,,,,,,,,,,,,,,,,,,,,,,,,,,,,,,,,,,,,,,,,,,,,,,,1656.0,1510.0,0.7549329400062561,0.7939907908439636,1063.0,1421.0,0.7967737769647762,0.6800718307495117,0.5584213733673096,0.6283217072486877,5855.0,1797.0
4,0.7250000238418579,0.8377625346183777,662.0,548.0,0.7735873379490592,0.8240305185317993,0.7372962832450867,0.6990908980369568,,,,,,,,,,,,,,,,,,,,,,,,,,,,,,,,,,,,,,,,,,,,,,,,,,,,,,,,,,,,,,,,,,,,,,,,,,,,,,,,,,,,,,,,,,,,,,,,,,,,,,,,,,,,,,,1652.0,1538.0,0.7534530162811279,0.790185272693634,1055.0,1444.0,0.8097321675721358,0.6754682064056396,0.5555555820465088,0.631118893623352,5832.0,1805.0
5,0.7272727489471436,0.8402330279350281,651.0,549.0,0.7646032018011266,0.8262050151824951,0.7383221983909607,0.7040908932685852,,,,,,,,,,,,,,,,,,,,,,,,,,,,,,,,,,,,,,,,,,,,,,,,,,,,,,,,,,,,,,,,,,,,,,,,,,,,,,,,,,,,,,,,,,,,,,,,,,,,,,,,,,,,,,,1651.0,1549.0,0.7528610825538635,0.7871337532997131,1057.0,1448.0,0.8222373644479543,0.6708850860595703,0.5545985698699951,0.6304195523262024,5828.0,1803.0
