,accuracy,auc,false_negatives,false_positives,loss,pr,precision,recall,subject_107_accuracy,subject_107_auc,subject_107_false_negatives,subject_107_false_positives,subject_107_loss,subject_107_pr,subject_107_precision,subject_107_recall,subject_107_true_negatives,subject_107_true_positives,subject_109_accuracy,subject_109_auc,subject_109_false_negatives,subject_109_false_positives,subject_109_loss,subject_109_pr,subject_109_precision,subject_109_recall,subject_109_true_negatives,subject_109_true_positives,subject_115_accuracy,subject_115_auc,subject_115_false_negatives,subject_115_false_positives,subject_115_loss,subject_115_pr,subject_115_precision,subject_115_recall,subject_115_true_negatives,subject_115_true_positives,subject_120_accuracy,subject_120_auc,subject_120_false_negatives,subject_120_false_positives,subject_120_loss,subject_120_pr,subject_120_precision,subject_120_recall,subject_120_true_negatives,subject_120_true_positives,subject_43_accuracy,subject_43_auc,subject_43_false_negatives,subject_43_false_positives,subject_43_loss,subject_43_pr,subject_43_precision,subject_43_recall,subject_43_true_negatives,subject_43_true_positives,subject_48_accuracy,subject_48_auc,subject_48_false_negatives,subject_48_false_positives,subject_48_loss,subject_48_pr,subject_48_precision,subject_48_recall,subject_48_true_negatives,subject_48_true_positives,subject_52_accuracy,subject_52_auc,subject_52_false_negatives,subject_52_false_positives,subject_52_loss,subject_52_pr,subject_52_precision,subject_52_recall,subject_52_true_negatives,subject_52_true_positives,subject_59_accuracy,subject_59_auc,subject_59_false_negatives,subject_59_false_positives,subject_59_loss,subject_59_pr,subject_59_precision,subject_59_recall,subject_59_true_negatives,subject_59_true_positives,subject_64_accuracy,subject_64_auc,subject_64_false_negatives,subject_64_false_positives,subject_64_loss,subject_64_pr,subject_64_precision,subject_64_recall,subject_64_true_negatives,subject_64_true_positives,subject_80_accuracy,subject_80_auc,subject_80_false_negatives,subject_80_false_positives,subject_80_loss,subject_80_pr,subject_80_precision,subject_80_recall,subject_80_true_negatives,subject_80_true_positives,subject_92_accuracy,subject_92_auc,subject_92_false_negatives,subject_92_false_positives,subject_92_loss,subject_92_pr,subject_92_precision,subject_92_recall,subject_92_true_negatives,subject_92_true_positives,true_negatives,true_positives,val_accuracy,val_auc,val_false_negatives,val_false_positives,val_loss,val_pr,val_precision,val_recall,val_true_negatives,val_true_positives
0,0.6915909051895142,0.7917177677154541,807.0,550.0,0.9048271582343361,0.7611870765686035,0.7169325947761536,0.6331818103790283,,,,,,,,,,,,,,,,,,,,,,,,,,,,,,,,,,,,,,,,,,,,,,,,,,,,,,,,,,,,,,,,,,,,,,,,,,,,,,,,,,,,,,,,,,,,,,,,,,,,,,,,,,,,,,,1650.0,1393.0,0.8096416592597961,0.756064772605896,412.0,1203.0,0.559622530243634,0.23919467628002167,0.23812539875507355,0.4771573543548584,6493.0,376.0
1,0.7036363482475281,0.8029472231864929,734.0,570.0,0.8486045536127957,0.7764990925788879,0.7200393080711365,0.6663636565208435,,,,,,,,,,,,,,,,,,,,,,,,,,,,,,,,,,,,,,,,,,,,,,,,,,,,,,,,,,,,,,,,,,,,,,,,,,,,,,,,,,,,,,,,,,,,,,,,,,,,,,,,,,,,,,,1630.0,1466.0,0.8018622994422913,0.7547553181648254,406.0,1275.0,0.5632556100208654,0.23625823855400085,0.23053711652755737,0.48477157950401306,6421.0,382.0
2,0.7136363387107849,0.8122022151947021,681.0,579.0,0.8138750403577631,0.7899004220962524,0.7240228652954102,0.6904545426368713,,,,,,,,,,,,,,,,,,,,,,,,,,,,,,,,,,,,,,,,,,,,,,,,,,,,,,,,,,,,,,,,,,,,,,,,,,,,,,,,,,,,,,,,,,,,,,,,,,,,,,,,,,,,,,,1621.0,1519.0,0.7944365739822388,0.751615583896637,407.0,1337.0,0.5848041036004225,0.23015287518501282,0.22176949679851532,0.4835025370121002,6359.0,381.0
3,0.7172726988792419,0.8201255798339844,670.0,574.0,0.7902688891237433,0.802148699760437,0.7271863222122192,0.6954545378684998,,,,,,,,,,,,,,,,,,,,,,,,,,,,,,,,,,,,,,,,,,,,,,,,,,,,,,,,,,,,,,,,,,,,,,,,,,,,,,,,,,,,,,,,,,,,,,,,,,,,,,,,,,,,,,,1626.0,1530.0,0.7927864193916321,0.7463751435279846,420.0,1338.0,0.5806291501851422,0.2275468409061432,0.21570925414562225,0.46700507402420044,6358.0,368.0
4,0.7220454812049866,0.8264140486717224,659.0,564.0,0.7727391847697171,0.8117759823799133,0.7320665121078491,0.7004545331001282,,,,,,,,,,,,,,,,,,,,,,,,,,,,,,,,,,,,,,,,,,,,,,,,,,,,,,,,,,,,,,,,,,,,,,,,,,,,,,,,,,,,,,,,,,,,,,,,,,,,,,,,,,,,,,,1636.0,1541.0,0.7918434739112854,0.7436200976371765,429.0,1337.0,0.5795813419806514,0.22606103122234344,0.2116745263338089,0.45558375120162964,6359.0,359.0
5,0.7247727513313293,0.8319541811943054,658.0,553.0,0.7582539248466492,0.8195639848709106,0.7360382080078125,0.7009090781211853,,,,,,,,,,,,,,,,,,,,,,,,,,,,,,,,,,,,,,,,,,,,,,,,,,,,,,,,,,,,,,,,,,,,,,,,,,,,,,,,,,,,,,,,,,,,,,,,,,,,,,,,,,,,,,,1647.0,1542.0,0.7938472628593445,0.7397961616516113,435.0,1314.0,0.5732826550914004,0.22455161809921265,0.21175764501094818,0.44796955585479736,6382.0,353.0
