,accuracy,auc,false_negatives,false_positives,loss,pr,precision,recall,subject_107_accuracy,subject_107_auc,subject_107_false_negatives,subject_107_false_positives,subject_107_loss,subject_107_pr,subject_107_precision,subject_107_recall,subject_107_true_negatives,subject_107_true_positives,subject_109_accuracy,subject_109_auc,subject_109_false_negatives,subject_109_false_positives,subject_109_loss,subject_109_pr,subject_109_precision,subject_109_recall,subject_109_true_negatives,subject_109_true_positives,subject_115_accuracy,subject_115_auc,subject_115_false_negatives,subject_115_false_positives,subject_115_loss,subject_115_pr,subject_115_precision,subject_115_recall,subject_115_true_negatives,subject_115_true_positives,subject_120_accuracy,subject_120_auc,subject_120_false_negatives,subject_120_false_positives,subject_120_loss,subject_120_pr,subject_120_precision,subject_120_recall,subject_120_true_negatives,subject_120_true_positives,subject_43_accuracy,subject_43_auc,subject_43_false_negatives,subject_43_false_positives,subject_43_loss,subject_43_pr,subject_43_precision,subject_43_recall,subject_43_true_negatives,subject_43_true_positives,subject_48_accuracy,subject_48_auc,subject_48_false_negatives,subject_48_false_positives,subject_48_loss,subject_48_pr,subject_48_precision,subject_48_recall,subject_48_true_negatives,subject_48_true_positives,subject_52_accuracy,subject_52_auc,subject_52_false_negatives,subject_52_false_positives,subject_52_loss,subject_52_pr,subject_52_precision,subject_52_recall,subject_52_true_negatives,subject_52_true_positives,subject_59_accuracy,subject_59_auc,subject_59_false_negatives,subject_59_false_positives,subject_59_loss,subject_59_pr,subject_59_precision,subject_59_recall,subject_59_true_negatives,subject_59_true_positives,subject_64_accuracy,subject_64_auc,subject_64_false_negatives,subject_64_false_positives,subject_64_loss,subject_64_pr,subject_64_precision,subject_64_recall,subject_64_true_negatives,subject_64_true_positives,subject_80_accuracy,subject_80_auc,subject_80_false_negatives,subject_80_false_positives,subject_80_loss,subject_80_pr,subject_80_precision,subject_80_recall,subject_80_true_negatives,subject_80_true_positives,subject_92_accuracy,subject_92_auc,subject_92_false_negatives,subject_92_false_positives,subject_92_loss,subject_92_pr,subject_92_precision,subject_92_recall,subject_92_true_negatives,subject_92_true_positives,subject_96_accuracy,subject_96_auc,subject_96_false_negatives,subject_96_false_positives,subject_96_loss,subject_96_pr,subject_96_precision,subject_96_recall,subject_96_true_negatives,subject_96_true_positives,true_negatives,true_positives,val_accuracy,val_auc,val_false_negatives,val_false_positives,val_loss,val_pr,val_precision,val_recall,val_true_negatives,val_true_positives
0,0.7674999833106995,0.8334856033325195,708.0,408.0,0.929580749173959,0.8494402170181274,0.8057143092155457,0.7049999833106995,,,,,,,,,,,,,,,,,,,,,,,,,,,,,,,,,,,,,,,,,,,,,,,,,,,,,,,,,,,,,,,,,,,,,,,,,,,,,,,,,,,,,,,,,,,,,,,,,,,,,,,,,,,,,,,,,,,,,,,,,1992.0,1692.0,0.8593088984489441,0.8513326644897461,415.0,383.0,0.3864372148686213,0.5503242015838623,0.5139594078063965,0.49390244483947754,4469.0,405.0
1,0.7683333158493042,0.840081512928009,718.0,394.0,0.866346631248792,0.8570926189422607,0.8102119565010071,0.7008333206176758,,,,,,,,,,,,,,,,,,,,,,,,,,,,,,,,,,,,,,,,,,,,,,,,,,,,,,,,,,,,,,,,,,,,,,,,,,,,,,,,,,,,,,,,,,,,,,,,,,,,,,,,,,,,,,,,,,,,,,,,,2006.0,1682.0,0.866008460521698,0.8594187498092651,409.0,351.0,0.3718138792714937,0.5667374134063721,0.539370059967041,0.5012195110321045,4501.0,411.0
2,0.7718750238418579,0.8476442098617554,713.0,382.0,0.8144847052296003,0.862898051738739,0.815369725227356,0.70291668176651,,,,,,,,,,,,,,,,,,,,,,,,,,,,,,,,,,,,,,,,,,,,,,,,,,,,,,,,,,,,,,,,,,,,,,,,,,,,,,,,,,,,,,,,,,,,,,,,,,,,,,,,,,,,,,,,,,,,,,,,,2018.0,1687.0,0.8695345520973206,0.8619455695152283,407.0,333.0,0.36556940636701346,0.5781822204589844,0.5536193251609802,0.5036585330963135,4519.0,413.0
3,0.7739583253860474,0.855563223361969,710.0,375.0,0.7641242236892383,0.8676544427871704,0.8184019327163696,0.7041666507720947,,,,,,,,,,,,,,,,,,,,,,,,,,,,,,,,,,,,,,,,,,,,,,,,,,,,,,,,,,,,,,,,,,,,,,,,,,,,,,,,,,,,,,,,,,,,,,,,,,,,,,,,,,,,,,,,,,,,,,,,,2025.0,1690.0,0.8720028400421143,0.8627616763114929,398.0,328.0,0.3642126718356717,0.5879656672477722,0.562666654586792,0.5146341323852539,4524.0,422.0
4,0.7772916555404663,0.8627832531929016,688.0,381.0,0.7191482478380203,0.8720210790634155,0.8179646730422974,0.7133333086967468,,,,,,,,,,,,,,,,,,,,,,,,,,,,,,,,,,,,,,,,,,,,,,,,,,,,,,,,,,,,,,,,,,,,,,,,,,,,,,,,,,,,,,,,,,,,,,,,,,,,,,,,,,,,,,,,,,,,,,,,,2019.0,1712.0,0.8721791505813599,0.8617681860923767,385.0,340.0,0.3671199313177082,0.5917919874191284,0.5612903237342834,0.5304877758026123,4512.0,435.0
5,0.7802083492279053,0.8707374334335327,684.0,371.0,0.6903762707114219,0.8782012462615967,0.8222328424453735,0.7149999737739563,,,,,,,,,,,,,,,,,,,,,,,,,,,,,,,,,,,,,,,,,,,,,,,,,,,,,,,,,,,,,,,,,,,,,,,,,,,,,,,,,,,,,,,,,,,,,,,,,,,,,,,,,,,,,,,,,,,,,,,,,2029.0,1716.0,0.8714739084243774,0.8602513074874878,386.0,343.0,0.37034032674298106,0.5930647253990173,0.5585585832595825,0.5292682647705078,4509.0,434.0
6,0.7829166650772095,0.8754362463951111,681.0,361.0,0.6673906894524892,0.8812142610549927,0.826442301273346,0.7162500023841858,,,,,,,,,,,,,,,,,,,,,,,,,,,,,,,,,,,,,,,,,,,,,,,,,,,,,,,,,,,,,,,,,,,,,,,,,,,,,,,,,,,,,,,,,,,,,,,,,,,,,,,,,,,,,,,,,,,,,,,,,2039.0,1719.0,0.870239794254303,0.8602914810180664,380.0,356.0,0.3736323628643408,0.593303918838501,0.552763819694519,0.5365853905677795,4496.0,440.0
7,0.7847916483879089,0.8800911903381348,672.0,361.0,0.6445661101738612,0.8842287659645081,0.8271900415420532,0.7200000286102295,,,,,,,,,,,,,,,,,,,,,,,,,,,,,,,,,,,,,,,,,,,,,,,,,,,,,,,,,,,,,,,,,,,,,,,,,,,,,,,,,,,,,,,,,,,,,,,,,,,,,,,,,,,,,,,,,,,,,,,,,2039.0,1728.0,0.8686530590057373,0.858974277973175,372.0,373.0,0.37952525376464397,0.590600848197937,0.5456759929656982,0.5463414788246155,4479.0,448.0
8,0.7879166603088379,0.884316623210907,661.0,357.0,0.6252908950050672,0.8874478340148926,0.829675555229187,0.7245833277702332,,,,,,,,,,,,,,,,,,,,,,,,,,,,,,,,,,,,,,,,,,,,,,,,,,,,,,,,,,,,,,,,,,,,,,,,,,,,,,,,,,,,,,,,,,,,,,,,,,,,,,,,,,,,,,,,,,,,,,,,,2043.0,1739.0,0.8681241273880005,0.8582958579063416,374.0,374.0,0.3854354185340217,0.5899627804756165,0.5439024567604065,0.5439024567604065,4478.0,446.0
