,accuracy,auc,false_negatives,false_positives,loss,pr,precision,recall,subject_107_accuracy,subject_107_auc,subject_107_false_negatives,subject_107_false_positives,subject_107_loss,subject_107_pr,subject_107_precision,subject_107_recall,subject_107_true_negatives,subject_107_true_positives,subject_115_accuracy,subject_115_auc,subject_115_false_negatives,subject_115_false_positives,subject_115_loss,subject_115_pr,subject_115_precision,subject_115_recall,subject_115_true_negatives,subject_115_true_positives,subject_120_accuracy,subject_120_auc,subject_120_false_negatives,subject_120_false_positives,subject_120_loss,subject_120_pr,subject_120_precision,subject_120_recall,subject_120_true_negatives,subject_120_true_positives,subject_43_accuracy,subject_43_auc,subject_43_false_negatives,subject_43_false_positives,subject_43_loss,subject_43_pr,subject_43_precision,subject_43_recall,subject_43_true_negatives,subject_43_true_positives,subject_52_accuracy,subject_52_auc,subject_52_false_negatives,subject_52_false_positives,subject_52_loss,subject_52_pr,subject_52_precision,subject_52_recall,subject_52_true_negatives,subject_52_true_positives,subject_64_accuracy,subject_64_auc,subject_64_false_negatives,subject_64_false_positives,subject_64_loss,subject_64_pr,subject_64_precision,subject_64_recall,subject_64_true_negatives,subject_64_true_positives,subject_80_accuracy,subject_80_auc,subject_80_false_negatives,subject_80_false_positives,subject_80_loss,subject_80_pr,subject_80_precision,subject_80_recall,subject_80_true_negatives,subject_80_true_positives,subject_92_accuracy,subject_92_auc,subject_92_false_negatives,subject_92_false_positives,subject_92_loss,subject_92_pr,subject_92_precision,subject_92_recall,subject_92_true_negatives,subject_92_true_positives,true_negatives,true_positives,val_accuracy,val_auc,val_false_negatives,val_false_positives,val_loss,val_pr,val_precision,val_recall,val_true_negatives,val_true_positives
0,0.5996875166893005,0.661516010761261,836.0,445.0,1.5109319937229158,0.598420262336731,0.6319271922111511,0.47749999165534973,,,,,,,,,,,,,,,,,,,,,,,,,,,,,,,,,,,,,,,,,,,,,,,,,,,,,,,,,,,,,,,,,,,,,,,,,,,,,,,,,1155.0,764.0,0.7714637517929077,0.8284990191459656,748.0,1850.0,0.7922252080626759,0.5443176031112671,0.4970092475414276,0.7096273303031921,6942.0,1828.0
1,0.6265624761581421,0.6859095692634583,774.0,421.0,1.4590232276916504,0.6199228167533875,0.6623897552490234,0.5162500143051147,,,,,,,,,,,,,,,,,,,,,,,,,,,,,,,,,,,,,,,,,,,,,,,,,,,,,,,,,,,,,,,,,,,,,,,,,,,,,,,,,1179.0,826.0,0.7712877988815308,0.8281499147415161,773.0,1827.0,0.7909474769459066,0.5587843656539917,0.4966942071914673,0.6999223828315735,6965.0,1803.0
2,0.6393749713897705,0.704735517501831,750.0,404.0,1.4341610229015351,0.6361985802650452,0.6778309345245361,0.53125,,,,,,,,,,,,,,,,,,,,,,,,,,,,,,,,,,,,,,,,,,,,,,,,,,,,,,,,,,,,,,,,,,,,,,,,,,,,,,,,,1196.0,850.0,0.7708479762077332,0.8258077502250671,812.0,1793.0,0.8053297427529437,0.5644422769546509,0.4959235191345215,0.6847826242446899,6999.0,1764.0
3,0.6528124809265137,0.7185093760490417,733.0,378.0,1.4220125752687454,0.6468409895896912,0.6963855624198914,0.5418750047683716,,,,,,,,,,,,,,,,,,,,,,,,,,,,,,,,,,,,,,,,,,,,,,,,,,,,,,,,,,,,,,,,,,,,,,,,,,,,,,,,,1222.0,867.0,0.7715517282485962,0.8214582204818726,848.0,1749.0,0.8097158449372299,0.5697724223136902,0.4969801604747772,0.6708074808120728,7043.0,1728.0
4,0.6684374809265137,0.7300550937652588,696.0,365.0,1.4030393934249878,0.6559716463088989,0.7123719453811646,0.5649999976158142,,,,,,,,,,,,,,,,,,,,,,,,,,,,,,,,,,,,,,,,,,,,,,,,,,,,,,,,,,,,,,,,,,,,,,,,,,,,,,,,,1235.0,904.0,0.770672082901001,0.8185088038444519,869.0,1738.0,0.8233763725299553,0.5700005292892456,0.49550071358680725,0.6626552939414978,7054.0,1707.0
5,0.6815624833106995,0.740959644317627,673.0,346.0,1.3836313131451607,0.6643185615539551,0.7282010912895203,0.5793750286102295,,,,,,,,,,,,,,,,,,,,,,,,,,,,,,,,,,,,,,,,,,,,,,,,,,,,,,,,,,,,,,,,,,,,,,,,,,,,,,,,,1254.0,927.0,0.7702322602272034,0.814474880695343,873.0,1739.0,0.8379118512165035,0.5682078003883362,0.49477049708366394,0.6611024737358093,7053.0,1703.0
6,0.6909375190734863,0.749538242816925,661.0,328.0,1.3677560099959374,0.6726689338684082,0.7411207556724548,0.5868750214576721,,,,,,,,,,,,,,,,,,,,,,,,,,,,,,,,,,,,,,,,,,,,,,,,,,,,,,,,,,,,,,,,,,,,,,,,,,,,,,,,,1272.0,939.0,0.7694405317306519,0.8119279146194458,886.0,1735.0,0.8486291115591008,0.5666390657424927,0.49343064427375793,0.6560559272766113,7057.0,1690.0
