,accuracy,auc,false_negatives,false_positives,loss,pr,precision,recall,subject_107_accuracy,subject_107_auc,subject_107_false_negatives,subject_107_false_positives,subject_107_loss,subject_107_pr,subject_107_precision,subject_107_recall,subject_107_true_negatives,subject_107_true_positives,subject_109_accuracy,subject_109_auc,subject_109_false_negatives,subject_109_false_positives,subject_109_loss,subject_109_pr,subject_109_precision,subject_109_recall,subject_109_true_negatives,subject_109_true_positives,subject_115_accuracy,subject_115_auc,subject_115_false_negatives,subject_115_false_positives,subject_115_loss,subject_115_pr,subject_115_precision,subject_115_recall,subject_115_true_negatives,subject_115_true_positives,subject_120_accuracy,subject_120_auc,subject_120_false_negatives,subject_120_false_positives,subject_120_loss,subject_120_pr,subject_120_precision,subject_120_recall,subject_120_true_negatives,subject_120_true_positives,subject_43_accuracy,subject_43_auc,subject_43_false_negatives,subject_43_false_positives,subject_43_loss,subject_43_pr,subject_43_precision,subject_43_recall,subject_43_true_negatives,subject_43_true_positives,subject_48_accuracy,subject_48_auc,subject_48_false_negatives,subject_48_false_positives,subject_48_loss,subject_48_pr,subject_48_precision,subject_48_recall,subject_48_true_negatives,subject_48_true_positives,subject_52_accuracy,subject_52_auc,subject_52_false_negatives,subject_52_false_positives,subject_52_loss,subject_52_pr,subject_52_precision,subject_52_recall,subject_52_true_negatives,subject_52_true_positives,subject_59_accuracy,subject_59_auc,subject_59_false_negatives,subject_59_false_positives,subject_59_loss,subject_59_pr,subject_59_precision,subject_59_recall,subject_59_true_negatives,subject_59_true_positives,subject_64_accuracy,subject_64_auc,subject_64_false_negatives,subject_64_false_positives,subject_64_loss,subject_64_pr,subject_64_precision,subject_64_recall,subject_64_true_negatives,subject_64_true_positives,subject_80_accuracy,subject_80_auc,subject_80_false_negatives,subject_80_false_positives,subject_80_loss,subject_80_pr,subject_80_precision,subject_80_recall,subject_80_true_negatives,subject_80_true_positives,subject_92_accuracy,subject_92_auc,subject_92_false_negatives,subject_92_false_positives,subject_92_loss,subject_92_pr,subject_92_precision,subject_92_recall,subject_92_true_negatives,subject_92_true_positives,true_negatives,true_positives,val_accuracy,val_auc,val_false_negatives,val_false_positives,val_loss,val_pr,val_precision,val_recall,val_true_negatives,val_true_positives
0,0.7020454406738281,0.8038724660873413,856.0,455.0,0.8341889275204052,0.7798506021499634,0.7470816969871521,0.610909104347229,,,,,,,,,,,,,,,,,,,,,,,,,,,,,,,,,,,,,,,,,,,,,,,,,,,,,,,,,,,,,,,,,,,,,,,,,,,,,,,,,,,,,,,,,,,,,,,,,,,,,,,,,,,,,,,1745.0,1344.0,0.8328618407249451,0.7835375666618347,414.0,1004.0,0.4643556264618597,0.32889631390571594,0.2714078426361084,0.4746192991733551,6692.0,374.0
1,0.7138636112213135,0.816164493560791,784.0,475.0,0.7746385012973439,0.7992235422134399,0.7488101720809937,0.6436363458633423,,,,,,,,,,,,,,,,,,,,,,,,,,,,,,,,,,,,,,,,,,,,,,,,,,,,,,,,,,,,,,,,,,,,,,,,,,,,,,,,,,,,,,,,,,,,,,,,,,,,,,,,,,,,,,,1725.0,1416.0,0.8242574334144592,0.7748774886131287,425.0,1066.0,0.4769915442027675,0.3225887417793274,0.25402379035949707,0.4606598913669586,6630.0,363.0
2,0.7240909337997437,0.8284559845924377,717.0,497.0,0.7175790457292036,0.8148558139801025,0.7489898800849915,0.6740909218788147,,,,,,,,,,,,,,,,,,,,,,,,,,,,,,,,,,,,,,,,,,,,,,,,,,,,,,,,,,,,,,,,,,,,,,,,,,,,,,,,,,,,,,,,,,,,,,,,,,,,,,,,,,,,,,,1703.0,1483.0,0.8142385482788086,0.7626917362213135,436.0,1140.0,0.5017197744842691,0.30637991428375244,0.23592492938041687,0.4467005133628845,6556.0,352.0
3,0.730681836605072,0.8382180333137512,693.0,492.0,0.683617940382524,0.8257085084915161,0.7538769245147705,0.6850000023841858,,,,,,,,,,,,,,,,,,,,,,,,,,,,,,,,,,,,,,,,,,,,,,,,,,,,,,,,,,,,,,,,,,,,,,,,,,,,,,,,,,,,,,,,,,,,,,,,,,,,,,,,,,,,,,,1708.0,1507.0,0.8097595572471619,0.7551833987236023,445.0,1169.0,0.5133223691608323,0.29938679933547974,0.22685185074806213,0.4352791905403137,6527.0,343.0
4,0.7361363768577576,0.8458172082901001,681.0,480.0,0.6615589945966547,0.8354320526123047,0.7598799467086792,0.6904545426368713,,,,,,,,,,,,,,,,,,,,,,,,,,,,,,,,,,,,,,,,,,,,,,,,,,,,,,,,,,,,,,,,,,,,,,,,,,,,,,,,,,,,,,,,,,,,,,,,,,,,,,,,,,,,,,,1720.0,1519.0,0.8104667663574219,0.7498102188110352,451.0,1157.0,0.5179318210434121,0.29288744926452637,0.22556893527507782,0.42766496539115906,6539.0,337.0
5,0.7390909194946289,0.8526687026023865,670.0,478.0,0.6423026510802182,0.8429410457611084,0.7619521617889404,0.6954545378684998,,,,,,,,,,,,,,,,,,,,,,,,,,,,,,,,,,,,,,,,,,,,,,,,,,,,,,,,,,,,,,,,,,,,,,,,,,,,,,,,,,,,,,,,,,,,,,,,,,,,,,,,,,,,,,,1722.0,1530.0,0.8081094026565552,0.7431929707527161,461.0,1167.0,0.5241376691493911,0.2887299060821533,0.21887549757957458,0.4149746298789978,6529.0,327.0
