,accuracy,auc,false_negatives,false_positives,loss,pr,precision,recall,subject_107_accuracy,subject_107_auc,subject_107_false_negatives,subject_107_false_positives,subject_107_loss,subject_107_pr,subject_107_precision,subject_107_recall,subject_107_true_negatives,subject_107_true_positives,subject_109_accuracy,subject_109_auc,subject_109_false_negatives,subject_109_false_positives,subject_109_loss,subject_109_pr,subject_109_precision,subject_109_recall,subject_109_true_negatives,subject_109_true_positives,subject_115_accuracy,subject_115_auc,subject_115_false_negatives,subject_115_false_positives,subject_115_loss,subject_115_pr,subject_115_precision,subject_115_recall,subject_115_true_negatives,subject_115_true_positives,subject_120_accuracy,subject_120_auc,subject_120_false_negatives,subject_120_false_positives,subject_120_loss,subject_120_pr,subject_120_precision,subject_120_recall,subject_120_true_negatives,subject_120_true_positives,subject_43_accuracy,subject_43_auc,subject_43_false_negatives,subject_43_false_positives,subject_43_loss,subject_43_pr,subject_43_precision,subject_43_recall,subject_43_true_negatives,subject_43_true_positives,subject_48_accuracy,subject_48_auc,subject_48_false_negatives,subject_48_false_positives,subject_48_loss,subject_48_pr,subject_48_precision,subject_48_recall,subject_48_true_negatives,subject_48_true_positives,subject_52_accuracy,subject_52_auc,subject_52_false_negatives,subject_52_false_positives,subject_52_loss,subject_52_pr,subject_52_precision,subject_52_recall,subject_52_true_negatives,subject_52_true_positives,subject_59_accuracy,subject_59_auc,subject_59_false_negatives,subject_59_false_positives,subject_59_loss,subject_59_pr,subject_59_precision,subject_59_recall,subject_59_true_negatives,subject_59_true_positives,subject_64_accuracy,subject_64_auc,subject_64_false_negatives,subject_64_false_positives,subject_64_loss,subject_64_pr,subject_64_precision,subject_64_recall,subject_64_true_negatives,subject_64_true_positives,subject_80_accuracy,subject_80_auc,subject_80_false_negatives,subject_80_false_positives,subject_80_loss,subject_80_pr,subject_80_precision,subject_80_recall,subject_80_true_negatives,subject_80_true_positives,subject_92_accuracy,subject_92_auc,subject_92_false_negatives,subject_92_false_positives,subject_92_loss,subject_92_pr,subject_92_precision,subject_92_recall,subject_92_true_negatives,subject_92_true_positives,subject_96_accuracy,subject_96_auc,subject_96_false_negatives,subject_96_false_positives,subject_96_loss,subject_96_pr,subject_96_precision,subject_96_recall,subject_96_true_negatives,subject_96_true_positives,true_negatives,true_positives,val_accuracy,val_auc,val_false_negatives,val_false_positives,val_loss,val_pr,val_precision,val_recall,val_true_negatives,val_true_positives
0,0.7329166531562805,0.7967950105667114,830.0,452.0,1.04183389266332,0.8099175095558167,0.7764589786529541,0.6541666388511658,,,,,,,,,,,,,,,,,,,,,,,,,,,,,,,,,,,,,,,,,,,,,,,,,,,,,,,,,,,,,,,,,,,,,,,,,,,,,,,,,,,,,,,,,,,,,,,,,,,,,,,,,,,,,,,,,,,,,,,,,1948.0,1570.0,0.835684061050415,0.8466533422470093,399.0,533.0,0.40649396616161626,0.4794469475746155,0.44129979610443115,0.5134146213531494,4319.0,421.0
1,0.737708330154419,0.8068447709083557,830.0,429.0,0.9728114765882492,0.8236143589019775,0.785392701625824,0.6541666388511658,,,,,,,,,,,,,,,,,,,,,,,,,,,,,,,,,,,,,,,,,,,,,,,,,,,,,,,,,,,,,,,,,,,,,,,,,,,,,,,,,,,,,,,,,,,,,,,,,,,,,,,,,,,,,,,,,,,,,,,,,1971.0,1570.0,0.8402679562568665,0.8567048907279968,378.0,528.0,0.38973835263564155,0.5092695951461792,0.4556700885295868,0.5390244126319885,4324.0,442.0
2,0.7393749952316284,0.8136314749717712,830.0,421.0,0.9394786380728086,0.8308545351028442,0.788548469543457,0.6541666388511658,,,,,,,,,,,,,,,,,,,,,,,,,,,,,,,,,,,,,,,,,,,,,,,,,,,,,,,,,,,,,,,,,,,,,,,,,,,,,,,,,,,,,,,,,,,,,,,,,,,,,,,,,,,,,,,,,,,,,,,,,1979.0,1570.0,0.8439703583717346,0.8624200820922852,357.0,528.0,0.3818898931072108,0.5308971405029297,0.46720483899116516,0.5646341443061829,4324.0,463.0
3,0.7435416579246521,0.8215837478637695,810.0,421.0,0.8876181268692016,0.8377641439437866,0.7906514406204224,0.6625000238418579,,,,,,,,,,,,,,,,,,,,,,,,,,,,,,,,,,,,,,,,,,,,,,,,,,,,,,,,,,,,,,,,,,,,,,,,,,,,,,,,,,,,,,,,,,,,,,,,,,,,,,,,,,,,,,,,,,,,,,,,,1979.0,1590.0,0.843794047832489,0.8678504824638367,325.0,561.0,0.38481346938669764,0.5475882291793823,0.46875,0.6036585569381714,4291.0,495.0
4,0.7458333373069763,0.8268425464630127,805.0,415.0,0.8607540198167165,0.8416894674301147,0.7935323119163513,0.6645833253860474,,,,,,,,,,,,,,,,,,,,,,,,,,,,,,,,,,,,,,,,,,,,,,,,,,,,,,,,,,,,,,,,,,,,,,,,,,,,,,,,,,,,,,,,,,,,,,,,,,,,,,,,,,,,,,,,,,,,,,,,,1985.0,1595.0,0.842383623123169,0.8703063130378723,306.0,588.0,0.3882414969722038,0.5588726997375488,0.4664246737957001,0.6268292665481567,4264.0,514.0
5,0.7495833039283752,0.8331059813499451,788.0,414.0,0.834072381456693,0.845783531665802,0.7956564426422119,0.67166668176651,,,,,,,,,,,,,,,,,,,,,,,,,,,,,,,,,,,,,,,,,,,,,,,,,,,,,,,,,,,,,,,,,,,,,,,,,,,,,,,,,,,,,,,,,,,,,,,,,,,,,,,,,,,,,,,,,,,,,,,,,1986.0,1612.0,0.8404442667961121,0.8723081350326538,296.0,609.0,0.3919413260096219,0.5704829096794128,0.46248897910118103,0.6390243768692017,4243.0,524.0
6,0.7535416483879089,0.8377196788787842,775.0,408.0,0.8135620681444804,0.8490996956825256,0.7993113398551941,0.6770833134651184,,,,,,,,,,,,,,,,,,,,,,,,,,,,,,,,,,,,,,,,,,,,,,,,,,,,,,,,,,,,,,,,,,,,,,,,,,,,,,,,,,,,,,,,,,,,,,,,,,,,,,,,,,,,,,,,,,,,,,,,,1992.0,1625.0,0.8409731984138489,0.8738001585006714,288.0,614.0,0.3947929642642671,0.578254222869873,0.46422338485717773,0.6487804651260376,4238.0,532.0
7,0.7552083134651184,0.8434305787086487,774.0,401.0,0.7926243362824122,0.8538753390312195,0.8021706938743591,0.6775000095367432,,,,,,,,,,,,,,,,,,,,,,,,,,,,,,,,,,,,,,,,,,,,,,,,,,,,,,,,,,,,,,,,,,,,,,,,,,,,,,,,,,,,,,,,,,,,,,,,,,,,,,,,,,,,,,,,,,,,,,,,,1999.0,1626.0,0.8418547511100769,0.8757337927818298,285.0,612.0,0.39501212417490894,0.585932195186615,0.46643418073654175,0.6524389982223511,4240.0,535.0
