,accuracy,auc,false_negatives,false_positives,loss,pr,precision,recall,subject_107_accuracy,subject_107_auc,subject_107_false_negatives,subject_107_false_positives,subject_107_loss,subject_107_pr,subject_107_precision,subject_107_recall,subject_107_true_negatives,subject_107_true_positives,subject_109_accuracy,subject_109_auc,subject_109_false_negatives,subject_109_false_positives,subject_109_loss,subject_109_pr,subject_109_precision,subject_109_recall,subject_109_true_negatives,subject_109_true_positives,subject_115_accuracy,subject_115_auc,subject_115_false_negatives,subject_115_false_positives,subject_115_loss,subject_115_pr,subject_115_precision,subject_115_recall,subject_115_true_negatives,subject_115_true_positives,subject_120_accuracy,subject_120_auc,subject_120_false_negatives,subject_120_false_positives,subject_120_loss,subject_120_pr,subject_120_precision,subject_120_recall,subject_120_true_negatives,subject_120_true_positives,subject_43_accuracy,subject_43_auc,subject_43_false_negatives,subject_43_false_positives,subject_43_loss,subject_43_pr,subject_43_precision,subject_43_recall,subject_43_true_negatives,subject_43_true_positives,subject_48_accuracy,subject_48_auc,subject_48_false_negatives,subject_48_false_positives,subject_48_loss,subject_48_pr,subject_48_precision,subject_48_recall,subject_48_true_negatives,subject_48_true_positives,subject_52_accuracy,subject_52_auc,subject_52_false_negatives,subject_52_false_positives,subject_52_loss,subject_52_pr,subject_52_precision,subject_52_recall,subject_52_true_negatives,subject_52_true_positives,subject_59_accuracy,subject_59_auc,subject_59_false_negatives,subject_59_false_positives,subject_59_loss,subject_59_pr,subject_59_precision,subject_59_recall,subject_59_true_negatives,subject_59_true_positives,subject_64_accuracy,subject_64_auc,subject_64_false_negatives,subject_64_false_positives,subject_64_loss,subject_64_pr,subject_64_precision,subject_64_recall,subject_64_true_negatives,subject_64_true_positives,subject_80_accuracy,subject_80_auc,subject_80_false_negatives,subject_80_false_positives,subject_80_loss,subject_80_pr,subject_80_precision,subject_80_recall,subject_80_true_negatives,subject_80_true_positives,subject_92_accuracy,subject_92_auc,subject_92_false_negatives,subject_92_false_positives,subject_92_loss,subject_92_pr,subject_92_precision,subject_92_recall,subject_92_true_negatives,subject_92_true_positives,true_negatives,true_positives,val_accuracy,val_auc,val_false_negatives,val_false_positives,val_loss,val_pr,val_precision,val_recall,val_true_negatives,val_true_positives
0,0.607272744178772,0.7244441509246826,1271.0,457.0,1.234341615113345,0.6505991816520691,0.6702741980552673,0.4222727417945862,,,,,,,,,,,,,,,,,,,,,,,,,,,,,,,,,,,,,,,,,,,,,,,,,,,,,,,,,,,,,,,,,,,,,,,,,,,,,,,,,,,,,,,,,,,,,,,,,,,,,,,,,,,,,,,1743.0,929.0,0.7968569397926331,0.8068956732749939,896.0,1211.0,0.705435380644197,0.33020251989364624,0.3728637993335724,0.4455445408821106,7545.0,720.0
1,0.640681803226471,0.7501711249351501,1164.0,417.0,1.1123980264230209,0.6804410219192505,0.7130075693130493,0.47090908885002136,,,,,,,,,,,,,,,,,,,,,,,,,,,,,,,,,,,,,,,,,,,,,,,,,,,,,,,,,,,,,,,,,,,,,,,,,,,,,,,,,,,,,,,,,,,,,,,,,,,,,,,,,,,,,,,1783.0,1036.0,0.7931932210922241,0.803890585899353,937.0,1208.0,0.6717073642697244,0.3425458073616028,0.35983040928840637,0.4201732575893402,7548.0,679.0
2,0.668181836605072,0.7712976336479187,1058.0,402.0,1.0084076775204052,0.7042444944381714,0.7396373152732849,0.5190908908843994,,,,,,,,,,,,,,,,,,,,,,,,,,,,,,,,,,,,,,,,,,,,,,,,,,,,,,,,,,,,,,,,,,,,,,,,,,,,,,,,,,,,,,,,,,,,,,,,,,,,,,,,,,,,,,,1798.0,1142.0,0.7903972268104553,0.8047942519187927,921.0,1253.0,0.6641753108125371,0.35425063967704773,0.3567761778831482,0.4300742447376251,7503.0,695.0
3,0.6863636374473572,0.7878151535987854,987.0,393.0,0.934425955252214,0.7237730026245117,0.7552926540374756,0.5513636469841003,,,,,,,,,,,,,,,,,,,,,,,,,,,,,,,,,,,,,,,,,,,,,,,,,,,,,,,,,,,,,,,,,,,,,,,,,,,,,,,,,,,,,,,,,,,,,,,,,,,,,,,,,,,,,,,1807.0,1213.0,0.7877940535545349,0.8027818202972412,916.0,1285.0,0.6685779881992259,0.35890647768974304,0.35264483094215393,0.43316832184791565,7471.0,700.0
4,0.7047727108001709,0.802723228931427,913.0,386.0,0.8720231411673806,0.7419434785842896,0.7692767381668091,0.5849999785423279,,,,,,,,,,,,,,,,,,,,,,,,,,,,,,,,,,,,,,,,,,,,,,,,,,,,,,,,,,,,,,,,,,,,,,,,,,,,,,,,,,,,,,,,,,,,,,,,,,,,,,,,,,,,,,,1814.0,1287.0,0.7858657836914062,0.8032912611961365,906.0,1315.0,0.6730462473375752,0.3646794557571411,0.35061728954315186,0.4393564462661743,7441.0,710.0
5,0.7193182110786438,0.8151610493659973,857.0,378.0,0.8229145993969658,0.7577124238014221,0.7803602814674377,0.6104545593261719,,,,,,,,,,,,,,,,,,,,,,,,,,,,,,,,,,,,,,,,,,,,,,,,,,,,,,,,,,,,,,,,,,,,,,,,,,,,,,,,,,,,,,,,,,,,,,,,,,,,,,,,,,,,,,,1822.0,1343.0,0.7837446928024292,0.8031789064407349,902.0,1341.0,0.6780661549570015,0.3677429258823395,0.3474452495574951,0.44183167815208435,7415.0,714.0
6,0.734318196773529,0.8252532482147217,804.0,365.0,0.7870788737860593,0.7731568217277527,0.7927314043045044,0.6345454454421997,,,,,,,,,,,,,,,,,,,,,,,,,,,,,,,,,,,,,,,,,,,,,,,,,,,,,,,,,,,,,,,,,,,,,,,,,,,,,,,,,,,,,,,,,,,,,,,,,,,,,,,,,,,,,,,1835.0,1396.0,0.7824913263320923,0.8019654154777527,901.0,1355.0,0.6821802778221951,0.3709695339202881,0.34541061520576477,0.44245049357414246,7401.0,715.0
7,0.7443181872367859,0.8343309760093689,759.0,366.0,0.7487595802003687,0.7864681482315063,0.7974543571472168,0.6549999713897705,,,,,,,,,,,,,,,,,,,,,,,,,,,,,,,,,,,,,,,,,,,,,,,,,,,,,,,,,,,,,,,,,,,,,,,,,,,,,,,,,,,,,,,,,,,,,,,,,,,,,,,,,,,,,,,1834.0,1441.0,0.7818164229393005,0.8016937375068665,884.0,1379.0,0.6892132701167626,0.37450218200683594,0.34675508737564087,0.4529702961444855,7377.0,732.0
