,accuracy,auc,false_negatives,false_positives,loss,pr,precision,recall,subject_107_accuracy,subject_107_auc,subject_107_false_negatives,subject_107_false_positives,subject_107_loss,subject_107_pr,subject_107_precision,subject_107_recall,subject_107_true_negatives,subject_107_true_positives,subject_115_accuracy,subject_115_auc,subject_115_false_negatives,subject_115_false_positives,subject_115_loss,subject_115_pr,subject_115_precision,subject_115_recall,subject_115_true_negatives,subject_115_true_positives,subject_120_accuracy,subject_120_auc,subject_120_false_negatives,subject_120_false_positives,subject_120_loss,subject_120_pr,subject_120_precision,subject_120_recall,subject_120_true_negatives,subject_120_true_positives,subject_43_accuracy,subject_43_auc,subject_43_false_negatives,subject_43_false_positives,subject_43_loss,subject_43_pr,subject_43_precision,subject_43_recall,subject_43_true_negatives,subject_43_true_positives,subject_52_accuracy,subject_52_auc,subject_52_false_negatives,subject_52_false_positives,subject_52_loss,subject_52_pr,subject_52_precision,subject_52_recall,subject_52_true_negatives,subject_52_true_positives,subject_64_accuracy,subject_64_auc,subject_64_false_negatives,subject_64_false_positives,subject_64_loss,subject_64_pr,subject_64_precision,subject_64_recall,subject_64_true_negatives,subject_64_true_positives,subject_80_accuracy,subject_80_auc,subject_80_false_negatives,subject_80_false_positives,subject_80_loss,subject_80_pr,subject_80_precision,subject_80_recall,subject_80_true_negatives,subject_80_true_positives,subject_92_accuracy,subject_92_auc,subject_92_false_negatives,subject_92_false_positives,subject_92_loss,subject_92_pr,subject_92_precision,subject_92_recall,subject_92_true_negatives,subject_92_true_positives,true_negatives,true_positives,val_accuracy,val_auc,val_false_negatives,val_false_positives,val_loss,val_pr,val_precision,val_recall,val_true_negatives,val_true_positives
0,0.5921875238418579,0.6739999651908875,983.0,322.0,1.593151091337204,0.6121222972869873,0.6570820212364197,0.3856250047683716,,,,,,,,,,,,,,,,,,,,,,,,,,,,,,,,,,,,,,,,,,,,,,,,,,,,,,,,,,,,,,,,,,,,,,,,,,,,,,,,,1278.0,617.0,0.7920478582382202,0.8345303535461426,975.0,1389.0,0.6173725678080156,0.6036011576652527,0.5354515314102173,0.6215062141418457,7403.0,1601.0
1,0.6018750071525574,0.7044654488563538,966.0,308.0,1.5077032828330994,0.6387782692909241,0.6730360984802246,0.39625000953674316,,,,,,,,,,,,,,,,,,,,,,,,,,,,,,,,,,,,,,,,,,,,,,,,,,,,,,,,,,,,,,,,,,,,,,,,,,,,,,,,,1292.0,634.0,0.7908163070678711,0.834141194820404,1010.0,1368.0,0.6208398600307508,0.6114808917045593,0.5337423086166382,0.6079192757606506,7424.0,1566.0
2,0.6090624928474426,0.7255829572677612,959.0,292.0,1.4123365837335586,0.6591349244117737,0.687031090259552,0.40062499046325684,,,,,,,,,,,,,,,,,,,,,,,,,,,,,,,,,,,,,,,,,,,,,,,,,,,,,,,,,,,,,,,,,,,,,,,,,,,,,,,,,1308.0,641.0,0.7887051105499268,0.8320346474647522,1019.0,1383.0,0.6338328046961454,0.6134053468704224,0.5295918583869934,0.6044254899024963,7409.0,1557.0
3,0.6243749856948853,0.7433710098266602,926.0,276.0,1.3478441530466079,0.6734746098518372,0.7094736695289612,0.42124998569488525,,,,,,,,,,,,,,,,,,,,,,,,,,,,,,,,,,,,,,,,,,,,,,,,,,,,,,,,,,,,,,,,,,,,,,,,,,,,,,,,,1324.0,674.0,0.7865059971809387,0.8289561867713928,1017.0,1410.0,0.6520823422533621,0.6117358207702637,0.525092601776123,0.6052018404006958,7382.0,1559.0
4,0.6484375,0.7585631608963013,854.0,271.0,1.2820892539620399,0.6848642230033875,0.7335299849510193,0.4662500023841858,,,,,,,,,,,,,,,,,,,,,,,,,,,,,,,,,,,,,,,,,,,,,,,,,,,,,,,,,,,,,,,,,,,,,,,,,,,,,,,,,1329.0,746.0,0.7830752730369568,0.8247288465499878,1009.0,1457.0,0.6742459653046331,0.607799232006073,0.5181878209114075,0.6083074808120728,7335.0,1567.0
5,0.6615625023841858,0.7703486084938049,817.0,266.0,1.238801481127739,0.6929327249526978,0.7464251518249512,0.4893749952316284,,,,,,,,,,,,,,,,,,,,,,,,,,,,,,,,,,,,,,,,,,,,,,,,,,,,,,,,,,,,,,,,,,,,,,,,,,,,,,,,,1334.0,783.0,0.7818437814712524,0.8211182355880737,1007.0,1473.0,0.6890664406849581,0.6034525036811829,0.5157790780067444,0.6090838313102722,7319.0,1569.0
