,accuracy,auc,false_negatives,false_positives,loss,pr,precision,recall,subject_107_accuracy,subject_107_auc,subject_107_false_negatives,subject_107_false_positives,subject_107_loss,subject_107_pr,subject_107_precision,subject_107_recall,subject_107_true_negatives,subject_107_true_positives,subject_109_accuracy,subject_109_auc,subject_109_false_negatives,subject_109_false_positives,subject_109_loss,subject_109_pr,subject_109_precision,subject_109_recall,subject_109_true_negatives,subject_109_true_positives,subject_115_accuracy,subject_115_auc,subject_115_false_negatives,subject_115_false_positives,subject_115_loss,subject_115_pr,subject_115_precision,subject_115_recall,subject_115_true_negatives,subject_115_true_positives,subject_120_accuracy,subject_120_auc,subject_120_false_negatives,subject_120_false_positives,subject_120_loss,subject_120_pr,subject_120_precision,subject_120_recall,subject_120_true_negatives,subject_120_true_positives,subject_43_accuracy,subject_43_auc,subject_43_false_negatives,subject_43_false_positives,subject_43_loss,subject_43_pr,subject_43_precision,subject_43_recall,subject_43_true_negatives,subject_43_true_positives,subject_48_accuracy,subject_48_auc,subject_48_false_negatives,subject_48_false_positives,subject_48_loss,subject_48_pr,subject_48_precision,subject_48_recall,subject_48_true_negatives,subject_48_true_positives,subject_52_accuracy,subject_52_auc,subject_52_false_negatives,subject_52_false_positives,subject_52_loss,subject_52_pr,subject_52_precision,subject_52_recall,subject_52_true_negatives,subject_52_true_positives,subject_59_accuracy,subject_59_auc,subject_59_false_negatives,subject_59_false_positives,subject_59_loss,subject_59_pr,subject_59_precision,subject_59_recall,subject_59_true_negatives,subject_59_true_positives,subject_64_accuracy,subject_64_auc,subject_64_false_negatives,subject_64_false_positives,subject_64_loss,subject_64_pr,subject_64_precision,subject_64_recall,subject_64_true_negatives,subject_64_true_positives,subject_80_accuracy,subject_80_auc,subject_80_false_negatives,subject_80_false_positives,subject_80_loss,subject_80_pr,subject_80_precision,subject_80_recall,subject_80_true_negatives,subject_80_true_positives,subject_92_accuracy,subject_92_auc,subject_92_false_negatives,subject_92_false_positives,subject_92_loss,subject_92_pr,subject_92_precision,subject_92_recall,subject_92_true_negatives,subject_92_true_positives,subject_96_accuracy,subject_96_auc,subject_96_false_negatives,subject_96_false_positives,subject_96_loss,subject_96_pr,subject_96_precision,subject_96_recall,subject_96_true_negatives,subject_96_true_positives,true_negatives,true_positives,val_accuracy,val_auc,val_false_negatives,val_false_positives,val_loss,val_pr,val_precision,val_recall,val_true_negatives,val_true_positives
0,0.7439583539962769,0.8271182775497437,807.0,422.0,0.8326312916477522,0.8333709836006165,0.7905707359313965,0.6637499928474426,,,,,,,,,,,,,,,,,,,,,,,,,,,,,,,,,,,,,,,,,,,,,,,,,,,,,,,,,,,,,,,,,,,,,,,,,,,,,,,,,,,,,,,,,,,,,,,,,,,,,,,,,,,,,,,,,,,,,,,,,1978.0,1593.0,0.9115628004074097,0.0,0.0,335.0,0.19207812014105705,0.0,0.0,0.0,3453.0,0.0
1,0.7464583516120911,0.8351261615753174,821.0,396.0,0.8076194942990939,0.840959906578064,0.799493670463562,0.6579166650772095,,,,,,,,,,,,,,,,,,,,,,,,,,,,,,,,,,,,,,,,,,,,,,,,,,,,,,,,,,,,,,,,,,,,,,,,,,,,,,,,,,,,,,,,,,,,,,,,,,,,,,,,,,,,,,,,,,,,,,,,,2004.0,1579.0,0.9192185997962952,0.0,0.0,306.0,0.18090238985079396,0.0,0.0,0.0,3482.0,0.0
2,0.7495833039283752,0.8390544056892395,830.0,372.0,0.7975444203118484,0.8453112244606018,0.8084449172019958,0.6541666388511658,,,,,,,,,,,,,,,,,,,,,,,,,,,,,,,,,,,,,,,,,,,,,,,,,,,,,,,,,,,,,,,,,,,,,,,,,,,,,,,,,,,,,,,,,,,,,,,,,,,,,,,,,,,,,,,,,,,,,,,,,2028.0,1570.0,0.9247624278068542,0.0,0.0,285.0,0.17077547624321712,0.0,0.0,0.0,3503.0,0.0
3,0.7495833039283752,0.8410248160362244,853.0,349.0,0.8003506242235502,0.8484246730804443,0.8159282803535461,0.6445833444595337,,,,,,,,,,,,,,,,,,,,,,,,,,,,,,,,,,,,,,,,,,,,,,,,,,,,,,,,,,,,,,,,,,,,,,,,,,,,,,,,,,,,,,,,,,,,,,,,,,,,,,,,,,,,,,,,,,,,,,,,,2051.0,1547.0,0.9281942844390869,0.0,0.0,272.0,0.16213949847624193,0.0,0.0,0.0,3516.0,0.0
4,0.7516666650772095,0.8448550701141357,848.0,344.0,0.7866371265053749,0.8518840074539185,0.8185654282569885,0.6466666460037231,,,,,,,,,,,,,,,,,,,,,,,,,,,,,,,,,,,,,,,,,,,,,,,,,,,,,,,,,,,,,,,,,,,,,,,,,,,,,,,,,,,,,,,,,,,,,,,,,,,,,,,,,,,,,,,,,,,,,,,,,2056.0,1552.0,0.9295142292976379,0.0,0.0,267.0,0.16248459096136478,0.0,0.0,0.0,3521.0,0.0
5,0.7549999952316284,0.8479023575782776,834.0,342.0,0.7744314434130987,0.8546549677848816,0.8207547068595886,0.6524999737739563,,,,,,,,,,,,,,,,,,,,,,,,,,,,,,,,,,,,,,,,,,,,,,,,,,,,,,,,,,,,,,,,,,,,,,,,,,,,,,,,,,,,,,,,,,,,,,,,,,,,,,,,,,,,,,,,,,,,,,,,,2058.0,1566.0,0.9268743395805359,0.0,0.0,277.0,0.16770059376593124,0.0,0.0,0.0,3511.0,0.0
6,0.7572916746139526,0.851665198802948,829.0,336.0,0.7563106513023377,0.8575724363327026,0.8238070011138916,0.6545833349227905,,,,,,,,,,,,,,,,,,,,,,,,,,,,,,,,,,,,,,,,,,,,,,,,,,,,,,,,,,,,,,,,,,,,,,,,,,,,,,,,,,,,,,,,,,,,,,,,,,,,,,,,,,,,,,,,,,,,,,,,,2064.0,1571.0,0.9258183836936951,0.0,0.0,281.0,0.17018825052760408,0.0,0.0,0.0,3507.0,0.0
7,0.7597916722297668,0.8567924499511719,824.0,329.0,0.7359107484420141,0.8623981475830078,0.8272966146469116,0.6566666960716248,,,,,,,,,,,,,,,,,,,,,,,,,,,,,,,,,,,,,,,,,,,,,,,,,,,,,,,,,,,,,,,,,,,,,,,,,,,,,,,,,,,,,,,,,,,,,,,,,,,,,,,,,,,,,,,,,,,,,,,,,2071.0,1576.0,0.9234424233436584,0.0,0.0,290.0,0.17606985997585647,0.0,0.0,0.0,3498.0,0.0
8,0.7620833516120911,0.8604992628097534,816.0,326.0,0.7221754612525304,0.8658610582351685,0.8293193578720093,0.6600000262260437,,,,,,,,,,,,,,,,,,,,,,,,,,,,,,,,,,,,,,,,,,,,,,,,,,,,,,,,,,,,,,,,,,,,,,,,,,,,,,,,,,,,,,,,,,,,,,,,,,,,,,,,,,,,,,,,,,,,,,,,,2074.0,1584.0,0.9239704608917236,0.0,0.0,288.0,0.1786867731684522,0.0,0.0,0.0,3500.0,0.0
