,accuracy,auc,false_negatives,false_positives,loss,pr,precision,recall,subject_107_accuracy,subject_107_auc,subject_107_false_negatives,subject_107_false_positives,subject_107_loss,subject_107_pr,subject_107_precision,subject_107_recall,subject_107_true_negatives,subject_107_true_positives,subject_109_accuracy,subject_109_auc,subject_109_false_negatives,subject_109_false_positives,subject_109_loss,subject_109_pr,subject_109_precision,subject_109_recall,subject_109_true_negatives,subject_109_true_positives,subject_115_accuracy,subject_115_auc,subject_115_false_negatives,subject_115_false_positives,subject_115_loss,subject_115_pr,subject_115_precision,subject_115_recall,subject_115_true_negatives,subject_115_true_positives,subject_120_accuracy,subject_120_auc,subject_120_false_negatives,subject_120_false_positives,subject_120_loss,subject_120_pr,subject_120_precision,subject_120_recall,subject_120_true_negatives,subject_120_true_positives,subject_43_accuracy,subject_43_auc,subject_43_false_negatives,subject_43_false_positives,subject_43_loss,subject_43_pr,subject_43_precision,subject_43_recall,subject_43_true_negatives,subject_43_true_positives,subject_48_accuracy,subject_48_auc,subject_48_false_negatives,subject_48_false_positives,subject_48_loss,subject_48_pr,subject_48_precision,subject_48_recall,subject_48_true_negatives,subject_48_true_positives,subject_52_accuracy,subject_52_auc,subject_52_false_negatives,subject_52_false_positives,subject_52_loss,subject_52_pr,subject_52_precision,subject_52_recall,subject_52_true_negatives,subject_52_true_positives,subject_59_accuracy,subject_59_auc,subject_59_false_negatives,subject_59_false_positives,subject_59_loss,subject_59_pr,subject_59_precision,subject_59_recall,subject_59_true_negatives,subject_59_true_positives,subject_64_accuracy,subject_64_auc,subject_64_false_negatives,subject_64_false_positives,subject_64_loss,subject_64_pr,subject_64_precision,subject_64_recall,subject_64_true_negatives,subject_64_true_positives,subject_80_accuracy,subject_80_auc,subject_80_false_negatives,subject_80_false_positives,subject_80_loss,subject_80_pr,subject_80_precision,subject_80_recall,subject_80_true_negatives,subject_80_true_positives,subject_92_accuracy,subject_92_auc,subject_92_false_negatives,subject_92_false_positives,subject_92_loss,subject_92_pr,subject_92_precision,subject_92_recall,subject_92_true_negatives,subject_92_true_positives,true_negatives,true_positives,val_accuracy,val_auc,val_false_negatives,val_false_positives,val_loss,val_pr,val_precision,val_recall,val_true_negatives,val_true_positives
0,0.706818163394928,0.8281014561653137,840.0,450.0,0.7812625102563338,0.8142460584640503,0.7513812184333801,0.6181818246841431,,,,,,,,,,,,,,,,,,,,,,,,,,,,,,,,,,,,,,,,,,,,,,,,,,,,,,,,,,,,,,,,,,,,,,,,,,,,,,,,,,,,,,,,,,,,,,,,,,,,,,,,,,,,,,,1750.0,1360.0,0.7907458543777466,0.8110343217849731,1051.0,1070.0,0.6608601414319937,0.7159686088562012,0.6283431649208069,0.6325174570083618,6206.0,1809.0
1,0.7143181562423706,0.8330435156822205,809.0,448.0,0.7638152586330067,0.8190937042236328,0.756389319896698,0.6322727203369141,,,,,,,,,,,,,,,,,,,,,,,,,,,,,,,,,,,,,,,,,,,,,,,,,,,,,,,,,,,,,,,,,,,,,,,,,,,,,,,,,,,,,,,,,,,,,,,,,,,,,,,,,,,,,,,1752.0,1391.0,0.791436493396759,0.8053247332572937,1058.0,1056.0,0.6721734365047012,0.7091363072395325,0.6305108666419983,0.63006991147995,6220.0,1802.0
2,0.7222727537155151,0.8376027941703796,773.0,449.0,0.7425017631053925,0.8209506273269653,0.7606610059738159,0.6486363410949707,,,,,,,,,,,,,,,,,,,,,,,,,,,,,,,,,,,,,,,,,,,,,,,,,,,,,,,,,,,,,,,,,,,,,,,,,,,,,,,,,,,,,,,,,,,,,,,,,,,,,,,,,,,,,,,1751.0,1427.0,0.789660632610321,0.8009172677993774,1046.0,1086.0,0.6846627310424126,0.7038999795913696,0.6255172491073608,0.6342657208442688,6190.0,1814.0
3,0.7293182015419006,0.8418599367141724,743.0,448.0,0.7251853407513011,0.8233190774917603,0.7648293972015381,0.6622727513313293,,,,,,,,,,,,,,,,,,,,,,,,,,,,,,,,,,,,,,,,,,,,,,,,,,,,,,,,,,,,,,,,,,,,,,,,,,,,,,,,,,,,,,,,,,,,,,,,,,,,,,,,,,,,,,,1752.0,1457.0,0.7903512120246887,0.7978935837745667,1026.0,1099.0,0.6953969401172888,0.6993876695632935,0.6252983212471008,0.641258716583252,6177.0,1834.0
4,0.7350000143051147,0.8452467918395996,712.0,454.0,0.7087828067216007,0.8248621821403503,0.7662203907966614,0.6763636469841003,,,,,,,,,,,,,,,,,,,,,,,,,,,,,,,,,,,,,,,,,,,,,,,,,,,,,,,,,,,,,,,,,,,,,,,,,,,,,,,,,,,,,,,,,,,,,,,,,,,,,,,,,,,,,,,1746.0,1488.0,0.7866021990776062,0.7952038645744324,1024.0,1139.0,0.7051014050594351,0.693668782711029,0.6171428561210632,0.6419580578804016,6137.0,1836.0
5,0.7393181920051575,0.8481703400611877,687.0,460.0,0.697065955508839,0.8258106708526611,0.7668524980545044,0.6877272725105286,,,,,,,,,,,,,,,,,,,,,,,,,,,,,,,,,,,,,,,,,,,,,,,,,,,,,,,,,,,,,,,,,,,,,,,,,,,,,,,,,,,,,,,,,,,,,,,,,,,,,,,,,,,,,,,1740.0,1513.0,0.7855169773101807,0.7918645739555359,1018.0,1156.0,0.7154331067554952,0.6885477304458618,0.6144096255302429,0.644055962562561,6120.0,1842.0
