,accuracy,auc,false_negatives,false_positives,loss,pr,precision,recall,subject_107_accuracy,subject_107_auc,subject_107_false_negatives,subject_107_false_positives,subject_107_loss,subject_107_pr,subject_107_precision,subject_107_recall,subject_107_true_negatives,subject_107_true_positives,subject_109_accuracy,subject_109_auc,subject_109_false_negatives,subject_109_false_positives,subject_109_loss,subject_109_pr,subject_109_precision,subject_109_recall,subject_109_true_negatives,subject_109_true_positives,subject_115_accuracy,subject_115_auc,subject_115_false_negatives,subject_115_false_positives,subject_115_loss,subject_115_pr,subject_115_precision,subject_115_recall,subject_115_true_negatives,subject_115_true_positives,subject_120_accuracy,subject_120_auc,subject_120_false_negatives,subject_120_false_positives,subject_120_loss,subject_120_pr,subject_120_precision,subject_120_recall,subject_120_true_negatives,subject_120_true_positives,subject_43_accuracy,subject_43_auc,subject_43_false_negatives,subject_43_false_positives,subject_43_loss,subject_43_pr,subject_43_precision,subject_43_recall,subject_43_true_negatives,subject_43_true_positives,subject_48_accuracy,subject_48_auc,subject_48_false_negatives,subject_48_false_positives,subject_48_loss,subject_48_pr,subject_48_precision,subject_48_recall,subject_48_true_negatives,subject_48_true_positives,subject_52_accuracy,subject_52_auc,subject_52_false_negatives,subject_52_false_positives,subject_52_loss,subject_52_pr,subject_52_precision,subject_52_recall,subject_52_true_negatives,subject_52_true_positives,subject_59_accuracy,subject_59_auc,subject_59_false_negatives,subject_59_false_positives,subject_59_loss,subject_59_pr,subject_59_precision,subject_59_recall,subject_59_true_negatives,subject_59_true_positives,subject_64_accuracy,subject_64_auc,subject_64_false_negatives,subject_64_false_positives,subject_64_loss,subject_64_pr,subject_64_precision,subject_64_recall,subject_64_true_negatives,subject_64_true_positives,subject_80_accuracy,subject_80_auc,subject_80_false_negatives,subject_80_false_positives,subject_80_loss,subject_80_pr,subject_80_precision,subject_80_recall,subject_80_true_negatives,subject_80_true_positives,subject_92_accuracy,subject_92_auc,subject_92_false_negatives,subject_92_false_positives,subject_92_loss,subject_92_pr,subject_92_precision,subject_92_recall,subject_92_true_negatives,subject_92_true_positives,subject_96_accuracy,subject_96_auc,subject_96_false_negatives,subject_96_false_positives,subject_96_loss,subject_96_pr,subject_96_precision,subject_96_recall,subject_96_true_negatives,subject_96_true_positives,true_negatives,true_positives,val_accuracy,val_auc,val_false_negatives,val_false_positives,val_loss,val_pr,val_precision,val_recall,val_true_negatives,val_true_positives
0,0.7504166960716248,0.8362451195716858,746.0,452.0,0.7854685280720393,0.8352572917938232,0.7853751182556152,0.6891666650772095,,,,,,,,,,,,,,,,,,,,,,,,,,,,,,,,,,,,,,,,,,,,,,,,,,,,,,,,,,,,,,,,,,,,,,,,,,,,,,,,,,,,,,,,,,,,,,,,,,,,,,,,,,,,,,,,,,,,,,,,,1948.0,1654.0,0.7275837659835815,0.34130632877349854,1037.0,1272.0,1.4150747900135172,0.09044421464204788,0.044327571988105774,0.05383211746811867,6108.0,59.0
1,0.7541666626930237,0.8402225971221924,748.0,432.0,0.7817961749434471,0.8424776792526245,0.792706310749054,0.6883333325386047,,,,,,,,,,,,,,,,,,,,,,,,,,,,,,,,,,,,,,,,,,,,,,,,,,,,,,,,,,,,,,,,,,,,,,,,,,,,,,,,,,,,,,,,,,,,,,,,,,,,,,,,,,,,,,,,,,,,,,,,,1968.0,1652.0,0.7306512594223022,0.3527219295501709,1035.0,1248.0,1.4047749094830306,0.09194101393222809,0.04660045728087425,0.05565693601965904,6132.0,61.0
2,0.7583333253860474,0.8428226709365845,740.0,420.0,0.7786821939547857,0.847231388092041,0.7980769276618958,0.6916666626930237,,,,,,,,,,,,,,,,,,,,,,,,,,,,,,,,,,,,,,,,,,,,,,,,,,,,,,,,,,,,,,,,,,,,,,,,,,,,,,,,,,,,,,,,,,,,,,,,,,,,,,,,,,,,,,,,,,,,,,,,,1980.0,1660.0,0.7292354702949524,0.35958513617515564,1036.0,1259.0,1.4064865012729206,0.09285908937454224,0.045489005744457245,0.054744526743888855,6121.0,60.0
3,0.7618749737739563,0.8464453816413879,733.0,410.0,0.7655525612831116,0.8523313999176025,0.8025999069213867,0.6945833563804626,,,,,,,,,,,,,,,,,,,,,,,,,,,,,,,,,,,,,,,,,,,,,,,,,,,,,,,,,,,,,,,,,,,,,,,,,,,,,,,,,,,,,,,,,,,,,,,,,,,,,,,,,,,,,,,,,,,,,,,,,1990.0,1667.0,0.7291175127029419,0.3645791709423065,1036.0,1260.0,1.4076091460655071,0.09352774173021317,0.04545454680919647,0.054744526743888855,6120.0,60.0
4,0.768958330154419,0.8488876819610596,709.0,400.0,0.7589265529314677,0.8547337055206299,0.8087039589881897,0.7045833468437195,,,,,,,,,,,,,,,,,,,,,,,,,,,,,,,,,,,,,,,,,,,,,,,,,,,,,,,,,,,,,,,,,,,,,,,,,,,,,,,,,,,,,,,,,,,,,,,,,,,,,,,,,,,,,,,,,,,,,,,,,2000.0,1691.0,0.7288815379142761,0.3684011995792389,1036.0,1262.0,1.411544585126703,0.094060517847538,0.045385777950286865,0.054744526743888855,6118.0,60.0
5,0.7741666436195374,0.8508360385894775,685.0,399.0,0.7510270372033119,0.8559567928314209,0.8112582564353943,0.7145833373069763,,,,,,,,,,,,,,,,,,,,,,,,,,,,,,,,,,,,,,,,,,,,,,,,,,,,,,,,,,,,,,,,,,,,,,,,,,,,,,,,,,,,,,,,,,,,,,,,,,,,,,,,,,,,,,,,,,,,,,,,,2001.0,1715.0,0.7279376983642578,0.36925622820854187,1033.0,1273.0,1.42164290783933,0.09418095648288727,0.04715568944811821,0.05748175084590912,6107.0,63.0
6,0.7774999737739563,0.8524123430252075,672.0,396.0,0.7498305759827296,0.8589639663696289,0.8135592937469482,0.7200000286102295,,,,,,,,,,,,,,,,,,,,,,,,,,,,,,,,,,,,,,,,,,,,,,,,,,,,,,,,,,,,,,,,,,,,,,,,,,,,,,,,,,,,,,,,,,,,,,,,,,,,,,,,,,,,,,,,,,,,,,,,,2004.0,1728.0,0.7275837659835815,0.37205970287323,1034.0,1275.0,1.4302361892494968,0.09456852078437805,0.04637247696518898,0.05656934157013893,6105.0,62.0
