,accuracy,auc,false_negatives,false_positives,loss,pr,precision,recall,subject_107_accuracy,subject_107_auc,subject_107_false_negatives,subject_107_false_positives,subject_107_loss,subject_107_pr,subject_107_precision,subject_107_recall,subject_107_true_negatives,subject_107_true_positives,subject_115_accuracy,subject_115_auc,subject_115_false_negatives,subject_115_false_positives,subject_115_loss,subject_115_pr,subject_115_precision,subject_115_recall,subject_115_true_negatives,subject_115_true_positives,subject_120_accuracy,subject_120_auc,subject_120_false_negatives,subject_120_false_positives,subject_120_loss,subject_120_pr,subject_120_precision,subject_120_recall,subject_120_true_negatives,subject_120_true_positives,subject_43_accuracy,subject_43_auc,subject_43_false_negatives,subject_43_false_positives,subject_43_loss,subject_43_pr,subject_43_precision,subject_43_recall,subject_43_true_negatives,subject_43_true_positives,subject_52_accuracy,subject_52_auc,subject_52_false_negatives,subject_52_false_positives,subject_52_loss,subject_52_pr,subject_52_precision,subject_52_recall,subject_52_true_negatives,subject_52_true_positives,subject_64_accuracy,subject_64_auc,subject_64_false_negatives,subject_64_false_positives,subject_64_loss,subject_64_pr,subject_64_precision,subject_64_recall,subject_64_true_negatives,subject_64_true_positives,subject_80_accuracy,subject_80_auc,subject_80_false_negatives,subject_80_false_positives,subject_80_loss,subject_80_pr,subject_80_precision,subject_80_recall,subject_80_true_negatives,subject_80_true_positives,subject_92_accuracy,subject_92_auc,subject_92_false_negatives,subject_92_false_positives,subject_92_loss,subject_92_pr,subject_92_precision,subject_92_recall,subject_92_true_negatives,subject_92_true_positives,true_negatives,true_positives,val_accuracy,val_auc,val_false_negatives,val_false_positives,val_loss,val_pr,val_precision,val_recall,val_true_negatives,val_true_positives
0,0.8487500101327896,0.9924234375357628,217.0,267.0,0.36159914404153826,0.9876109212636948,0.8980534374713898,0.864375002682209,,,,,,,,,,,,,,,,,,,,,,,,,,,,,,,,,,,,,,,,,,,,,,,,,,,,,,,,,,,,,,,,,,,,,,,,,,,,,,,,,1333.0,1383.0,0.798205491252385,0.3811612479247148,893.0,1401.0,0.58056004943044,0.29740828625925997,0.2722304450121251,0.27980250708449483,7391.0,1683.0
1,0.9750000014901161,0.9999968707561493,4.0,76.0,0.08486037979368122,0.9999968931078911,0.9644425809383392,0.9975000023841858,,,,,,,,,,,,,,,,,,,,,,,,,,,,,,,,,,,,,,,,,,,,,,,,,,,,,,,,,,,,,,,,,,,,,,,,,,,,,,,,,1524.0,1596.0,0.7954785360743009,0.38499721947645826,1026.0,1299.0,0.5789699472345367,0.29865883406117966,0.27652171109183665,0.2598100396359495,7493.0,1550.0
2,0.9993750005960464,1.0000000149011612,0.0,2.0,0.02669590982841328,0.9999999850988388,0.9987623766064644,1.0,,,,,,,,,,,,,,,,,,,,,,,,,,,,,,,,,,,,,,,,,,,,,,,,,,,,,,,,,,,,,,,,,,,,,,,,,,,,,,,,,1598.0,1600.0,0.7774454622433105,0.3853084009185297,1234.0,1296.0,0.6189041422109578,0.2978895711335685,0.282450444794494,0.23830649893230152,7496.0,1342.0
3,1.0,1.0,0.0,0.0,0.014296346297487618,0.9999999925494194,1.0,1.0,,,,,,,,,,,,,,,,,,,,,,,,,,,,,,,,,,,,,,,,,,,,,,,,,,,,,,,,,,,,,,,,,,,,,,,,,,,,,,,,,1600.0,1600.0,0.7655700245304564,0.3854403002299028,1363.0,1302.0,0.6539603886292222,0.29767927177968706,0.2808595896343964,0.22311717352550017,7490.0,1213.0
4,1.0,1.0000000074505806,0.0,0.0,0.009944356989581139,0.9999999850988388,1.0,1.0,,,,,,,,,,,,,,,,,,,,,,,,,,,,,,,,,,,,,,,,,,,,,,,,,,,,,,,,,,,,,,,,,,,,,,,,,,,,,,,,,1600.0,1600.0,0.7543103484244182,0.385306750318687,1457.0,1336.0,0.6793728846466195,0.29748166994539726,0.2806030750316604,0.21487994170121788,7456.0,1119.0
5,1.0,0.9999999776482582,0.0,0.0,0.007840071071404962,0.9999999850988388,1.0,1.0,,,,,,,,,,,,,,,,,,,,,,,,,,,,,,,,,,,,,,,,,,,,,,,,,,,,,,,,,,,,,,,,,,,,,,,,,,,,,,,,,1600.0,1600.0,0.7496481335851024,0.3851052921351877,1496.0,1350.0,0.6941714459099695,0.29742883913675133,0.2802161365160214,0.21099577648047405,7442.0,1080.0
6,1.0,0.9999999925494194,0.0,0.0,0.006544574790168554,0.9999999850988388,1.0,1.0,,,,,,,,,,,,,,,,,,,,,,,,,,,,,,,,,,,,,,,,,,,,,,,,,,,,,,,,,,,,,,,,,,,,,,,,,,,,,,,,,1600.0,1600.0,0.7485925467877552,0.3848102255072248,1511.0,1347.0,0.7036532677013612,0.2975395152648095,0.2797646370757683,0.20961778596788122,7445.0,1065.0
