,accuracy,auc,false_negatives,false_positives,loss,pr,precision,recall,subject_107_accuracy,subject_107_auc,subject_107_false_negatives,subject_107_false_positives,subject_107_loss,subject_107_pr,subject_107_precision,subject_107_recall,subject_107_true_negatives,subject_107_true_positives,subject_109_accuracy,subject_109_auc,subject_109_false_negatives,subject_109_false_positives,subject_109_loss,subject_109_pr,subject_109_precision,subject_109_recall,subject_109_true_negatives,subject_109_true_positives,subject_115_accuracy,subject_115_auc,subject_115_false_negatives,subject_115_false_positives,subject_115_loss,subject_115_pr,subject_115_precision,subject_115_recall,subject_115_true_negatives,subject_115_true_positives,subject_120_accuracy,subject_120_auc,subject_120_false_negatives,subject_120_false_positives,subject_120_loss,subject_120_pr,subject_120_precision,subject_120_recall,subject_120_true_negatives,subject_120_true_positives,subject_43_accuracy,subject_43_auc,subject_43_false_negatives,subject_43_false_positives,subject_43_loss,subject_43_pr,subject_43_precision,subject_43_recall,subject_43_true_negatives,subject_43_true_positives,subject_48_accuracy,subject_48_auc,subject_48_false_negatives,subject_48_false_positives,subject_48_loss,subject_48_pr,subject_48_precision,subject_48_recall,subject_48_true_negatives,subject_48_true_positives,subject_52_accuracy,subject_52_auc,subject_52_false_negatives,subject_52_false_positives,subject_52_loss,subject_52_pr,subject_52_precision,subject_52_recall,subject_52_true_negatives,subject_52_true_positives,subject_59_accuracy,subject_59_auc,subject_59_false_negatives,subject_59_false_positives,subject_59_loss,subject_59_pr,subject_59_precision,subject_59_recall,subject_59_true_negatives,subject_59_true_positives,subject_64_accuracy,subject_64_auc,subject_64_false_negatives,subject_64_false_positives,subject_64_loss,subject_64_pr,subject_64_precision,subject_64_recall,subject_64_true_negatives,subject_64_true_positives,subject_80_accuracy,subject_80_auc,subject_80_false_negatives,subject_80_false_positives,subject_80_loss,subject_80_pr,subject_80_precision,subject_80_recall,subject_80_true_negatives,subject_80_true_positives,subject_92_accuracy,subject_92_auc,subject_92_false_negatives,subject_92_false_positives,subject_92_loss,subject_92_pr,subject_92_precision,subject_92_recall,subject_92_true_negatives,subject_92_true_positives,subject_96_accuracy,subject_96_auc,subject_96_false_negatives,subject_96_false_positives,subject_96_loss,subject_96_pr,subject_96_precision,subject_96_recall,subject_96_true_negatives,subject_96_true_positives,true_negatives,true_positives,val_accuracy,val_auc,val_false_negatives,val_false_positives,val_loss,val_pr,val_precision,val_recall,val_true_negatives,val_true_positives
0,0.9912500083446504,0.9998406022787093,29.0,13.0,0.023922676489067575,0.9998446603616079,0.9946519533793132,0.9879166632890701,,,,,,,,,,,,,,,,,,,,,,,,,,,,,,,,,,,,,,,,,,,,,,,,,,,,,,,,,,,,,,,,,,,,,,,,,,,,,,,,,,,,,,,,,,,,,,,,,,,,,,,,,,,,,,,,,,,,,,,,,2387.0,2371.0,0.8876173930688642,0.5848379296735978,165.0,218.0,0.964730268159549,0.10957501445647697,0.09049700809196687,0.19683097827602442,2982.0,43.0
1,0.9970833361148835,0.9999906222025554,11.0,3.0,0.016746082996833136,0.9999905526638032,0.9987540443738303,0.9954166710376741,,,,,,,,,,,,,,,,,,,,,,,,,,,,,,,,,,,,,,,,,,,,,,,,,,,,,,,,,,,,,,,,,,,,,,,,,,,,,,,,,,,,,,,,,,,,,,,,,,,,,,,,,,,,,,,,,,,,,,,,,2397.0,2389.0,0.8887910773636589,0.589607383583633,168.0,211.0,0.9427481005050269,0.11299927422488239,0.08753717785150232,0.18309859700605902,2989.0,40.0
2,0.9981250017881395,1.0000000248352687,7.0,2.0,0.013589987597564081,0.9999999950329463,0.9991749177376431,0.9970833361148835,,,,,,,,,,,,,,,,,,,,,,,,,,,,,,,,,,,,,,,,,,,,,,,,,,,,,,,,,,,,,,,,,,,,,,,,,,,,,,,,,,,,,,,,,,,,,,,,,,,,,,,,,,,,,,,,,,,,,,,,,2398.0,2393.0,0.8882042352162616,0.5900004581666329,171.0,210.0,0.9402110720104692,0.11320325658774713,0.08228317427803093,0.16936619936580388,2990.0,37.0
3,0.998750001192093,1.0000000049670539,4.0,2.0,0.011817772871775862,0.9999999950329463,0.9991749177376431,0.9983333349227906,,,,,,,,,,,,,,,,,,,,,,,,,,,,,,,,,,,,,,,,,,,,,,,,,,,,,,,,,,,,,,,,,,,,,,,,,,,,,,,,,,,,,,,,,,,,,,,,,,,,,,,,,,,,,,,,,,,,,,,,,2398.0,2396.0,0.8887910773636589,0.5880103491141763,171.0,208.0,0.9417358882541598,0.11354557692374981,0.0829548718224109,0.16936619936580388,2992.0,37.0
4,0.9989583343267442,0.9999999801317851,4.0,1.0,0.01060762971950074,0.9999999850988389,0.9995854049921037,0.9983333349227906,,,,,,,,,,,,,,,,,,,,,,,,,,,,,,,,,,,,,,,,,,,,,,,,,,,,,,,,,,,,,,,,,,,,,,,,,,,,,,,,,,,,,,,,,,,,,,,,,,,,,,,,,,,,,,,,,,,,,,,,,2399.0,2396.0,0.8896713733253345,0.5865864917426042,172.0,204.0,0.9446245497106268,0.11204845411047129,0.08239436947124106,0.1647887389424821,2996.0,36.0
5,0.9993750005960466,0.9999999552965164,3.0,0.0,0.00968298333270165,1.0000000099341075,1.0,0.998750001192093,,,,,,,,,,,,,,,,,,,,,,,,,,,,,,,,,,,,,,,,,,,,,,,,,,,,,,,,,,,,,,,,,,,,,,,,,,,,,,,,,,,,,,,,,,,,,,,,,,,,,,,,,,,,,,,,,,,,,,,,,2400.0,2397.0,0.8905516365464303,0.5854789350234286,172.0,201.0,0.947493679542477,0.11158800119875183,0.08343732881713921,0.1647887389424821,2999.0,36.0
6,0.9993750005960466,0.9999999950329463,3.0,0.0,0.008990466558704308,0.9999999900658926,1.0,0.998750001192093,,,,,,,,,,,,,,,,,,,,,,,,,,,,,,,,,,,,,,,,,,,,,,,,,,,,,,,,,,,,,,,,,,,,,,,,,,,,,,,,,,,,,,,,,,,,,,,,,,,,,,,,,,,,,,,,,,,,,,,,,2400.0,2397.0,0.8911385114344073,0.5844584936407251,172.0,199.0,0.9499402137144202,0.11195229901604249,0.08414743924644631,0.1647887389424821,3001.0,36.0
7,0.9995833337306977,1.0000000099341075,2.0,0.0,0.00842481234993708,0.9999999801317851,1.0,0.9991666674613954,,,,,,,,,,,,,,,,,,,,,,,,,,,,,,,,,,,,,,,,,,,,,,,,,,,,,,,,,,,,,,,,,,,,,,,,,,,,,,,,,,,,,,,,,,,,,,,,,,,,,,,,,,,,,,,,,,,,,,,,,2400.0,2398.0,0.8914319325081059,0.5853201992494959,172.0,198.0,0.9524938029686902,0.11259833838738187,0.08450704540165377,0.1647887389424821,3002.0,36.0
