,accuracy,auc,false_negatives,false_positives,loss,pr,precision,recall,subject_107_accuracy,subject_107_auc,subject_107_false_negatives,subject_107_false_positives,subject_107_loss,subject_107_pr,subject_107_precision,subject_107_recall,subject_107_true_negatives,subject_107_true_positives,subject_109_accuracy,subject_109_auc,subject_109_false_negatives,subject_109_false_positives,subject_109_loss,subject_109_pr,subject_109_precision,subject_109_recall,subject_109_true_negatives,subject_109_true_positives,subject_115_accuracy,subject_115_auc,subject_115_false_negatives,subject_115_false_positives,subject_115_loss,subject_115_pr,subject_115_precision,subject_115_recall,subject_115_true_negatives,subject_115_true_positives,subject_120_accuracy,subject_120_auc,subject_120_false_negatives,subject_120_false_positives,subject_120_loss,subject_120_pr,subject_120_precision,subject_120_recall,subject_120_true_negatives,subject_120_true_positives,subject_43_accuracy,subject_43_auc,subject_43_false_negatives,subject_43_false_positives,subject_43_loss,subject_43_pr,subject_43_precision,subject_43_recall,subject_43_true_negatives,subject_43_true_positives,subject_48_accuracy,subject_48_auc,subject_48_false_negatives,subject_48_false_positives,subject_48_loss,subject_48_pr,subject_48_precision,subject_48_recall,subject_48_true_negatives,subject_48_true_positives,subject_52_accuracy,subject_52_auc,subject_52_false_negatives,subject_52_false_positives,subject_52_loss,subject_52_pr,subject_52_precision,subject_52_recall,subject_52_true_negatives,subject_52_true_positives,subject_59_accuracy,subject_59_auc,subject_59_false_negatives,subject_59_false_positives,subject_59_loss,subject_59_pr,subject_59_precision,subject_59_recall,subject_59_true_negatives,subject_59_true_positives,subject_64_accuracy,subject_64_auc,subject_64_false_negatives,subject_64_false_positives,subject_64_loss,subject_64_pr,subject_64_precision,subject_64_recall,subject_64_true_negatives,subject_64_true_positives,subject_80_accuracy,subject_80_auc,subject_80_false_negatives,subject_80_false_positives,subject_80_loss,subject_80_pr,subject_80_precision,subject_80_recall,subject_80_true_negatives,subject_80_true_positives,subject_92_accuracy,subject_92_auc,subject_92_false_negatives,subject_92_false_positives,subject_92_loss,subject_92_pr,subject_92_precision,subject_92_recall,subject_92_true_negatives,subject_92_true_positives,subject_96_accuracy,subject_96_auc,subject_96_false_negatives,subject_96_false_positives,subject_96_loss,subject_96_pr,subject_96_precision,subject_96_recall,subject_96_true_negatives,subject_96_true_positives,true_negatives,true_positives,val_accuracy,val_auc,val_false_negatives,val_false_positives,val_loss,val_pr,val_precision,val_recall,val_true_negatives,val_true_positives
0,0.9720833351214728,0.9964010417461395,75.0,59.0,0.08132816546441367,0.9960000663995743,0.9769029120604198,0.9687499950329463,,,,,,,,,,,,,,,,,,,,,,,,,,,,,,,,,,,,,,,,,,,,,,,,,,,,,,,,,,,,,,,,,,,,,,,,,,,,,,,,,,,,,,,,,,,,,,,,,,,,,,,,,,,,,,,,,,,,,,,,,2341.0,2325.0,0.8718265089480934,0.4133401930500321,397.0,330.0,0.33412007195694426,0.28277688940043844,0.2650909847954264,0.20772386664900355,4522.0,423.0
1,0.9889583388964337,0.9995145946741105,30.0,23.0,0.04424103798577561,0.9994284510612488,0.9906681974728904,0.9875000019868216,,,,,,,,,,,,,,,,,,,,,,,,,,,,,,,,,,,,,,,,,,,,,,,,,,,,,,,,,,,,,,,,,,,,,,,,,,,,,,,,,,,,,,,,,,,,,,,,,,,,,,,,,,,,,,,,,,,,,,,,,2377.0,2370.0,0.8751762959533418,0.41339067536785845,364.0,344.0,0.32773712362187074,0.2864617315109173,0.2616622771211336,0.2300402614562569,4508.0,456.0
2,0.9958333373069764,0.999889557560285,12.0,8.0,0.030746400899176168,0.9998749842246374,0.9967373460531236,0.9949999998013179,,,,,,,,,,,,,,,,,,,,,,,,,,,,,,,,,,,,,,,,,,,,,,,,,,,,,,,,,,,,,,,,,,,,,,,,,,,,,,,,,,,,,,,,,,,,,,,,,,,,,,,,,,,,,,,,,,,,,,,,,2392.0,2388.0,0.8783497940670114,0.4132662798016633,337.0,353.0,0.32785356416378814,0.2910138859935052,0.261852307531494,0.24785503879588816,4499.0,483.0
3,0.9972916692495347,0.999981239438057,7.0,6.0,0.023861928729650872,0.9999808967113495,0.9975466082493465,0.9970833361148835,,,,,,,,,,,,,,,,,,,,,,,,,,,,,,,,,,,,,,,,,,,,,,,,,,,,,,,,,,,,,,,,,,,,,,,,,,,,,,,,,,,,,,,,,,,,,,,,,,,,,,,,,,,,,,,,,,,,,,,,,2394.0,2393.0,0.8781734961800918,0.40943105121593715,320.0,371.0,0.33098251279591284,0.2921845712850057,0.25934787613716714,0.2593431496737874,4481.0,500.0
4,0.9983333349227906,0.9999958127737045,2.0,6.0,0.01974709674560775,0.9999958227078121,0.9975528866052629,0.9991666674613954,,,,,,,,,,,,,,,,,,,,,,,,,,,,,,,,,,,,,,,,,,,,,,,,,,,,,,,,,,,,,,,,,,,,,,,,,,,,,,,,,,,,,,,,,,,,,,,,,,,,,,,,,,,,,,,,,,,,,,,,,2394.0,2398.0,0.8762341512443316,0.41040663242508224,320.0,382.0,0.335287279248591,0.29353089509229735,0.25590543699029134,0.25988591965734537,4470.0,500.0
5,0.9989583343267442,1.0000000149011612,1.0,4.0,0.0169719735152709,0.9999999900658927,0.9983660131692887,0.9995833337306977,,,,,,,,,,,,,,,,,,,,,,,,,,,,,,,,,,,,,,,,,,,,,,,,,,,,,,,,,,,,,,,,,,,,,,,,,,,,,,,,,,,,,,,,,,,,,,,,,,,,,,,,,,,,,,,,,,,,,,,,,2396.0,2399.0,0.8750000096258558,0.407031709788044,319.0,390.0,0.33917206823934204,0.29203727113132916,0.253688522975771,0.2608171108327228,4462.0,501.0
6,0.9991666674613954,0.9999999900658927,0.0,4.0,0.014924603128262486,0.9999999950329465,0.9983660131692887,1.0,,,,,,,,,,,,,,,,,,,,,,,,,,,,,,,,,,,,,,,,,,,,,,,,,,,,,,,,,,,,,,,,,,,,,,,,,,,,,,,,,,,,,,,,,,,,,,,,,,,,,,,,,,,,,,,,,,,,,,,,,2396.0,2400.0,0.8742947947071033,0.4071413903209487,318.0,395.0,0.3427740990056831,0.2925941304044932,0.25221233248542496,0.26174830200810023,4457.0,502.0
