,accuracy,auc,false_negatives,false_positives,loss,pr,precision,recall,subject_107_accuracy,subject_107_auc,subject_107_false_negatives,subject_107_false_positives,subject_107_loss,subject_107_pr,subject_107_precision,subject_107_recall,subject_107_true_negatives,subject_107_true_positives,subject_115_accuracy,subject_115_auc,subject_115_false_negatives,subject_115_false_positives,subject_115_loss,subject_115_pr,subject_115_precision,subject_115_recall,subject_115_true_negatives,subject_115_true_positives,subject_120_accuracy,subject_120_auc,subject_120_false_negatives,subject_120_false_positives,subject_120_loss,subject_120_pr,subject_120_precision,subject_120_recall,subject_120_true_negatives,subject_120_true_positives,subject_43_accuracy,subject_43_auc,subject_43_false_negatives,subject_43_false_positives,subject_43_loss,subject_43_pr,subject_43_precision,subject_43_recall,subject_43_true_negatives,subject_43_true_positives,subject_52_accuracy,subject_52_auc,subject_52_false_negatives,subject_52_false_positives,subject_52_loss,subject_52_pr,subject_52_precision,subject_52_recall,subject_52_true_negatives,subject_52_true_positives,subject_64_accuracy,subject_64_auc,subject_64_false_negatives,subject_64_false_positives,subject_64_loss,subject_64_pr,subject_64_precision,subject_64_recall,subject_64_true_negatives,subject_64_true_positives,subject_80_accuracy,subject_80_auc,subject_80_false_negatives,subject_80_false_positives,subject_80_loss,subject_80_pr,subject_80_precision,subject_80_recall,subject_80_true_negatives,subject_80_true_positives,subject_92_accuracy,subject_92_auc,subject_92_false_negatives,subject_92_false_positives,subject_92_loss,subject_92_pr,subject_92_precision,subject_92_recall,subject_92_true_negatives,subject_92_true_positives,true_negatives,true_positives,val_accuracy,val_auc,val_false_negatives,val_false_positives,val_loss,val_pr,val_precision,val_recall,val_true_negatives,val_true_positives
0,0.890625,0.9905265644192696,189.0,161.0,0.2567942076921463,0.9896195381879807,0.9279065802693367,0.8818750008940697,,,,,,,,,,,,,,,,,,,,,,,,,,,,,,,,,,,,,,,,,,,,,,,,,,,,,,,,,,,,,,,,,,,,,,,,,,,,,,,,,1439.0,1411.0,0.7883532695750131,0.3691003475702623,890.0,1516.0,0.559113582790734,0.29380017036623224,0.26995768462537795,0.28458223282703626,7276.0,1686.0
1,0.9640625044703484,0.9988046661019325,70.0,45.0,0.11221659747883678,0.9987821206450462,0.9749058485031128,0.9562499970197678,,,,,,,,,,,,,,,,,,,,,,,,,,,,,,,,,,,,,,,,,,,,,,,,,,,,,,,,,,,,,,,,,,,,,,,,,,,,,,,,,1555.0,1530.0,0.7810520704660007,0.37226413289985544,1004.0,1485.0,0.5754555099767924,0.29422189362404805,0.27037002950025896,0.27547771469503113,7307.0,1572.0
2,0.9809374958276749,0.9998484253883362,45.0,16.0,0.07433447120245548,0.9998495727777481,0.9905848056077957,0.9718749970197678,,,,,,,,,,,,,,,,,,,,,,,,,,,,,,,,,,,,,,,,,,,,,,,,,,,,,,,,,,,,,,,,,,,,,,,,,,,,,,,,,1584.0,1555.0,0.7786769802556921,0.37438238562621506,1069.0,1447.0,0.5840354862519773,0.2947988178290002,0.2698172140685628,0.2688302382312972,7345.0,1507.0
3,0.9878125041723251,0.999978095293045,30.0,9.0,0.05574944609310478,0.9999784603714943,0.994617223739624,0.9812500029802322,,,,,,,,,,,,,,,,,,,,,,,,,,,,,,,,,,,,,,,,,,,,,,,,,,,,,,,,,,,,,,,,,,,,,,,,,,,,,,,,,1591.0,1570.0,0.7792047816921841,0.37589524689482434,1102.0,1408.0,0.5849157066548878,0.29533030106610686,0.27501789859006476,0.26661027808536697,7384.0,1474.0
4,0.9921875,0.9999999925494194,19.0,6.0,0.04447348494548351,0.9999999925494194,0.996359221637249,0.9881249964237213,,,,,,,,,,,,,,,,,,,,,,,,,,,,,,,,,,,,,,,,,,,,,,,,,,,,,,,,,,,,,,,,,,,,,,,,,,,,,,,,,1594.0,1581.0,0.7811400367918357,0.3773289100961061,1117.0,1371.0,0.5842329497721049,0.29537627827389235,0.2765362967778309,0.26500045899812974,7421.0,1459.0
5,0.9934374988079071,0.9999999850988388,16.0,5.0,0.03741051322780549,0.9999999850988388,0.9969512224197388,0.9900000020861626,,,,,,,,,,,,,,,,,,,,,,,,,,,,,,,,,,,,,,,,,,,,,,,,,,,,,,,,,,,,,,,,,,,,,,,,,,,,,,,,,1595.0,1584.0,0.7813159623127602,0.37800504924712425,1123.0,1363.0,0.5831251719245878,0.29536681176595164,0.27498294294593534,0.26428697720159533,7429.0,1453.0
