,accuracy,auc,false_negatives,false_positives,loss,pr,precision,recall,subject_107_accuracy,subject_107_auc,subject_107_false_negatives,subject_107_false_positives,subject_107_loss,subject_107_pr,subject_107_precision,subject_107_recall,subject_107_true_negatives,subject_107_true_positives,subject_109_accuracy,subject_109_auc,subject_109_false_negatives,subject_109_false_positives,subject_109_loss,subject_109_pr,subject_109_precision,subject_109_recall,subject_109_true_negatives,subject_109_true_positives,subject_115_accuracy,subject_115_auc,subject_115_false_negatives,subject_115_false_positives,subject_115_loss,subject_115_pr,subject_115_precision,subject_115_recall,subject_115_true_negatives,subject_115_true_positives,subject_120_accuracy,subject_120_auc,subject_120_false_negatives,subject_120_false_positives,subject_120_loss,subject_120_pr,subject_120_precision,subject_120_recall,subject_120_true_negatives,subject_120_true_positives,subject_43_accuracy,subject_43_auc,subject_43_false_negatives,subject_43_false_positives,subject_43_loss,subject_43_pr,subject_43_precision,subject_43_recall,subject_43_true_negatives,subject_43_true_positives,subject_48_accuracy,subject_48_auc,subject_48_false_negatives,subject_48_false_positives,subject_48_loss,subject_48_pr,subject_48_precision,subject_48_recall,subject_48_true_negatives,subject_48_true_positives,subject_52_accuracy,subject_52_auc,subject_52_false_negatives,subject_52_false_positives,subject_52_loss,subject_52_pr,subject_52_precision,subject_52_recall,subject_52_true_negatives,subject_52_true_positives,subject_59_accuracy,subject_59_auc,subject_59_false_negatives,subject_59_false_positives,subject_59_loss,subject_59_pr,subject_59_precision,subject_59_recall,subject_59_true_negatives,subject_59_true_positives,subject_64_accuracy,subject_64_auc,subject_64_false_negatives,subject_64_false_positives,subject_64_loss,subject_64_pr,subject_64_precision,subject_64_recall,subject_64_true_negatives,subject_64_true_positives,subject_80_accuracy,subject_80_auc,subject_80_false_negatives,subject_80_false_positives,subject_80_loss,subject_80_pr,subject_80_precision,subject_80_recall,subject_80_true_negatives,subject_80_true_positives,subject_92_accuracy,subject_92_auc,subject_92_false_negatives,subject_92_false_positives,subject_92_loss,subject_92_pr,subject_92_precision,subject_92_recall,subject_92_true_negatives,subject_92_true_positives,true_negatives,true_positives,val_accuracy,val_auc,val_false_negatives,val_false_positives,val_loss,val_pr,val_precision,val_recall,val_true_negatives,val_true_positives
0,0.9609090956774626,0.9928897510875355,127.0,45.0,0.11651792329312728,0.9935234189033509,0.9788695031946357,0.942272728139704,,,,,,,,,,,,,,,,,,,,,,,,,,,,,,,,,,,,,,,,,,,,,,,,,,,,,,,,,,,,,,,,,,,,,,,,,,,,,,,,,,,,,,,,,,,,,,,,,,,,,,,,,,,,,,,2155.0,2073.0,0.787601237028343,0.393989849954878,629.0,1574.0,0.6150262612561959,0.29915612182054474,0.2974328906251986,0.2812351681093796,7182.0,987.0
1,0.97909091277556,0.9987579584121705,78.0,14.0,0.07088260312649339,0.9988195625218479,0.9938280907544226,0.9645454558459197,,,,,,,,,,,,,,,,,,,,,,,,,,,,,,,,,,,,,,,,,,,,,,,,,,,,,,,,,,,,,,,,,,,,,,,,,,,,,,,,,,,,,,,,,,,,,,,,,,,,,,,,,,,,,,,2186.0,2122.0,0.7747782477329608,0.390887747871062,676.0,1660.0,0.7283750612982941,0.29458296951804436,0.2905313632132416,0.27474720815733233,7096.0,940.0
2,0.9845454584468497,0.9997579455375672,57.0,11.0,0.05231891257011077,0.9997656995599922,0.995218710465865,0.9740909121253276,,,,,,,,,,,,,,,,,,,,,,,,,,,,,,,,,,,,,,,,,,,,,,,,,,,,,,,,,,,,,,,,,,,,,,,,,,,,,,,,,,,,,,,,,,,,,,,,,,,,,,,,,,,,,,,2189.0,2143.0,0.7703432325105661,0.38923444398066454,706.0,1676.0,0.796757626137557,0.29396504998161116,0.2832811989243592,0.2707042527207986,7080.0,910.0
3,0.9902272766286678,0.9999772635373202,35.0,8.0,0.04006714299490507,0.9999775507233362,0.9964734966104684,0.9840909080071885,,,,,,,,,,,,,,,,,,,,,,,,,,,,,,,,,,,,,,,,,,,,,,,,,,,,,,,,,,,,,,,,,,,,,,,,,,,,,,,,,,,,,,,,,,,,,,,,,,,,,,,,,,,,,,,2192.0,2165.0,0.7687042030648426,0.3878541108819908,719.0,1680.0,0.8417083886441246,0.2924390767837095,0.28648441926512624,0.26894523676325355,7076.0,897.0
4,0.994318181818182,0.9999999729069796,19.0,6.0,0.032442735947499225,0.9999999674883755,0.9973521611907268,0.9913636337627066,,,,,,,,,,,,,,,,,,,,,,,,,,,,,,,,,,,,,,,,,,,,,,,,,,,,,,,,,,,,,,,,,,,,,,,,,,,,,,,,,,,,,,,,,,,,,,,,,,,,,,,,,,,,,,,2194.0,2181.0,0.7669687543712296,0.38674521218659197,731.0,1686.0,0.8765345150405056,0.29128374007048863,0.2883728111383311,0.2663939864742126,7070.0,885.0
5,0.9965909123420718,0.9999999891627921,11.0,4.0,0.027810592182319273,0.9999999729069797,0.9982174689119514,0.9949999993497677,,,,,,,,,,,,,,,,,,,,,,,,,,,,,,,,,,,,,,,,,,,,,,,,,,,,,,,,,,,,,,,,,,,,,,,,,,,,,,,,,,,,,,,,,,,,,,,,,,,,,,,,,,,,,,,2196.0,2189.0,0.7655225519279095,0.3860168474271313,741.0,1691.0,0.9031099968005656,0.2907296700041771,0.28870289874177985,0.2647156084061956,7065.0,875.0
