,accuracy,auc,false_negatives,false_positives,loss,pr,precision,recall,subject_107_accuracy,subject_107_auc,subject_107_false_negatives,subject_107_false_positives,subject_107_loss,subject_107_pr,subject_107_precision,subject_107_recall,subject_107_true_negatives,subject_107_true_positives,subject_115_accuracy,subject_115_auc,subject_115_false_negatives,subject_115_false_positives,subject_115_loss,subject_115_pr,subject_115_precision,subject_115_recall,subject_115_true_negatives,subject_115_true_positives,subject_120_accuracy,subject_120_auc,subject_120_false_negatives,subject_120_false_positives,subject_120_loss,subject_120_pr,subject_120_precision,subject_120_recall,subject_120_true_negatives,subject_120_true_positives,subject_43_accuracy,subject_43_auc,subject_43_false_negatives,subject_43_false_positives,subject_43_loss,subject_43_pr,subject_43_precision,subject_43_recall,subject_43_true_negatives,subject_43_true_positives,subject_52_accuracy,subject_52_auc,subject_52_false_negatives,subject_52_false_positives,subject_52_loss,subject_52_pr,subject_52_precision,subject_52_recall,subject_52_true_negatives,subject_52_true_positives,subject_64_accuracy,subject_64_auc,subject_64_false_negatives,subject_64_false_positives,subject_64_loss,subject_64_pr,subject_64_precision,subject_64_recall,subject_64_true_negatives,subject_64_true_positives,subject_80_accuracy,subject_80_auc,subject_80_false_negatives,subject_80_false_positives,subject_80_loss,subject_80_pr,subject_80_precision,subject_80_recall,subject_80_true_negatives,subject_80_true_positives,subject_92_accuracy,subject_92_auc,subject_92_false_negatives,subject_92_false_positives,subject_92_loss,subject_92_pr,subject_92_precision,subject_92_recall,subject_92_true_negatives,subject_92_true_positives,true_negatives,true_positives,val_accuracy,val_auc,val_false_negatives,val_false_positives,val_loss,val_pr,val_precision,val_recall,val_true_negatives,val_true_positives
0,0.8334375023841858,0.9889921769499779,287.0,246.0,0.45676464184187354,0.9826941788196564,0.9099399149417877,0.8206250034272671,,,,,,,,,,,,,,,,,,,,,,,,,,,,,,,,,,,,,,,,,,,,,,,,,,,,,,,,,,,,,,,,,,,,,,,,,,,,,,,,,1354.0,1313.0,0.7879134285500317,0.366504815516549,839.0,1572.0,0.5870641407814684,0.291259157238692,0.27426488095610013,0.2870300278686286,7220.0,1737.0
1,0.9521875083446503,0.9999968856573105,22.0,131.0,0.12385243358556183,0.9999968782067299,0.949372224509716,0.9862499982118607,,,,,,,,,,,,,,,,,,,,,,,,,,,,,,,,,,,,,,,,,,,,,,,,,,,,,,,,,,,,,,,,,,,,,,,,,,,,,,,,,1469.0,1578.0,0.7906403877968355,0.3699680302111218,921.0,1459.0,0.562232655847174,0.2916235649259597,0.26242383547981885,0.27555974960369095,7333.0,1655.0
2,0.9946874976158142,1.0,0.0,17.0,0.03440735732903704,1.0,0.9902073740959167,1.0,,,,,,,,,,,,,,,,,,,,,,,,,,,,,,,,,,,,,,,,,,,,,,,,,,,,,,,,,,,,,,,,,,,,,,,,,,,,,,,,,1583.0,1600.0,0.7903764870995623,0.37167186960630394,1012.0,1371.0,0.5626164930461766,0.292649616329373,0.2625455197437098,0.26640418867130333,7421.0,1564.0
3,1.0,1.0000000074505806,0.0,0.0,0.015699438529554754,0.9999999776482582,1.0,1.0,,,,,,,,,,,,,,,,,,,,,,,,,,,,,,,,,,,,,,,,,,,,,,,,,,,,,,,,,,,,,,,,,,,,,,,,,,,,,,,,,1600.0,1600.0,0.7847466413233166,0.3731434981140094,1106.0,1341.0,0.5732727498032061,0.29315208869656567,0.2604704445488829,0.25646278634405234,7451.0,1470.0
4,1.0,0.9999999850988388,0.0,0.0,0.009942804062739013,0.9999999850988388,1.0,1.0,,,,,,,,,,,,,,,,,,,,,,,,,,,,,,,,,,,,,,,,,,,,,,,,,,,,,,,,,,,,,,,,,,,,,,,,,,,,,,,,,1600.0,1600.0,0.7809640986662697,0.37338842603625083,1173.0,1317.0,0.5859846620163977,0.29328441162666413,0.2653518045697306,0.2526187652919932,7475.0,1403.0
5,1.0,0.9999999925494194,0.0,0.0,0.007580675467615947,1.0,1.0,1.0,,,,,,,,,,,,,,,,,,,,,,,,,,,,,,,,,,,,,,,,,,,,,,,,,,,,,,,,,,,,,,,,,,,,,,,,,,,,,,,,,1600.0,1600.0,0.7761259602879572,0.37406466575175584,1239.0,1306.0,0.5948435807645308,0.29346883635414817,0.2665180552050859,0.2472860761233235,7486.0,1337.0
6,1.0,0.9999999776482582,0.0,0.0,0.006260527449194342,0.9999999776482582,1.0,1.0,,,,,,,,,,,,,,,,,,,,,,,,,,,,,,,,,,,,,,,,,,,,,,,,,,,,,,,,,,,,,,,,,,,,,,,,,,,,,,,,,1600.0,1600.0,0.7736629077576149,0.37452591348499753,1272.0,1301.0,0.6015367576449001,0.293726796922677,0.266401747080388,0.24405743326417664,7491.0,1304.0
