,accuracy,auc,false_negatives,false_positives,loss,pr,precision,recall,subject_107_accuracy,subject_107_auc,subject_107_false_negatives,subject_107_false_positives,subject_107_loss,subject_107_pr,subject_107_precision,subject_107_recall,subject_107_true_negatives,subject_107_true_positives,subject_109_accuracy,subject_109_auc,subject_109_false_negatives,subject_109_false_positives,subject_109_loss,subject_109_pr,subject_109_precision,subject_109_recall,subject_109_true_negatives,subject_109_true_positives,subject_115_accuracy,subject_115_auc,subject_115_false_negatives,subject_115_false_positives,subject_115_loss,subject_115_pr,subject_115_precision,subject_115_recall,subject_115_true_negatives,subject_115_true_positives,subject_120_accuracy,subject_120_auc,subject_120_false_negatives,subject_120_false_positives,subject_120_loss,subject_120_pr,subject_120_precision,subject_120_recall,subject_120_true_negatives,subject_120_true_positives,subject_43_accuracy,subject_43_auc,subject_43_false_negatives,subject_43_false_positives,subject_43_loss,subject_43_pr,subject_43_precision,subject_43_recall,subject_43_true_negatives,subject_43_true_positives,subject_48_accuracy,subject_48_auc,subject_48_false_negatives,subject_48_false_positives,subject_48_loss,subject_48_pr,subject_48_precision,subject_48_recall,subject_48_true_negatives,subject_48_true_positives,subject_52_accuracy,subject_52_auc,subject_52_false_negatives,subject_52_false_positives,subject_52_loss,subject_52_pr,subject_52_precision,subject_52_recall,subject_52_true_negatives,subject_52_true_positives,subject_59_accuracy,subject_59_auc,subject_59_false_negatives,subject_59_false_positives,subject_59_loss,subject_59_pr,subject_59_precision,subject_59_recall,subject_59_true_negatives,subject_59_true_positives,subject_64_accuracy,subject_64_auc,subject_64_false_negatives,subject_64_false_positives,subject_64_loss,subject_64_pr,subject_64_precision,subject_64_recall,subject_64_true_negatives,subject_64_true_positives,subject_80_accuracy,subject_80_auc,subject_80_false_negatives,subject_80_false_positives,subject_80_loss,subject_80_pr,subject_80_precision,subject_80_recall,subject_80_true_negatives,subject_80_true_positives,subject_92_accuracy,subject_92_auc,subject_92_false_negatives,subject_92_false_positives,subject_92_loss,subject_92_pr,subject_92_precision,subject_92_recall,subject_92_true_negatives,subject_92_true_positives,subject_96_accuracy,subject_96_auc,subject_96_false_negatives,subject_96_false_positives,subject_96_loss,subject_96_pr,subject_96_precision,subject_96_recall,subject_96_true_negatives,subject_96_true_positives,true_negatives,true_positives,val_accuracy,val_auc,val_false_negatives,val_false_positives,val_loss,val_pr,val_precision,val_recall,val_true_negatives,val_true_positives
0,0.986666664481163,0.9986479133367538,40.0,24.0,0.04049836992945833,0.9988037546475729,0.9904542217652005,0.9833333343267442,,,,,,,,,,,,,,,,,,,,,,,,,,,,,,,,,,,,,,,,,,,,,,,,,,,,,,,,,,,,,,,,,,,,,,,,,,,,,,,,,,,,,,,,,,,,,,,,,,,,,,,,,,,,,,,,,,,,,,,,,2376.0,2360.0,0.9820485804249643,0.0,0.0,68.0,0.05747175752228311,0.0,0.0,0.0,3720.0,0.0
1,0.9981250017881395,0.9999864250421523,8.0,1.0,0.015773955003436032,0.9999868323405585,0.9995854049921037,0.9966666648785274,,,,,,,,,,,,,,,,,,,,,,,,,,,,,,,,,,,,,,,,,,,,,,,,,,,,,,,,,,,,,,,,,,,,,,,,,,,,,,,,,,,,,,,,,,,,,,,,,,,,,,,,,,,,,,,,,,,,,,,,,2399.0,2392.0,0.9920802526766044,0.0,0.0,30.0,0.028211735973043422,0.0,0.0,0.0,3758.0,0.0
2,1.0,0.9999999950329463,0.0,0.0,0.00869102320051752,0.9999999850988389,1.0,1.0,,,,,,,,,,,,,,,,,,,,,,,,,,,,,,,,,,,,,,,,,,,,,,,,,,,,,,,,,,,,,,,,,,,,,,,,,,,,,,,,,,,,,,,,,,,,,,,,,,,,,,,,,,,,,,,,,,,,,,,,,2400.0,2400.0,0.9931362180674592,0.0,0.0,26.0,0.022692958334273507,0.0,0.0,0.0,3762.0,0.0
3,1.0,1.0000000298023224,0.0,0.0,0.0061407093598973015,0.9999999801317851,1.0,1.0,,,,,,,,,,,,,,,,,,,,,,,,,,,,,,,,,,,,,,,,,,,,,,,,,,,,,,,,,,,,,,,,,,,,,,,,,,,,,,,,,,,,,,,,,,,,,,,,,,,,,,,,,,,,,,,,,,,,,,,,,2400.0,2400.0,0.9934002169208265,0.0,0.0,25.0,0.020218347710222424,0.0,0.0,0.0,3763.0,0.0
4,1.0,0.9999999801317851,0.0,0.0,0.00487847663811408,0.9999999801317851,1.0,1.0,,,,,,,,,,,,,,,,,,,,,,,,,,,,,,,,,,,,,,,,,,,,,,,,,,,,,,,,,,,,,,,,,,,,,,,,,,,,,,,,,,,,,,,,,,,,,,,,,,,,,,,,,,,,,,,,,,,,,,,,,2400.0,2400.0,0.9947201736121898,0.0,0.0,20.0,0.018930096368406434,0.0,0.0,0.0,3768.0,0.0
5,1.0,0.9999999950329463,0.0,0.0,0.004140064172291508,0.9999999950329465,1.0,1.0,,,,,,,,,,,,,,,,,,,,,,,,,,,,,,,,,,,,,,,,,,,,,,,,,,,,,,,,,,,,,,,,,,,,,,,,,,,,,,,,,,,,,,,,,,,,,,,,,,,,,,,,,,,,,,,,,,,,,,,,,2400.0,2400.0,0.9947201736121898,0.0,0.0,20.0,0.018203689816053574,0.0,0.0,0.0,3768.0,0.0
6,1.0,0.9999999950329463,0.0,0.0,0.003611710445256904,0.9999999850988389,1.0,1.0,,,,,,,,,,,,,,,,,,,,,,,,,,,,,,,,,,,,,,,,,,,,,,,,,,,,,,,,,,,,,,,,,,,,,,,,,,,,,,,,,,,,,,,,,,,,,,,,,,,,,,,,,,,,,,,,,,,,,,,,,2400.0,2400.0,0.9949841649126983,0.0,0.0,19.0,0.01780222732431886,0.0,0.0,0.0,3769.0,0.0
7,1.0,1.0000000049670539,0.0,0.0,0.003226792298567792,0.9999999950329463,1.0,1.0,,,,,,,,,,,,,,,,,,,,,,,,,,,,,,,,,,,,,,,,,,,,,,,,,,,,,,,,,,,,,,,,,,,,,,,,,,,,,,,,,,,,,,,,,,,,,,,,,,,,,,,,,,,,,,,,,,,,,,,,,2400.0,2400.0,0.9952481537585274,0.0,0.0,18.0,0.01746975608564824,0.0,0.0,0.0,3770.0,0.0
8,1.0,0.9999999950329463,0.0,0.0,0.002931371907276722,0.9999999900658927,1.0,1.0,,,,,,,,,,,,,,,,,,,,,,,,,,,,,,,,,,,,,,,,,,,,,,,,,,,,,,,,,,,,,,,,,,,,,,,,,,,,,,,,,,,,,,,,,,,,,,,,,,,,,,,,,,,,,,,,,,,,,,,,,2400.0,2400.0,0.9955121450590358,0.0,0.0,17.0,0.01734253152126939,0.0,0.0,0.0,3771.0,0.0
9,1.0,1.0,0.0,0.0,0.0026930460698592167,0.9999999950329465,1.0,1.0,,,,,,,,,,,,,,,,,,,,,,,,,,,,,,,,,,,,,,,,,,,,,,,,,,,,,,,,,,,,,,,,,,,,,,,,,,,,,,,,,,,,,,,,,,,,,,,,,,,,,,,,,,,,,,,,,,,,,,,,,2400.0,2400.0,0.9955121450590358,0.0,0.0,17.0,0.017209658352756497,0.0,0.0,0.0,3771.0,0.0
10,1.0,0.9999999850988389,0.0,0.0,0.0024962374773652607,0.9999999950329463,1.0,1.0,,,,,,,,,,,,,,,,,,,,,,,,,,,,,,,,,,,,,,,,,,,,,,,,,,,,,,,,,,,,,,,,,,,,,,,,,,,,,,,,,,,,,,,,,,,,,,,,,,,,,,,,,,,,,,,,,,,,,,,,,2400.0,2400.0,0.9955121450590358,0.0,0.0,17.0,0.01696377218864566,0.0,0.0,0.0,3771.0,0.0
11,1.0,1.0,0.0,0.0,0.0023329693523313232,0.9999999900658927,1.0,1.0,,,,,,,,,,,,,,,,,,,,,,,,,,,,,,,,,,,,,,,,,,,,,,,,,,,,,,,,,,,,,,,,,,,,,,,,,,,,,,,,,,,,,,,,,,,,,,,,,,,,,,,,,,,,,,,,,,,,,,,,,2400.0,2400.0,0.9955121450590358,0.0,0.0,17.0,0.01681972592412012,0.0,0.0,0.0,3771.0,0.0
12,1.0,0.9999999950329465,0.0,0.0,0.002190119839894275,1.0,1.0,1.0,,,,,,,,,,,,,,,,,,,,,,,,,,,,,,,,,,,,,,,,,,,,,,,,,,,,,,,,,,,,,,,,,,,,,,,,,,,,,,,,,,,,,,,,,,,,,,,,,,,,,,,,,,,,,,,,,,,,,,,,,2400.0,2400.0,0.9955121450590358,0.0,0.0,17.0,0.016692371701853892,0.0,0.0,0.0,3771.0,0.0
13,1.0,0.9999999900658927,0.0,0.0,0.002066659895547976,1.0,1.0,1.0,,,,,,,,,,,,,,,,,,,,,,,,,,,,,,,,,,,,,,,,,,,,,,,,,,,,,,,,,,,,,,,,,,,,,,,,,,,,,,,,,,,,,,,,,,,,,,,,,,,,,,,,,,,,,,,,,,,,,,,,,2400.0,2400.0,0.9955121450590358,0.0,0.0,17.0,0.01654017704780314,0.0,0.0,0.0,3771.0,0.0
14,1.0,0.9999999950329465,0.0,0.0,0.0019580331097434583,1.0,1.0,1.0,,,,,,,,,,,,,,,,,,,,,,,,,,,,,,,,,,,,,,,,,,,,,,,,,,,,,,,,,,,,,,,,,,,,,,,,,,,,,,,,,,,,,,,,,,,,,,,,,,,,,,,,,,,,,,,,,,,,,,,,,2400.0,2400.0,0.9949841624580191,0.0,0.0,19.0,0.016472070528688612,0.0,0.0,0.0,3769.0,0.0
15,1.0,0.9999999950329463,0.0,0.0,0.0018616137663290525,0.9999999950329465,1.0,1.0,,,,,,,,,,,,,,,,,,,,,,,,,,,,,,,,,,,,,,,,,,,,,,,,,,,,,,,,,,,,,,,,,,,,,,,,,,,,,,,,,,,,,,,,,,,,,,,,,,,,,,,,,,,,,,,,,,,,,,,,,2400.0,2400.0,0.9949841624580191,0.0,0.0,19.0,0.016330659339685888,0.0,0.0,0.0,3769.0,0.0
16,1.0,1.0000000099341075,0.0,0.0,0.001775826575855414,1.0,1.0,1.0,,,,,,,,,,,,,,,,,,,,,,,,,,,,,,,,,,,,,,,,,,,,,,,,,,,,,,,,,,,,,,,,,,,,,,,,,,,,,,,,,,,,,,,,,,,,,,,,,,,,,,,,,,,,,,,,,,,,,,,,,2400.0,2400.0,0.9949841624580191,0.0,0.0,19.0,0.01617839800126847,0.0,0.0,0.0,3769.0,0.0
17,1.0,1.0,0.0,0.0,0.0016976075955123329,1.0,1.0,1.0,,,,,,,,,,,,,,,,,,,,,,,,,,,,,,,,,,,,,,,,,,,,,,,,,,,,,,,,,,,,,,,,,,,,,,,,,,,,,,,,,,,,,,,,,,,,,,,,,,,,,,,,,,,,,,,,,,,,,,,,,2400.0,2400.0,0.9949841624580191,0.0,0.0,19.0,0.01611088297867726,0.0,0.0,0.0,3769.0,0.0
18,1.0,0.9999999900658927,0.0,0.0,0.001626484179093192,1.0,1.0,1.0,,,,,,,,,,,,,,,,,,,,,,,,,,,,,,,,,,,,,,,,,,,,,,,,,,,,,,,,,,,,,,,,,,,,,,,,,,,,,,,,,,,,,,,,,,,,,,,,,,,,,,,,,,,,,,,,,,,,,,,,,2400.0,2400.0,0.9949841624580191,0.0,0.0,19.0,0.015964589193356377,0.0,0.0,0.0,3769.0,0.0
19,1.0,0.9999999900658927,0.0,0.0,0.0015636927190159136,1.0,1.0,1.0,,,,,,,,,,,,,,,,,,,,,,,,,,,,,,,,,,,,,,,,,,,,,,,,,,,,,,,,,,,,,,,,,,,,,,,,,,,,,,,,,,,,,,,,,,,,,,,,,,,,,,,,,,,,,,,,,,,,,,,,,2400.0,2400.0,0.9949841624580191,0.0,0.0,19.0,0.01587453607305285,0.0,0.0,0.0,3769.0,0.0
20,1.0,0.9999999950329465,0.0,0.0,0.0015036095967904356,1.0,1.0,1.0,,,,,,,,,,,,,,,,,,,,,,,,,,,,,,,,,,,,,,,,,,,,,,,,,,,,,,,,,,,,,,,,,,,,,,,,,,,,,,,,,,,,,,,,,,,,,,,,,,,,,,,,,,,,,,,,,,,,,,,,,2400.0,2400.0,0.9949841624580191,0.0,0.0,19.0,0.015847853537338336,0.0,0.0,0.0,3769.0,0.0
21,1.0,0.9999999950329463,0.0,0.0,0.0014499395460976909,1.0,1.0,1.0,,,,,,,,,,,,,,,,,,,,,,,,,,,,,,,,,,,,,,,,,,,,,,,,,,,,,,,,,,,,,,,,,,,,,,,,,,,,,,,,,,,,,,,,,,,,,,,,,,,,,,,,,,,,,,,,,,,,,,,,,2400.0,2400.0,0.9949841624580191,0.0,0.0,19.0,0.015750026591848362,0.0,0.0,0.0,3769.0,0.0
22,1.0,0.9999999801317851,0.0,0.0,0.0014006238013583546,0.9999999950329463,1.0,1.0,,,,,,,,,,,,,,,,,,,,,,,,,,,,,,,,,,,,,,,,,,,,,,,,,,,,,,,,,,,,,,,,,,,,,,,,,,,,,,,,,,,,,,,,,,,,,,,,,,,,,,,,,,,,,,,,,,,,,,,,,2400.0,2400.0,0.9949841624580191,0.0,0.0,19.0,0.015704464168094078,0.0,0.0,0.0,3769.0,0.0
23,1.0,0.999999980131785,0.0,0.0,0.0013550327070212614,1.0,1.0,1.0,,,,,,,,,,,,,,,,,,,,,,,,,,,,,,,,,,,,,,,,,,,,,,,,,,,,,,,,,,,,,,,,,,,,,,,,,,,,,,,,,,,,,,,,,,,,,,,,,,,,,,,,,,,,,,,,,,,,,,,,,2400.0,2400.0,0.9949841624580191,0.0,0.0,19.0,0.01562003254539444,0.0,0.0,0.0,3769.0,0.0
24,1.0,0.9999999850988388,0.0,0.0,0.0013115916073244687,0.9999999950329463,1.0,1.0,,,,,,,,,,,,,,,,,,,,,,,,,,,,,,,,,,,,,,,,,,,,,,,,,,,,,,,,,,,,,,,,,,,,,,,,,,,,,,,,,,,,,,,,,,,,,,,,,,,,,,,,,,,,,,,,,,,,,,,,,2400.0,2400.0,0.9949841624580191,0.0,0.0,19.0,0.015545053688991887,0.0,0.0,0.0,3769.0,0.0
25,1.0,0.9999999850988389,0.0,0.0,0.001272771065705456,0.9999999950329463,1.0,1.0,,,,,,,,,,,,,,,,,,,,,,,,,,,,,,,,,,,,,,,,,,,,,,,,,,,,,,,,,,,,,,,,,,,,,,,,,,,,,,,,,,,,,,,,,,,,,,,,,,,,,,,,,,,,,,,,,,,,,,,,,2400.0,2400.0,0.9949841624580191,0.0,0.0,19.0,0.015488457316858804,0.0,0.0,0.0,3769.0,0.0
26,1.0,0.9999999900658926,0.0,0.0,0.001234228020378699,1.0,1.0,1.0,,,,,,,,,,,,,,,,,,,,,,,,,,,,,,,,,,,,,,,,,,,,,,,,,,,,,,,,,,,,,,,,,,,,,,,,,,,,,,,,,,,,,,,,,,,,,,,,,,,,,,,,,,,,,,,,,,,,,,,,,2400.0,2400.0,0.9949841624580191,0.0,0.0,19.0,0.01542937497792237,0.0,0.0,0.0,3769.0,0.0
27,1.0,0.9999999950329463,0.0,0.0,0.001199602146516554,1.0,1.0,1.0,,,,,,,,,,,,,,,,,,,,,,,,,,,,,,,,,,,,,,,,,,,,,,,,,,,,,,,,,,,,,,,,,,,,,,,,,,,,,,,,,,,,,,,,,,,,,,,,,,,,,,,,,,,,,,,,,,,,,,,,,2400.0,2400.0,0.9949841624580191,0.0,0.0,19.0,0.015361651254390598,0.0,0.0,0.0,3769.0,0.0
28,1.0,1.0,0.0,0.0,0.0011666906747268514,1.0,1.0,1.0,,,,,,,,,,,,,,,,,,,,,,,,,,,,,,,,,,,,,,,,,,,,,,,,,,,,,,,,,,,,,,,,,,,,,,,,,,,,,,,,,,,,,,,,,,,,,,,,,,,,,,,,,,,,,,,,,,,,,,,,,2400.0,2400.0,0.9952481513038482,0.0,0.0,18.0,0.015296086465026257,0.0,0.0,0.0,3770.0,0.0
29,1.0,1.0,0.0,0.0,0.0011358275879562523,1.0,1.0,1.0,,,,,,,,,,,,,,,,,,,,,,,,,,,,,,,,,,,,,,,,,,,,,,,,,,,,,,,,,,,,,,,,,,,,,,,,,,,,,,,,,,,,,,,,,,,,,,,,,,,,,,,,,,,,,,,,,,,,,,,,,2400.0,2400.0,0.9957761390030448,0.0,0.0,16.0,0.015217421660419193,0.0,0.0,0.0,3772.0,0.0
