,accuracy,auc,false_negatives,false_positives,loss,pr,precision,recall,subject_107_accuracy,subject_107_auc,subject_107_false_negatives,subject_107_false_positives,subject_107_loss,subject_107_pr,subject_107_precision,subject_107_recall,subject_107_true_negatives,subject_107_true_positives,subject_109_accuracy,subject_109_auc,subject_109_false_negatives,subject_109_false_positives,subject_109_loss,subject_109_pr,subject_109_precision,subject_109_recall,subject_109_true_negatives,subject_109_true_positives,subject_115_accuracy,subject_115_auc,subject_115_false_negatives,subject_115_false_positives,subject_115_loss,subject_115_pr,subject_115_precision,subject_115_recall,subject_115_true_negatives,subject_115_true_positives,subject_120_accuracy,subject_120_auc,subject_120_false_negatives,subject_120_false_positives,subject_120_loss,subject_120_pr,subject_120_precision,subject_120_recall,subject_120_true_negatives,subject_120_true_positives,subject_43_accuracy,subject_43_auc,subject_43_false_negatives,subject_43_false_positives,subject_43_loss,subject_43_pr,subject_43_precision,subject_43_recall,subject_43_true_negatives,subject_43_true_positives,subject_48_accuracy,subject_48_auc,subject_48_false_negatives,subject_48_false_positives,subject_48_loss,subject_48_pr,subject_48_precision,subject_48_recall,subject_48_true_negatives,subject_48_true_positives,subject_52_accuracy,subject_52_auc,subject_52_false_negatives,subject_52_false_positives,subject_52_loss,subject_52_pr,subject_52_precision,subject_52_recall,subject_52_true_negatives,subject_52_true_positives,subject_59_accuracy,subject_59_auc,subject_59_false_negatives,subject_59_false_positives,subject_59_loss,subject_59_pr,subject_59_precision,subject_59_recall,subject_59_true_negatives,subject_59_true_positives,subject_64_accuracy,subject_64_auc,subject_64_false_negatives,subject_64_false_positives,subject_64_loss,subject_64_pr,subject_64_precision,subject_64_recall,subject_64_true_negatives,subject_64_true_positives,subject_80_accuracy,subject_80_auc,subject_80_false_negatives,subject_80_false_positives,subject_80_loss,subject_80_pr,subject_80_precision,subject_80_recall,subject_80_true_negatives,subject_80_true_positives,subject_92_accuracy,subject_92_auc,subject_92_false_negatives,subject_92_false_positives,subject_92_loss,subject_92_pr,subject_92_precision,subject_92_recall,subject_92_true_negatives,subject_92_true_positives,true_negatives,true_positives,val_accuracy,val_auc,val_false_negatives,val_false_positives,val_loss,val_pr,val_precision,val_recall,val_true_negatives,val_true_positives
0,0.7288636565208435,0.848081648349762,708.0,485.0,0.7370339014313437,0.8501996397972107,0.7546787858009338,0.6781818270683289,,,,,,,,,,,,,,,,,,,,,,,,,,,,,,,,,,,,,,,,,,,,,,,,,,,,,,,,,,,,,,,,,,,,,,,,,,,,,,,,,,,,,,,,,,,,,,,,,,,,,,,,,,,,,,,1715.0,1492.0,0.7730860114097595,0.803266704082489,1031.0,1269.0,0.6989545872480547,0.6985877752304077,0.5903809070587158,0.6395105123519897,6007.0,1829.0
1,0.735909104347229,0.8530455827713013,683.0,479.0,0.7196594239364971,0.8549050092697144,0.7600200176239014,0.6895454525947571,,,,,,,,,,,,,,,,,,,,,,,,,,,,,,,,,,,,,,,,,,,,,,,,,,,,,,,,,,,,,,,,,,,,,,,,,,,,,,,,,,,,,,,,,,,,,,,,,,,,,,,,,,,,,,,1721.0,1517.0,0.7714088559150696,0.800433337688446,1036.0,1281.0,0.7101113151262007,0.6959540247917175,0.5874395966529846,0.6377622485160828,5995.0,1824.0
2,0.7418181896209717,0.8574988842010498,657.0,479.0,0.6965095772526481,0.8579827547073364,0.7631058096885681,0.7013636231422424,,,,,,,,,,,,,,,,,,,,,,,,,,,,,,,,,,,,,,,,,,,,,,,,,,,,,,,,,,,,,,,,,,,,,,,,,,,,,,,,,,,,,,,,,,,,,,,,,,,,,,,,,,,,,,,1721.0,1543.0,0.7724940776824951,0.8005113005638123,1027.0,1279.0,0.7099297862873364,0.6969157457351685,0.5890102982521057,0.6409090757369995,5997.0,1833.0
3,0.7461363673210144,0.862034797668457,642.0,475.0,0.6784164060245861,0.8614708781242371,0.7663551568984985,0.7081817984580994,,,,,,,,,,,,,,,,,,,,,,,,,,,,,,,,,,,,,,,,,,,,,,,,,,,,,,,,,,,,,,,,,,,,,,,,,,,,,,,,,,,,,,,,,,,,,,,,,,,,,,,,,,,,,,,1725.0,1558.0,0.7749605178833008,0.7998542189598083,1027.0,1254.0,0.7095709870956786,0.6967275142669678,0.5937803983688354,0.6409090757369995,6022.0,1833.0
4,0.7490909099578857,0.8652377128601074,620.0,484.0,0.6612662040103565,0.8639258742332458,0.7655038833618164,0.7181817889213562,,,,,,,,,,,,,,,,,,,,,,,,,,,,,,,,,,,,,,,,,,,,,,,,,,,,,,,,,,,,,,,,,,,,,,,,,,,,,,,,,,,,,,,,,,,,,,,,,,,,,,,,,,,,,,,1716.0,1580.0,0.7733820080757141,0.7993185520172119,1029.0,1268.0,0.7084141556164743,0.6967753171920776,0.5908357501029968,0.6402097940444946,6008.0,1831.0
5,0.753636360168457,0.8685063719749451,607.0,477.0,0.649032139453021,0.866194486618042,0.769565224647522,0.7240909337997437,,,,,,,,,,,,,,,,,,,,,,,,,,,,,,,,,,,,,,,,,,,,,,,,,,,,,,,,,,,,,,,,,,,,,,,,,,,,,,,,,,,,,,,,,,,,,,,,,,,,,,,,,,,,,,,1723.0,1593.0,0.7748618721961975,0.7983711361885071,1027.0,1255.0,0.7088231856933991,0.6961162090301514,0.5935880541801453,0.6409090757369995,6021.0,1833.0
