,accuracy,auc,false_negatives,false_positives,loss,pr,precision,recall,subject_107_accuracy,subject_107_auc,subject_107_false_negatives,subject_107_false_positives,subject_107_loss,subject_107_pr,subject_107_precision,subject_107_recall,subject_107_true_negatives,subject_107_true_positives,subject_109_accuracy,subject_109_auc,subject_109_false_negatives,subject_109_false_positives,subject_109_loss,subject_109_pr,subject_109_precision,subject_109_recall,subject_109_true_negatives,subject_109_true_positives,subject_115_accuracy,subject_115_auc,subject_115_false_negatives,subject_115_false_positives,subject_115_loss,subject_115_pr,subject_115_precision,subject_115_recall,subject_115_true_negatives,subject_115_true_positives,subject_120_accuracy,subject_120_auc,subject_120_false_negatives,subject_120_false_positives,subject_120_loss,subject_120_pr,subject_120_precision,subject_120_recall,subject_120_true_negatives,subject_120_true_positives,subject_43_accuracy,subject_43_auc,subject_43_false_negatives,subject_43_false_positives,subject_43_loss,subject_43_pr,subject_43_precision,subject_43_recall,subject_43_true_negatives,subject_43_true_positives,subject_48_accuracy,subject_48_auc,subject_48_false_negatives,subject_48_false_positives,subject_48_loss,subject_48_pr,subject_48_precision,subject_48_recall,subject_48_true_negatives,subject_48_true_positives,subject_52_accuracy,subject_52_auc,subject_52_false_negatives,subject_52_false_positives,subject_52_loss,subject_52_pr,subject_52_precision,subject_52_recall,subject_52_true_negatives,subject_52_true_positives,subject_59_accuracy,subject_59_auc,subject_59_false_negatives,subject_59_false_positives,subject_59_loss,subject_59_pr,subject_59_precision,subject_59_recall,subject_59_true_negatives,subject_59_true_positives,subject_64_accuracy,subject_64_auc,subject_64_false_negatives,subject_64_false_positives,subject_64_loss,subject_64_pr,subject_64_precision,subject_64_recall,subject_64_true_negatives,subject_64_true_positives,subject_80_accuracy,subject_80_auc,subject_80_false_negatives,subject_80_false_positives,subject_80_loss,subject_80_pr,subject_80_precision,subject_80_recall,subject_80_true_negatives,subject_80_true_positives,subject_92_accuracy,subject_92_auc,subject_92_false_negatives,subject_92_false_positives,subject_92_loss,subject_92_pr,subject_92_precision,subject_92_recall,subject_92_true_negatives,subject_92_true_positives,true_negatives,true_positives,val_accuracy,val_auc,val_false_negatives,val_false_positives,val_loss,val_pr,val_precision,val_recall,val_true_negatives,val_true_positives
0,0.715681791305542,0.7585678696632385,680.0,571.0,0.9998925185203552,0.6818270683288574,0.7269248962402344,0.6909090876579285,,,,,,,,,,,,,,,,,,,,,,,,,,,,,,,,,,,,,,,,,,,,,,,,,,,,,,,,,,,,,,,,,,,,,,,,,,,,,,,,,,,,,,,,,,,,,,,,,,,,,,,,,,,,,,,1629.0,1520.0,0.7784419655799866,0.8097403049468994,701.0,1597.0,0.8792029425998912,0.3132610321044922,0.36425158381462097,0.5662128925323486,7159.0,915.0
1,0.7386363744735718,0.7831388711929321,552.0,598.0,0.8896788639372045,0.7128284573554993,0.7337489128112793,0.7490909099578857,,,,,,,,,,,,,,,,,,,,,,,,,,,,,,,,,,,,,,,,,,,,,,,,,,,,,,,,,,,,,,,,,,,,,,,,,,,,,,,,,,,,,,,,,,,,,,,,,,,,,,,,,,,,,,,1602.0,1648.0,0.7713073492050171,0.8016011118888855,664.0,1708.0,0.8930535761145979,0.3104172945022583,0.35789474844932556,0.5891088843345642,7048.0,952.0
2,0.7495454549789429,0.8009853363037109,509.0,593.0,0.8214458919655193,0.7384002208709717,0.7403677701950073,0.7686363458633423,,,,,,,,,,,,,,,,,,,,,,,,,,,,,,,,,,,,,,,,,,,,,,,,,,,,,,,,,,,,,,,,,,,,,,,,,,,,,,,,,,,,,,,,,,,,,,,,,,,,,,,,,,,,,,,1607.0,1691.0,0.7656189799308777,0.7917131781578064,676.0,1755.0,0.8961857003890727,0.3049197196960449,0.3487940728664398,0.5816831588745117,7001.0,940.0
3,0.7606818079948425,0.8152464628219604,478.0,575.0,0.7749659256501631,0.7607177495956421,0.7496734857559204,0.7827273011207581,,,,,,,,,,,,,,,,,,,,,,,,,,,,,,,,,,,,,,,,,,,,,,,,,,,,,,,,,,,,,,,,,,,,,,,,,,,,,,,,,,,,,,,,,,,,,,,,,,,,,,,,,,,,,,,1625.0,1722.0,0.7608947157859802,0.7844125032424927,693.0,1787.0,0.9080115996568395,0.300680011510849,0.3405904173851013,0.5711633563041687,6969.0,923.0
4,0.769318163394928,0.8256917595863342,459.0,556.0,0.7407488706978884,0.7755390405654907,0.7579451203346252,0.7913636565208435,,,,,,,,,,,,,,,,,,,,,,,,,,,,,,,,,,,,,,,,,,,,,,,,,,,,,,,,,,,,,,,,,,,,,,,,,,,,,,,,,,,,,,,,,,,,,,,,,,,,,,,,,,,,,,,1644.0,1741.0,0.7570381760597229,0.7765400409698486,718.0,1802.0,0.9168286862241868,0.2971588671207428,0.33259260654449463,0.5556930899620056,6954.0,898.0
5,0.778181791305542,0.8344264030456543,456.0,520.0,0.7137664924968373,0.7887312173843384,0.7703180313110352,0.7927272915840149,,,,,,,,,,,,,,,,,,,,,,,,,,,,,,,,,,,,,,,,,,,,,,,,,,,,,,,,,,,,,,,,,,,,,,,,,,,,,,,,,,,,,,,,,,,,,,,,,,,,,,,,,,,,,,,1680.0,1744.0,0.7553027272224426,0.7702038288116455,740.0,1798.0,0.9209685340707614,0.29342377185821533,0.32759910821914673,0.5420792102813721,6958.0,876.0
