,accuracy,auc,false_negatives,false_positives,loss,pr,precision,recall,subject_107_accuracy,subject_107_auc,subject_107_false_negatives,subject_107_false_positives,subject_107_loss,subject_107_pr,subject_107_precision,subject_107_recall,subject_107_true_negatives,subject_107_true_positives,subject_115_accuracy,subject_115_auc,subject_115_false_negatives,subject_115_false_positives,subject_115_loss,subject_115_pr,subject_115_precision,subject_115_recall,subject_115_true_negatives,subject_115_true_positives,subject_120_accuracy,subject_120_auc,subject_120_false_negatives,subject_120_false_positives,subject_120_loss,subject_120_pr,subject_120_precision,subject_120_recall,subject_120_true_negatives,subject_120_true_positives,subject_43_accuracy,subject_43_auc,subject_43_false_negatives,subject_43_false_positives,subject_43_loss,subject_43_pr,subject_43_precision,subject_43_recall,subject_43_true_negatives,subject_43_true_positives,subject_52_accuracy,subject_52_auc,subject_52_false_negatives,subject_52_false_positives,subject_52_loss,subject_52_pr,subject_52_precision,subject_52_recall,subject_52_true_negatives,subject_52_true_positives,subject_64_accuracy,subject_64_auc,subject_64_false_negatives,subject_64_false_positives,subject_64_loss,subject_64_pr,subject_64_precision,subject_64_recall,subject_64_true_negatives,subject_64_true_positives,subject_80_accuracy,subject_80_auc,subject_80_false_negatives,subject_80_false_positives,subject_80_loss,subject_80_pr,subject_80_precision,subject_80_recall,subject_80_true_negatives,subject_80_true_positives,subject_92_accuracy,subject_92_auc,subject_92_false_negatives,subject_92_false_positives,subject_92_loss,subject_92_pr,subject_92_precision,subject_92_recall,subject_92_true_negatives,subject_92_true_positives,true_negatives,true_positives,val_accuracy,val_auc,val_false_negatives,val_false_positives,val_loss,val_pr,val_precision,val_recall,val_true_negatives,val_true_positives
0,0.5743749737739563,0.685219943523407,1060.0,302.0,1.612945247888565,0.6196272373199463,0.6413301825523376,0.3375000059604645,,,,,,,,,,,,,,,,,,,,,,,,,,,,,,,,,,,,,,,,,,,,,,,,,,,,,,,,,,,,,,,,,,,,,,,,,,,,,,,,,1298.0,540.0,0.810256838798523,0.8651870489120483,876.0,1281.0,0.5583545949957599,0.6518072485923767,0.5702784061431885,0.659937858581543,7511.0,1700.0
1,0.5903124809265137,0.7129436135292053,1016.0,295.0,1.5168451964855194,0.6434023976325989,0.6643913388252258,0.36500000953674316,,,,,,,,,,,,,,,,,,,,,,,,,,,,,,,,,,,,,,,,,,,,,,,,,,,,,,,,,,,,,,,,,,,,,,,,,,,,,,,,,1305.0,584.0,0.8068261742591858,0.8625636696815491,899.0,1297.0,0.5717931379033888,0.6557007431983948,0.5638870000839233,0.6510093212127686,7495.0,1677.0
2,0.6318749785423279,0.7388833165168762,894.0,284.0,1.3920910608768464,0.6643882393836975,0.713131308555603,0.4412499964237213,,,,,,,,,,,,,,,,,,,,,,,,,,,,,,,,,,,,,,,,,,,,,,,,,,,,,,,,,,,,,,,,,,,,,,,,,,,,,,,,,1316.0,706.0,0.805506706237793,0.8606754541397095,896.0,1315.0,0.5783391336816704,0.6548463106155396,0.5609349012374878,0.6521739363670349,7477.0,1680.0
3,0.6696875095367432,0.7595190405845642,775.0,282.0,1.2941848573088646,0.6802903413772583,0.7452574372291565,0.515625,,,,,,,,,,,,,,,,,,,,,,,,,,,,,,,,,,,,,,,,,,,,,,,,,,,,,,,,,,,,,,,,,,,,,,,,,,,,,,,,,1318.0,825.0,0.802955687046051,0.8574814200401306,871.0,1369.0,0.5909214118137736,0.6494045257568359,0.5546519160270691,0.6618788838386536,7423.0,1705.0
4,0.6987500190734863,0.7736761569976807,685.0,279.0,1.2095224499702453,0.6926738023757935,0.766331672668457,0.5718749761581421,,,,,,,,,,,,,,,,,,,,,,,,,,,,,,,,,,,,,,,,,,,,,,,,,,,,,,,,,,,,,,,,,,,,,,,,,,,,,,,,,1321.0,915.0,0.8011963367462158,0.8560478687286377,847.0,1413.0,0.6016665116256598,0.6461955308914185,0.5502864122390747,0.6711956262588501,7379.0,1729.0
5,0.7137500047683716,0.7852855324745178,644.0,272.0,1.151011389195919,0.7018591165542603,0.7785016298294067,0.5975000262260437,,,,,,,,,,,,,,,,,,,,,,,,,,,,,,,,,,,,,,,,,,,,,,,,,,,,,,,,,,,,,,,,,,,,,,,,,,,,,,,,,1328.0,956.0,0.8002287149429321,0.8536851406097412,844.0,1427.0,0.6121974327692593,0.6430285573005676,0.5482747554779053,0.6723602414131165,7365.0,1732.0
