,accuracy,auc,false_negatives,false_positives,loss,pr,precision,recall,subject_107_accuracy,subject_107_auc,subject_107_false_negatives,subject_107_false_positives,subject_107_loss,subject_107_pr,subject_107_precision,subject_107_recall,subject_107_true_negatives,subject_107_true_positives,subject_109_accuracy,subject_109_auc,subject_109_false_negatives,subject_109_false_positives,subject_109_loss,subject_109_pr,subject_109_precision,subject_109_recall,subject_109_true_negatives,subject_109_true_positives,subject_115_accuracy,subject_115_auc,subject_115_false_negatives,subject_115_false_positives,subject_115_loss,subject_115_pr,subject_115_precision,subject_115_recall,subject_115_true_negatives,subject_115_true_positives,subject_120_accuracy,subject_120_auc,subject_120_false_negatives,subject_120_false_positives,subject_120_loss,subject_120_pr,subject_120_precision,subject_120_recall,subject_120_true_negatives,subject_120_true_positives,subject_43_accuracy,subject_43_auc,subject_43_false_negatives,subject_43_false_positives,subject_43_loss,subject_43_pr,subject_43_precision,subject_43_recall,subject_43_true_negatives,subject_43_true_positives,subject_48_accuracy,subject_48_auc,subject_48_false_negatives,subject_48_false_positives,subject_48_loss,subject_48_pr,subject_48_precision,subject_48_recall,subject_48_true_negatives,subject_48_true_positives,subject_52_accuracy,subject_52_auc,subject_52_false_negatives,subject_52_false_positives,subject_52_loss,subject_52_pr,subject_52_precision,subject_52_recall,subject_52_true_negatives,subject_52_true_positives,subject_59_accuracy,subject_59_auc,subject_59_false_negatives,subject_59_false_positives,subject_59_loss,subject_59_pr,subject_59_precision,subject_59_recall,subject_59_true_negatives,subject_59_true_positives,subject_64_accuracy,subject_64_auc,subject_64_false_negatives,subject_64_false_positives,subject_64_loss,subject_64_pr,subject_64_precision,subject_64_recall,subject_64_true_negatives,subject_64_true_positives,subject_80_accuracy,subject_80_auc,subject_80_false_negatives,subject_80_false_positives,subject_80_loss,subject_80_pr,subject_80_precision,subject_80_recall,subject_80_true_negatives,subject_80_true_positives,subject_92_accuracy,subject_92_auc,subject_92_false_negatives,subject_92_false_positives,subject_92_loss,subject_92_pr,subject_92_precision,subject_92_recall,subject_92_true_negatives,subject_92_true_positives,subject_96_accuracy,subject_96_auc,subject_96_false_negatives,subject_96_false_positives,subject_96_loss,subject_96_pr,subject_96_precision,subject_96_recall,subject_96_true_negatives,subject_96_true_positives,true_negatives,true_positives,val_accuracy,val_auc,val_false_negatives,val_false_positives,val_loss,val_pr,val_precision,val_recall,val_true_negatives,val_true_positives
0,0.9841666718324026,0.9986323018868764,56.0,20.0,0.04333376514725387,0.9986612300078075,0.9913489222526551,0.9766666690508525,,,,,,,,,,,,,,,,,,,,,,,,,,,,,,,,,,,,,,,,,,,,,,,,,,,,,,,,,,,,,,,,,,,,,,,,,,,,,,,,,,,,,,,,,,,,,,,,,,,,,,,,,,,,,,,,,,,,,,,,,2380.0,2344.0,0.9902323094189733,0.0,0.0,37.0,0.026064514404828067,0.0,0.0,0.0,3751.0,0.0
1,0.9979166686534883,0.999989574154218,10.0,0.0,0.01714471417168776,0.9999897976716361,1.0,0.9958333323399227,,,,,,,,,,,,,,,,,,,,,,,,,,,,,,,,,,,,,,,,,,,,,,,,,,,,,,,,,,,,,,,,,,,,,,,,,,,,,,,,,,,,,,,,,,,,,,,,,,,,,,,,,,,,,,,,,,,,,,,,,2400.0,2390.0,0.9920802538095332,0.0,0.0,30.0,0.022269737289442412,0.0,0.0,0.0,3758.0,0.0
2,0.9997916668653489,0.9999999900658926,1.0,0.0,0.009485492269353319,0.9999999950329465,1.0,0.9995833337306977,,,,,,,,,,,,,,,,,,,,,,,,,,,,,,,,,,,,,,,,,,,,,,,,,,,,,,,,,,,,,,,,,,,,,,,,,,,,,,,,,,,,,,,,,,,,,,,,,,,,,,,,,,,,,,,,,,,,,,,,,2400.0,2399.0,0.9918162595508218,0.0,0.0,31.0,0.02130140841588141,0.0,0.0,0.0,3757.0,0.0
3,1.0,1.0,0.0,0.0,0.006606781315834572,0.9999999900658927,1.0,1.0,,,,,,,,,,,,,,,,,,,,,,,,,,,,,,,,,,,,,,,,,,,,,,,,,,,,,,,,,,,,,,,,,,,,,,,,,,,,,,,,,,,,,,,,,,,,,,,,,,,,,,,,,,,,,,,,,,,,,,,,,2400.0,2400.0,0.9918162595508218,0.0,0.0,31.0,0.020841517138222406,0.0,0.0,0.0,3757.0,0.0
4,1.0,0.9999999850988389,0.0,0.0,0.005182544679070512,1.0000000049670539,1.0,1.0,,,,,,,,,,,,,,,,,,,,,,,,,,,,,,,,,,,,,,,,,,,,,,,,,,,,,,,,,,,,,,,,,,,,,,,,,,,,,,,,,,,,,,,,,,,,,,,,,,,,,,,,,,,,,,,,,,,,,,,,,2400.0,2400.0,0.9915522702014685,0.0,0.0,32.0,0.020656790180344956,0.0,0.0,0.0,3756.0,0.0
5,1.0,0.9999999900658927,0.0,0.0,0.004371538253035396,0.9999999751647314,1.0,1.0,,,,,,,,,,,,,,,,,,,,,,,,,,,,,,,,,,,,,,,,,,,,,,,,,,,,,,,,,,,,,,,,,,,,,,,,,,,,,,,,,,,,,,,,,,,,,,,,,,,,,,,,,,,,,,,,,,,,,,,,,2400.0,2400.0,0.9912882789009603,0.0,0.0,33.0,0.020537168168321872,0.0,0.0,0.0,3755.0,0.0
6,1.0,0.9999999900658925,0.0,0.0,0.0038228184372807545,0.9999999950329465,1.0,1.0,,,,,,,,,,,,,,,,,,,,,,,,,,,,,,,,,,,,,,,,,,,,,,,,,,,,,,,,,,,,,,,,,,,,,,,,,,,,,,,,,,,,,,,,,,,,,,,,,,,,,,,,,,,,,,,,,,,,,,,,,2400.0,2400.0,0.9915522677467894,0.0,0.0,32.0,0.020465207188533716,0.0,0.0,0.0,3756.0,0.0
7,1.0,1.0,0.0,0.0,0.0034102546074427664,0.9999999900658926,1.0,1.0,,,,,,,,,,,,,,,,,,,,,,,,,,,,,,,,,,,,,,,,,,,,,,,,,,,,,,,,,,,,,,,,,,,,,,,,,,,,,,,,,,,,,,,,,,,,,,,,,,,,,,,,,,,,,,,,,,,,,,,,,2400.0,2400.0,0.9915522677467894,0.0,0.0,32.0,0.02023393669241396,0.0,0.0,0.0,3756.0,0.0
8,1.0,1.000000034769376,0.0,0.0,0.0030932435990932085,1.0000000099341075,1.0,1.0,,,,,,,,,,,,,,,,,,,,,,,,,,,,,,,,,,,,,,,,,,,,,,,,,,,,,,,,,,,,,,,,,,,,,,,,,,,,,,,,,,,,,,,,,,,,,,,,,,,,,,,,,,,,,,,,,,,,,,,,,2400.0,2400.0,0.9918162590472979,0.0,0.0,31.0,0.020174199656741703,0.0,0.0,0.0,3757.0,0.0
9,1.0,1.0000000099341073,0.0,0.0,0.0028393653058446946,1.0,1.0,1.0,,,,,,,,,,,,,,,,,,,,,,,,,,,,,,,,,,,,,,,,,,,,,,,,,,,,,,,,,,,,,,,,,,,,,,,,,,,,,,,,,,,,,,,,,,,,,,,,,,,,,,,,,,,,,,,,,,,,,,,,,2400.0,2400.0,0.9918162590472979,0.0,0.0,31.0,0.020081275151733954,0.0,0.0,0.0,3757.0,0.0
10,1.0,0.9999999950329463,0.0,0.0,0.00262990510595652,0.9999999900658927,1.0,1.0,,,,,,,,,,,,,,,,,,,,,,,,,,,,,,,,,,,,,,,,,,,,,,,,,,,,,,,,,,,,,,,,,,,,,,,,,,,,,,,,,,,,,,,,,,,,,,,,,,,,,,,,,,,,,,,,,,,,,,,,,2400.0,2400.0,0.9920802503478061,0.0,0.0,30.0,0.019905043602258782,0.0,0.0,0.0,3758.0,0.0
11,1.0,0.9999999950329465,0.0,0.0,0.0024512071003361295,1.0,1.0,1.0,,,,,,,,,,,,,,,,,,,,,,,,,,,,,,,,,,,,,,,,,,,,,,,,,,,,,,,,,,,,,,,,,,,,,,,,,,,,,,,,,,,,,,,,,,,,,,,,,,,,,,,,,,,,,,,,,,,,,,,,,2400.0,2400.0,0.9923442492011734,0.0,0.0,29.0,0.019935828172401384,0.0,0.0,0.0,3759.0,0.0
12,1.0,0.9999999900658927,0.0,0.0,0.00229771279807513,1.0,1.0,1.0,,,,,,,,,,,,,,,,,,,,,,,,,,,,,,,,,,,,,,,,,,,,,,,,,,,,,,,,,,,,,,,,,,,,,,,,,,,,,,,,,,,,,,,,,,,,,,,,,,,,,,,,,,,,,,,,,,,,,,,,,2400.0,2400.0,0.9923442492011734,0.0,0.0,29.0,0.019956175699260455,0.0,0.0,0.0,3759.0,0.0
13,1.0,0.9999999850988388,0.0,0.0,0.0021646874343665937,1.0,1.0,1.0,,,,,,,,,,,,,,,,,,,,,,,,,,,,,,,,,,,,,,,,,,,,,,,,,,,,,,,,,,,,,,,,,,,,,,,,,,,,,,,,,,,,,,,,,,,,,,,,,,,,,,,,,,,,,,,,,,,,,,,,,2400.0,2400.0,0.9923442492011734,0.0,0.0,29.0,0.01990668605162226,0.0,0.0,0.0,3759.0,0.0
14,1.0,0.9999999850988389,0.0,0.0,0.002047761321300641,0.9999999900658927,1.0,1.0,,,,,,,,,,,,,,,,,,,,,,,,,,,,,,,,,,,,,,,,,,,,,,,,,,,,,,,,,,,,,,,,,,,,,,,,,,,,,,,,,,,,,,,,,,,,,,,,,,,,,,,,,,,,,,,,,,,,,,,,,2400.0,2400.0,0.9923442492011734,0.0,0.0,29.0,0.019821608758815112,0.0,0.0,0.0,3759.0,0.0
15,1.0,0.9999999950329463,0.0,0.0,0.0019453998065243167,0.9999999850988389,1.0,1.0,,,,,,,,,,,,,,,,,,,,,,,,,,,,,,,,,,,,,,,,,,,,,,,,,,,,,,,,,,,,,,,,,,,,,,,,,,,,,,,,,,,,,,,,,,,,,,,,,,,,,,,,,,,,,,,,,,,,,,,,,2400.0,2400.0,0.9923442492011734,0.0,0.0,29.0,0.019796262236604363,0.0,0.0,0.0,3759.0,0.0
16,1.0,0.9999999900658927,0.0,0.0,0.0018529734360830238,0.9999999950329463,1.0,1.0,,,,,,,,,,,,,,,,,,,,,,,,,,,,,,,,,,,,,,,,,,,,,,,,,,,,,,,,,,,,,,,,,,,,,,,,,,,,,,,,,,,,,,,,,,,,,,,,,,,,,,,,,,,,,,,,,,,,,,,,,2400.0,2400.0,0.9923442492011734,0.0,0.0,29.0,0.019717931553797703,0.0,0.0,0.0,3759.0,0.0
17,1.0,1.0000000049670537,0.0,0.0,0.0017701557012818137,0.9999999950329463,1.0,1.0,,,,,,,,,,,,,,,,,,,,,,,,,,,,,,,,,,,,,,,,,,,,,,,,,,,,,,,,,,,,,,,,,,,,,,,,,,,,,,,,,,,,,,,,,,,,,,,,,,,,,,,,,,,,,,,,,,,,,,,,,2400.0,2400.0,0.9923442492011734,0.0,0.0,29.0,0.019696468341190505,0.0,0.0,0.0,3759.0,0.0
18,1.0,1.0000000049670539,0.0,0.0,0.0016946209396701305,0.9999999950329465,1.0,1.0,,,,,,,,,,,,,,,,,,,,,,,,,,,,,,,,,,,,,,,,,,,,,,,,,,,,,,,,,,,,,,,,,,,,,,,,,,,,,,,,,,,,,,,,,,,,,,,,,,,,,,,,,,,,,,,,,,,,,,,,,2400.0,2400.0,0.9923442492011734,0.0,0.0,29.0,0.01960521175102525,0.0,0.0,0.0,3759.0,0.0
19,1.0,1.0000000099341075,0.0,0.0,0.0016257928760023787,1.0,1.0,1.0,,,,,,,,,,,,,,,,,,,,,,,,,,,,,,,,,,,,,,,,,,,,,,,,,,,,,,,,,,,,,,,,,,,,,,,,,,,,,,,,,,,,,,,,,,,,,,,,,,,,,,,,,,,,,,,,,,,,,,,,,2400.0,2400.0,0.9923442492011734,0.0,0.0,29.0,0.019570661247046536,0.0,0.0,0.0,3759.0,0.0
20,1.0,0.9999999950329465,0.0,0.0,0.0015633857717815163,1.0,1.0,1.0,,,,,,,,,,,,,,,,,,,,,,,,,,,,,,,,,,,,,,,,,,,,,,,,,,,,,,,,,,,,,,,,,,,,,,,,,,,,,,,,,,,,,,,,,,,,,,,,,,,,,,,,,,,,,,,,,,,,,,,,,2400.0,2400.0,0.9923442492011734,0.0,0.0,29.0,0.019485133590541562,0.0,0.0,0.0,3759.0,0.0
21,1.0,0.9999999850988389,0.0,0.0,0.0015057948577062536,1.0,1.0,1.0,,,,,,,,,,,,,,,,,,,,,,,,,,,,,,,,,,,,,,,,,,,,,,,,,,,,,,,,,,,,,,,,,,,,,,,,,,,,,,,,,,,,,,,,,,,,,,,,,,,,,,,,,,,,,,,,,,,,,,,,,2400.0,2400.0,0.9923442492011734,0.0,0.0,29.0,0.01942152866445669,0.0,0.0,0.0,3759.0,0.0
22,1.0,0.9999999900658927,0.0,0.0,0.001452331561789227,0.9999999950329463,1.0,1.0,,,,,,,,,,,,,,,,,,,,,,,,,,,,,,,,,,,,,,,,,,,,,,,,,,,,,,,,,,,,,,,,,,,,,,,,,,,,,,,,,,,,,,,,,,,,,,,,,,,,,,,,,,,,,,,,,,,,,,,,,2400.0,2400.0,0.9923442492011734,0.0,0.0,29.0,0.019461675432952973,0.0,0.0,0.0,3759.0,0.0
23,1.0,0.9999999900658927,0.0,0.0,0.0014040138120374954,1.0,1.0,1.0,,,,,,,,,,,,,,,,,,,,,,,,,,,,,,,,,,,,,,,,,,,,,,,,,,,,,,,,,,,,,,,,,,,,,,,,,,,,,,,,,,,,,,,,,,,,,,,,,,,,,,,,,,,,,,,,,,,,,,,,,2400.0,2400.0,0.9923442492011734,0.0,0.0,29.0,0.01932618684672999,0.0,0.0,0.0,3759.0,0.0
24,1.0,1.0,0.0,0.0,0.0013581067626364529,1.0,1.0,1.0,,,,,,,,,,,,,,,,,,,,,,,,,,,,,,,,,,,,,,,,,,,,,,,,,,,,,,,,,,,,,,,,,,,,,,,,,,,,,,,,,,,,,,,,,,,,,,,,,,,,,,,,,,,,,,,,,,,,,,,,,2400.0,2400.0,0.9923442492011734,0.0,0.0,29.0,0.019262421924911045,0.0,0.0,0.0,3759.0,0.0
25,1.0,0.9999999950329463,0.0,0.0,0.0013154337091449027,1.0,1.0,1.0,,,,,,,,,,,,,,,,,,,,,,,,,,,,,,,,,,,,,,,,,,,,,,,,,,,,,,,,,,,,,,,,,,,,,,,,,,,,,,,,,,,,,,,,,,,,,,,,,,,,,,,,,,,,,,,,,,,,,,,,,2400.0,2400.0,0.9923442492011734,0.0,0.0,29.0,0.019320239491760947,0.0,0.0,0.0,3759.0,0.0
26,1.0,0.9999999950329463,0.0,0.0,0.0012762315674141672,1.0,1.0,1.0,,,,,,,,,,,,,,,,,,,,,,,,,,,,,,,,,,,,,,,,,,,,,,,,,,,,,,,,,,,,,,,,,,,,,,,,,,,,,,,,,,,,,,,,,,,,,,,,,,,,,,,,,,,,,,,,,,,,,,,,,2400.0,2400.0,0.9920802579006651,0.0,0.0,30.0,0.0192770866754596,0.0,0.0,0.0,3758.0,0.0
27,1.0,0.9999999950329463,0.0,0.0,0.0012390824054212622,1.0,1.0,1.0,,,,,,,,,,,,,,,,,,,,,,,,,,,,,,,,,,,,,,,,,,,,,,,,,,,,,,,,,,,,,,,,,,,,,,,,,,,,,,,,,,,,,,,,,,,,,,,,,,,,,,,,,,,,,,,,,,,,,,,,,2400.0,2400.0,0.9926082405016818,0.0,0.0,28.0,0.019212991231702864,0.0,0.0,0.0,3760.0,0.0
28,1.0,1.0,0.0,0.0,0.0012035447265952826,1.0,1.0,1.0,,,,,,,,,,,,,,,,,,,,,,,,,,,,,,,,,,,,,,,,,,,,,,,,,,,,,,,,,,,,,,,,,,,,,,,,,,,,,,,,,,,,,,,,,,,,,,,,,,,,,,,,,,,,,,,,,,,,,,,,,2400.0,2400.0,0.9926082405016818,0.0,0.0,28.0,0.019174533052794034,0.0,0.0,0.0,3760.0,0.0
29,1.0,1.0,0.0,0.0,0.0011713996929271766,1.0,1.0,1.0,,,,,,,,,,,,,,,,,,,,,,,,,,,,,,,,,,,,,,,,,,,,,,,,,,,,,,,,,,,,,,,,,,,,,,,,,,,,,,,,,,,,,,,,,,,,,,,,,,,,,,,,,,,,,,,,,,,,,,,,,2400.0,2400.0,0.9926082405016818,0.0,0.0,28.0,0.019167314734470923,0.0,0.0,0.0,3760.0,0.0
