,accuracy,auc,false_negatives,false_positives,loss,pr,precision,recall,subject_107_accuracy,subject_107_auc,subject_107_false_negatives,subject_107_false_positives,subject_107_loss,subject_107_pr,subject_107_precision,subject_107_recall,subject_107_true_negatives,subject_107_true_positives,subject_109_accuracy,subject_109_auc,subject_109_false_negatives,subject_109_false_positives,subject_109_loss,subject_109_pr,subject_109_precision,subject_109_recall,subject_109_true_negatives,subject_109_true_positives,subject_115_accuracy,subject_115_auc,subject_115_false_negatives,subject_115_false_positives,subject_115_loss,subject_115_pr,subject_115_precision,subject_115_recall,subject_115_true_negatives,subject_115_true_positives,subject_120_accuracy,subject_120_auc,subject_120_false_negatives,subject_120_false_positives,subject_120_loss,subject_120_pr,subject_120_precision,subject_120_recall,subject_120_true_negatives,subject_120_true_positives,subject_43_accuracy,subject_43_auc,subject_43_false_negatives,subject_43_false_positives,subject_43_loss,subject_43_pr,subject_43_precision,subject_43_recall,subject_43_true_negatives,subject_43_true_positives,subject_48_accuracy,subject_48_auc,subject_48_false_negatives,subject_48_false_positives,subject_48_loss,subject_48_pr,subject_48_precision,subject_48_recall,subject_48_true_negatives,subject_48_true_positives,subject_52_accuracy,subject_52_auc,subject_52_false_negatives,subject_52_false_positives,subject_52_loss,subject_52_pr,subject_52_precision,subject_52_recall,subject_52_true_negatives,subject_52_true_positives,subject_59_accuracy,subject_59_auc,subject_59_false_negatives,subject_59_false_positives,subject_59_loss,subject_59_pr,subject_59_precision,subject_59_recall,subject_59_true_negatives,subject_59_true_positives,subject_64_accuracy,subject_64_auc,subject_64_false_negatives,subject_64_false_positives,subject_64_loss,subject_64_pr,subject_64_precision,subject_64_recall,subject_64_true_negatives,subject_64_true_positives,subject_80_accuracy,subject_80_auc,subject_80_false_negatives,subject_80_false_positives,subject_80_loss,subject_80_pr,subject_80_precision,subject_80_recall,subject_80_true_negatives,subject_80_true_positives,subject_92_accuracy,subject_92_auc,subject_92_false_negatives,subject_92_false_positives,subject_92_loss,subject_92_pr,subject_92_precision,subject_92_recall,subject_92_true_negatives,subject_92_true_positives,true_negatives,true_positives,val_accuracy,val_auc,val_false_negatives,val_false_positives,val_loss,val_pr,val_precision,val_recall,val_true_negatives,val_true_positives
0,0.9777272777123887,0.9998977075923573,88.0,10.0,0.05689630371010438,0.9998990080573342,0.9955540028485386,0.9600000002167443,,,,,,,,,,,,,,,,,,,,,,,,,,,,,,,,,,,,,,,,,,,,,,,,,,,,,,,,,,,,,,,,,,,,,,,,,,,,,,,,,,,,,,,,,,,,,,,,,,,,,,,,,,,,,,,2190.0,2112.0,0.7860102684317185,0.6527837810783567,1241.0,928.0,0.7486605360355881,0.5742472148285009,0.5668564984646949,0.4111230667679032,6348.0,1619.0
1,0.9984090924263003,1.0000000000000002,7.0,0.0,0.017031523406251588,0.9999999945813961,1.0000000000000002,0.9968181848526003,,,,,,,,,,,,,,,,,,,,,,,,,,,,,,,,,,,,,,,,,,,,,,,,,,,,,,,,,,,,,,,,,,,,,,,,,,,,,,,,,,,,,,,,,,,,,,,,,,,,,,,,,,,,,,,2200.0,2193.0,0.7737766315876825,0.6494223226829128,1216.0,1077.0,0.8090488285272323,0.5668218639438889,0.5567779146905198,0.4220246541796762,6199.0,1644.0
2,1.0000000000000002,0.9999999891627919,0.0,0.0,0.008549821026284586,0.999999989162792,1.0000000000000002,1.0000000000000002,,,,,,,,,,,,,,,,,,,,,,,,,,,,,,,,,,,,,,,,,,,,,,,,,,,,,,,,,,,,,,,,,,,,,,,,,,,,,,,,,,,,,,,,,,,,,,,,,,,,,,,,,,,,,,,2200.0,2200.0,0.764897391000129,0.6453912268027416,1236.0,1147.0,0.8698441892257824,0.5631088422289399,0.559695985953264,0.4182265834278635,6129.0,1624.0
3,1.0000000000000002,0.999999994581396,0.0,0.0,0.005925806418315254,0.999999989162792,1.0000000000000002,1.0000000000000002,,,,,,,,,,,,,,,,,,,,,,,,,,,,,,,,,,,,,,,,,,,,,,,,,,,,,,,,,,,,,,,,,,,,,,,,,,,,,,,,,,,,,,,,,,,,,,,,,,,,,,,,,,,,,,,2200.0,2200.0,0.7616416777836214,0.6436958050012778,1241.0,1175.0,0.9099594330165529,0.5605865330468413,0.5586888604542356,0.41853986233590434,6101.0,1619.0
4,1.0000000000000002,1.0000000000000002,0.0,0.0,0.004694334876257926,1.0000000162558123,1.0000000000000002,1.0000000000000002,,,,,,,,,,,,,,,,,,,,,,,,,,,,,,,,,,,,,,,,,,,,,,,,,,,,,,,,,,,,,,,,,,,,,,,,,,,,,,,,,,,,,,,,,,,,,,,,,,,,,,,,,,,,,,,2200.0,2200.0,0.7595698579428416,0.6414115861022953,1252.0,1185.0,0.9365384647904988,0.5574717093803042,0.5583964878871107,0.4163499997065777,6091.0,1608.0
5,1.0000000000000002,1.0000000270930205,0.0,0.0,0.0039765156375836915,0.9999999837441879,1.0000000000000002,1.0000000000000002,,,,,,,,,,,,,,,,,,,,,,,,,,,,,,,,,,,,,,,,,,,,,,,,,,,,,,,,,,,,,,,,,,,,,,,,,,,,,,,,,,,,,,,,,,,,,,,,,,,,,,,,,,,,,,,2200.0,2200.0,0.7584846151938283,0.6398206068336634,1255.0,1193.0,0.9538096417096943,0.5548386022671998,0.5567159002563007,0.41589036128750534,6083.0,1605.0
