,accuracy,auc,false_negatives,false_positives,loss,pr,precision,recall,subject_107_accuracy,subject_107_auc,subject_107_false_negatives,subject_107_false_positives,subject_107_loss,subject_107_pr,subject_107_precision,subject_107_recall,subject_107_true_negatives,subject_107_true_positives,subject_115_accuracy,subject_115_auc,subject_115_false_negatives,subject_115_false_positives,subject_115_loss,subject_115_pr,subject_115_precision,subject_115_recall,subject_115_true_negatives,subject_115_true_positives,subject_120_accuracy,subject_120_auc,subject_120_false_negatives,subject_120_false_positives,subject_120_loss,subject_120_pr,subject_120_precision,subject_120_recall,subject_120_true_negatives,subject_120_true_positives,subject_43_accuracy,subject_43_auc,subject_43_false_negatives,subject_43_false_positives,subject_43_loss,subject_43_pr,subject_43_precision,subject_43_recall,subject_43_true_negatives,subject_43_true_positives,subject_52_accuracy,subject_52_auc,subject_52_false_negatives,subject_52_false_positives,subject_52_loss,subject_52_pr,subject_52_precision,subject_52_recall,subject_52_true_negatives,subject_52_true_positives,subject_64_accuracy,subject_64_auc,subject_64_false_negatives,subject_64_false_positives,subject_64_loss,subject_64_pr,subject_64_precision,subject_64_recall,subject_64_true_negatives,subject_64_true_positives,subject_80_accuracy,subject_80_auc,subject_80_false_negatives,subject_80_false_positives,subject_80_loss,subject_80_pr,subject_80_precision,subject_80_recall,subject_80_true_negatives,subject_80_true_positives,subject_92_accuracy,subject_92_auc,subject_92_false_negatives,subject_92_false_positives,subject_92_loss,subject_92_pr,subject_92_precision,subject_92_recall,subject_92_true_negatives,subject_92_true_positives,true_negatives,true_positives,val_accuracy,val_auc,val_false_negatives,val_false_positives,val_loss,val_pr,val_precision,val_recall,val_true_negatives,val_true_positives
0,0.8534375131130219,0.9815062507987022,210.0,259.0,0.44292210703715684,0.971739761531353,0.9012007340788841,0.8687500022351742,,,,,,,,,,,,,,,,,,,,,,,,,,,,,,,,,,,,,,,,,,,,,,,,,,,,,,,,,,,,,,,,,,,,,,,,,,,,,,,,,1341.0,1390.0,0.7793807150779016,0.3656755343320754,873.0,1635.0,0.5908304245959894,0.2980419316949725,0.2773199403562821,0.27831785368780954,7157.0,1703.0
1,0.9496875032782555,0.9998703077435493,19.0,142.0,0.1273050899617374,0.999868780374527,0.9416065663099289,0.9881250038743019,,,,,,,,,,,,,,,,,,,,,,,,,,,,,,,,,,,,,,,,,,,,,,,,,,,,,,,,,,,,,,,,,,,,,,,,,,,,,,,,,1458.0,1581.0,0.7664496779945181,0.37425872996019527,1006.0,1649.0,0.5868613201336962,0.2999712634414833,0.30249414667434715,0.266011437313352,7143.0,1570.0
2,0.9943749979138374,0.9999999776482582,0.0,18.0,0.04472380735911429,0.9999999850988388,0.9895854815840721,1.0,,,,,,,,,,,,,,,,,,,,,,,,,,,,,,,,,,,,,,,,,,,,,,,,,,,,,,,,,,,,,,,,,,,,,,,,,,,,,,,,,1582.0,1600.0,0.7517593206443224,0.3769677437417193,1180.0,1642.0,0.6249847038992944,0.3000718089008021,0.297785781087966,0.25000396986963214,7150.0,1396.0
3,1.0,1.0,0.0,0.0,0.024133235611952842,1.0000000074505806,1.0,1.0,,,,,,,,,,,,,,,,,,,,,,,,,,,,,,,,,,,,,,,,,,,,,,,,,,,,,,,,,,,,,,,,,,,,,,,,,,,,,,,,,1600.0,1600.0,0.7362772646837886,0.3781538281241074,1361.0,1637.0,0.6592173962663372,0.2999766499989055,0.2983477700929001,0.2361047074072886,7155.0,1215.0
4,1.0,1.0000000223517418,0.0,0.0,0.016846353723667565,0.9999999850988388,1.0,1.0,,,,,,,,,,,,,,,,,,,,,,,,,,,,,,,,,,,,,,,,,,,,,,,,,,,,,,,,,,,,,,,,,,,,,,,,,,,,,,,,,1600.0,1600.0,0.7271287853998001,0.37939928466798883,1472.0,1630.0,0.6848557697751453,0.30015970448806706,0.29724979416888675,0.22458611958824687,7162.0,1104.0
5,1.0,0.9999999850988388,0.0,0.0,0.013190081377979368,0.9999999925494194,1.0,1.0,,,,,,,,,,,,,,,,,,,,,,,,,,,,,,,,,,,,,,,,,,,,,,,,,,,,,,,,,,,,,,,,,,,,,,,,,,,,,,,,,1600.0,1600.0,0.7227304707439243,0.3798947818760801,1522.0,1630.0,0.7012780838139127,0.3000830051152954,0.2953763981569325,0.21931663570292473,7162.0,1054.0
6,1.0,0.9999999776482582,0.0,0.0,0.01093856245977804,0.9999999776482582,1.0,1.0,,,,,,,,,,,,,,,,,,,,,,,,,,,,,,,,,,,,,,,,,,,,,,,,,,,,,,,,,,,,,,,,,,,,,,,,,,,,,,,,,1600.0,1600.0,0.7211470788608211,0.3803286148073974,1550.0,1620.0,0.7116205423146165,0.30014996568788366,0.29598487649351507,0.21623821725923356,7172.0,1026.0
