,accuracy,auc,false_negatives,false_positives,loss,pr,precision,recall,subject_107_accuracy,subject_107_auc,subject_107_false_negatives,subject_107_false_positives,subject_107_loss,subject_107_pr,subject_107_precision,subject_107_recall,subject_107_true_negatives,subject_107_true_positives,subject_115_accuracy,subject_115_auc,subject_115_false_negatives,subject_115_false_positives,subject_115_loss,subject_115_pr,subject_115_precision,subject_115_recall,subject_115_true_negatives,subject_115_true_positives,subject_120_accuracy,subject_120_auc,subject_120_false_negatives,subject_120_false_positives,subject_120_loss,subject_120_pr,subject_120_precision,subject_120_recall,subject_120_true_negatives,subject_120_true_positives,subject_43_accuracy,subject_43_auc,subject_43_false_negatives,subject_43_false_positives,subject_43_loss,subject_43_pr,subject_43_precision,subject_43_recall,subject_43_true_negatives,subject_43_true_positives,subject_52_accuracy,subject_52_auc,subject_52_false_negatives,subject_52_false_positives,subject_52_loss,subject_52_pr,subject_52_precision,subject_52_recall,subject_52_true_negatives,subject_52_true_positives,subject_64_accuracy,subject_64_auc,subject_64_false_negatives,subject_64_false_positives,subject_64_loss,subject_64_pr,subject_64_precision,subject_64_recall,subject_64_true_negatives,subject_64_true_positives,subject_80_accuracy,subject_80_auc,subject_80_false_negatives,subject_80_false_positives,subject_80_loss,subject_80_pr,subject_80_precision,subject_80_recall,subject_80_true_negatives,subject_80_true_positives,subject_92_accuracy,subject_92_auc,subject_92_false_negatives,subject_92_false_positives,subject_92_loss,subject_92_pr,subject_92_precision,subject_92_recall,subject_92_true_negatives,subject_92_true_positives,true_negatives,true_positives,val_accuracy,val_auc,val_false_negatives,val_false_positives,val_loss,val_pr,val_precision,val_recall,val_true_negatives,val_true_positives
0,0.875,0.99265156686306,197.0,203.0,0.35091039974242455,0.9919028505682945,0.9232241362333298,0.8768750000745058,,,,,,,,,,,,,,,,,,,,,,,,,,,,,,,,,,,,,,,,,,,,,,,,,,,,,,,,,,,,,,,,,,,,,,,,,,,,,,,,,1397.0,1403.0,0.7837790280349821,0.3731490555445465,836.0,1622.0,0.5888729593769403,0.30926909219056764,0.29410693807596894,0.2933942238229375,7170.0,1740.0
1,0.9271875023841858,0.9994468614459038,101.0,132.0,0.16624705620110036,0.9994212687015533,0.9451607018709183,0.9368750005960464,,,,,,,,,,,,,,,,,,,,,,,,,,,,,,,,,,,,,,,,,,,,,,,,,,,,,,,,,,,,,,,,,,,,,,,,,,,,,,,,,1468.0,1499.0,0.7703201983236746,0.37706774464801196,946.0,1665.0,0.6249162531479552,0.3099390321439375,0.2887930386318949,0.28654272424648297,7127.0,1630.0
2,0.958125002682209,0.9999406114220619,58.0,76.0,0.10384932337794453,0.9999405220150948,0.9649970903992653,0.963749997317791,,,,,,,,,,,,,,,,,,,,,,,,,,,,,,,,,,,,,,,,,,,,,,,,,,,,,,,,,,,,,,,,,,,,,,,,,,,,,,,,,1524.0,1542.0,0.7629310287362165,0.3793568671336902,1050.0,1645.0,0.6440528798232725,0.31092211121744373,0.29508347351059455,0.2778311698690298,7147.0,1526.0
3,0.9753125011920929,0.9999906271696091,31.0,48.0,0.07540307831484824,0.9999906122684479,0.9755926802754402,0.9806250035762787,,,,,,,,,,,,,,,,,,,,,,,,,,,,,,,,,,,,,,,,,,,,,,,,,,,,,,,,,,,,,,,,,,,,,,,,,,,,,,,,,1552.0,1569.0,0.7609957779045259,0.38121323479387986,1099.0,1618.0,0.6521171676475482,0.3117598936244856,0.29016959997527114,0.27142076782835023,7174.0,1477.0
4,0.9837500005960464,0.9999999850988388,24.0,28.0,0.05935367497149856,0.9999999925494194,0.984649121761322,0.9849999994039536,,,,,,,,,,,,,,,,,,,,,,,,,,,,,,,,,,,,,,,,,,,,,,,,,,,,,,,,,,,,,,,,,,,,,,,,,,,,,,,,,1572.0,1576.0,0.7613476354374505,0.38185501427905477,1126.0,1587.0,0.6567287324213936,0.3122257675967697,0.28421985398372407,0.26708551442524564,7205.0,1450.0
5,0.9881249964237213,1.0,17.0,21.0,0.049044103596825143,1.0,0.9881221726536751,0.989375002682209,,,,,,,,,,,,,,,,,,,,,,,,,,,,,,,,,,,,,,,,,,,,,,,,,,,,,,,,,,,,,,,,,,,,,,,,,,,,,,,,,1579.0,1583.0,0.7610837406754747,0.38279322817407807,1149.0,1567.0,0.6603069674075952,0.3125600300042416,0.28453921548167554,0.2649107655558806,7225.0,1427.0
