,accuracy,auc,false_negatives,false_positives,loss,pr,precision,recall,subject_107_accuracy,subject_107_auc,subject_107_false_negatives,subject_107_false_positives,subject_107_loss,subject_107_pr,subject_107_precision,subject_107_recall,subject_107_true_negatives,subject_107_true_positives,subject_109_accuracy,subject_109_auc,subject_109_false_negatives,subject_109_false_positives,subject_109_loss,subject_109_pr,subject_109_precision,subject_109_recall,subject_109_true_negatives,subject_109_true_positives,subject_115_accuracy,subject_115_auc,subject_115_false_negatives,subject_115_false_positives,subject_115_loss,subject_115_pr,subject_115_precision,subject_115_recall,subject_115_true_negatives,subject_115_true_positives,subject_120_accuracy,subject_120_auc,subject_120_false_negatives,subject_120_false_positives,subject_120_loss,subject_120_pr,subject_120_precision,subject_120_recall,subject_120_true_negatives,subject_120_true_positives,subject_43_accuracy,subject_43_auc,subject_43_false_negatives,subject_43_false_positives,subject_43_loss,subject_43_pr,subject_43_precision,subject_43_recall,subject_43_true_negatives,subject_43_true_positives,subject_48_accuracy,subject_48_auc,subject_48_false_negatives,subject_48_false_positives,subject_48_loss,subject_48_pr,subject_48_precision,subject_48_recall,subject_48_true_negatives,subject_48_true_positives,subject_52_accuracy,subject_52_auc,subject_52_false_negatives,subject_52_false_positives,subject_52_loss,subject_52_pr,subject_52_precision,subject_52_recall,subject_52_true_negatives,subject_52_true_positives,subject_59_accuracy,subject_59_auc,subject_59_false_negatives,subject_59_false_positives,subject_59_loss,subject_59_pr,subject_59_precision,subject_59_recall,subject_59_true_negatives,subject_59_true_positives,subject_64_accuracy,subject_64_auc,subject_64_false_negatives,subject_64_false_positives,subject_64_loss,subject_64_pr,subject_64_precision,subject_64_recall,subject_64_true_negatives,subject_64_true_positives,subject_80_accuracy,subject_80_auc,subject_80_false_negatives,subject_80_false_positives,subject_80_loss,subject_80_pr,subject_80_precision,subject_80_recall,subject_80_true_negatives,subject_80_true_positives,subject_92_accuracy,subject_92_auc,subject_92_false_negatives,subject_92_false_positives,subject_92_loss,subject_92_pr,subject_92_precision,subject_92_recall,subject_92_true_negatives,subject_92_true_positives,true_negatives,true_positives,val_accuracy,val_auc,val_false_negatives,val_false_positives,val_loss,val_pr,val_precision,val_recall,val_true_negatives,val_true_positives
0,0.9750000021674418,0.9972352222962814,51.0,59.0,0.09342537508092144,0.9972118085080928,0.9745261831717059,0.9768181876702744,,,,,,,,,,,,,,,,,,,,,,,,,,,,,,,,,,,,,,,,,,,,,,,,,,,,,,,,,,,,,,,,,,,,,,,,,,,,,,,,,,,,,,,,,,,,,,,,,,,,,,,,,,,,,,,2141.0,2149.0,0.8039915212679682,0.39265100858499313,669.0,1364.0,0.5543911250449487,0.3275077381604802,0.30740170351474205,0.2873424468378831,7392.0,947.0
1,0.9831818179650742,0.999889769337394,19.0,55.0,0.06396669346161864,0.9998893575234847,0.9780823642557319,0.9913636391813107,,,,,,,,,,,,,,,,,,,,,,,,,,,,,,,,,,,,,,,,,,,,,,,,,,,,,,,,,,,,,,,,,,,,,,,,,,,,,,,,,,,,,,,,,,,,,,,,,,,,,,,,,,,,,,,2145.0,2181.0,0.784033932656659,0.3909486359580805,739.0,1501.0,0.7381158261884052,0.317580624225284,0.303005302936195,0.2828121443558879,7255.0,877.0
2,0.9863636439496822,0.9999954375353726,15.0,45.0,0.05066945494575934,0.9999954483725809,0.9822550307620657,0.9931818192655392,,,,,,,,,,,,,,,,,,,,,,,,,,,,,,,,,,,,,,,,,,,,,,,,,,,,,,,,,,,,,,,,,,,,,,,,,,,,,,,,,,,,,,,,,,,,,,,,,,,,,,,,,,,,,,,2155.0,2185.0,0.7774778194481279,0.3894692311358645,766.0,1542.0,0.8284369447522477,0.3134421513340807,0.3010691288489427,0.27601022391396507,7214.0,850.0
3,0.989090914076025,0.9999999837441879,12.0,36.0,0.0424557557769797,1.0000000054186042,0.9858864166519861,0.9945454543287106,,,,,,,,,,,,,,,,,,,,,,,,,,,,,,,,,,,,,,,,,,,,,,,,,,,,,,,,,,,,,,,,,,,,,,,,,,,,,,,,,,,,,,,,,,,,,,,,,,,,,,,,,,,,,,,2164.0,2188.0,0.7749710738906014,0.38804412014549683,775.0,1559.0,0.8841900146241106,0.3104500591731926,0.3022134332320334,0.2743004031315578,7197.0,841.0
4,0.9911363666707821,0.999999994581396,9.0,30.0,0.03670652618293058,0.9999999837441879,0.9879311539910058,0.9959090893918819,,,,,,,,,,,,,,,,,,,,,,,,,,,,,,,,,,,,,,,,,,,,,,,,,,,,,,,,,,,,,,,,,,,,,,,,,,,,,,,,,,,,,,,,,,,,,,,,,,,,,,,,,,,,,,,2170.0,2191.0,0.7734284594373451,0.38681740177859225,780.0,1570.0,0.9224398949961481,0.3075462628688952,0.29854389481502197,0.2693577747500361,7186.0,836.0
5,0.9934090917760677,0.9999999945813961,4.0,25.0,0.03229545413601128,0.999999989162792,0.9898074540224944,0.9981818199157717,,,,,,,,,,,,,,,,,,,,,,,,,,,,,,,,,,,,,,,,,,,,,,,,,,,,,,,,,,,,,,,,,,,,,,,,,,,,,,,,,,,,,,,,,,,,,,,,,,,,,,,,,,,,,,,2175.0,2196.0,0.771789435169387,0.38569040874050153,793.0,1574.0,0.9499397268710961,0.3051758603703962,0.29894928276148075,0.2656041979789734,7182.0,823.0
