,accuracy,auc,false_negatives,false_positives,loss,pr,precision,recall,subject_107_accuracy,subject_107_auc,subject_107_false_negatives,subject_107_false_positives,subject_107_loss,subject_107_pr,subject_107_precision,subject_107_recall,subject_107_true_negatives,subject_107_true_positives,subject_109_accuracy,subject_109_auc,subject_109_false_negatives,subject_109_false_positives,subject_109_loss,subject_109_pr,subject_109_precision,subject_109_recall,subject_109_true_negatives,subject_109_true_positives,subject_115_accuracy,subject_115_auc,subject_115_false_negatives,subject_115_false_positives,subject_115_loss,subject_115_pr,subject_115_precision,subject_115_recall,subject_115_true_negatives,subject_115_true_positives,subject_120_accuracy,subject_120_auc,subject_120_false_negatives,subject_120_false_positives,subject_120_loss,subject_120_pr,subject_120_precision,subject_120_recall,subject_120_true_negatives,subject_120_true_positives,subject_43_accuracy,subject_43_auc,subject_43_false_negatives,subject_43_false_positives,subject_43_loss,subject_43_pr,subject_43_precision,subject_43_recall,subject_43_true_negatives,subject_43_true_positives,subject_48_accuracy,subject_48_auc,subject_48_false_negatives,subject_48_false_positives,subject_48_loss,subject_48_pr,subject_48_precision,subject_48_recall,subject_48_true_negatives,subject_48_true_positives,subject_52_accuracy,subject_52_auc,subject_52_false_negatives,subject_52_false_positives,subject_52_loss,subject_52_pr,subject_52_precision,subject_52_recall,subject_52_true_negatives,subject_52_true_positives,subject_59_accuracy,subject_59_auc,subject_59_false_negatives,subject_59_false_positives,subject_59_loss,subject_59_pr,subject_59_precision,subject_59_recall,subject_59_true_negatives,subject_59_true_positives,subject_64_accuracy,subject_64_auc,subject_64_false_negatives,subject_64_false_positives,subject_64_loss,subject_64_pr,subject_64_precision,subject_64_recall,subject_64_true_negatives,subject_64_true_positives,subject_80_accuracy,subject_80_auc,subject_80_false_negatives,subject_80_false_positives,subject_80_loss,subject_80_pr,subject_80_precision,subject_80_recall,subject_80_true_negatives,subject_80_true_positives,subject_92_accuracy,subject_92_auc,subject_92_false_negatives,subject_92_false_positives,subject_92_loss,subject_92_pr,subject_92_precision,subject_92_recall,subject_92_true_negatives,subject_92_true_positives,true_negatives,true_positives,val_accuracy,val_auc,val_false_negatives,val_false_positives,val_loss,val_pr,val_precision,val_recall,val_true_negatives,val_true_positives
0,0.7618181705474854,0.8774319887161255,642.0,406.0,0.5723838846250013,0.8762084245681763,0.7932790517807007,0.7081817984580994,,,,,,,,,,,,,,,,,,,,,,,,,,,,,,,,,,,,,,,,,,,,,,,,,,,,,,,,,,,,,,,,,,,,,,,,,,,,,,,,,,,,,,,,,,,,,,,,,,,,,,,,,,,,,,,1794.0,1558.0,0.7863062620162964,0.8228594660758972,984.0,1182.0,0.6377386424658142,0.7120688557624817,0.6134728789329529,0.6559440493583679,6094.0,1876.0
1,0.7711363434791565,0.8857001662254333,610.0,397.0,0.5387802306088534,0.8830504417419434,0.8002012968063354,0.7227272987365723,,,,,,,,,,,,,,,,,,,,,,,,,,,,,,,,,,,,,,,,,,,,,,,,,,,,,,,,,,,,,,,,,,,,,,,,,,,,,,,,,,,,,,,,,,,,,,,,,,,,,,,,,,,,,,,1803.0,1590.0,0.7906472086906433,0.8243778347969055,994.0,1128.0,0.627372638249642,0.7137318253517151,0.6232464909553528,0.6524475812911987,6148.0,1866.0
2,0.7777272462844849,0.8929236531257629,581.0,397.0,0.510584975047545,0.8904290199279785,0.80307537317276,0.735909104347229,,,,,,,,,,,,,,,,,,,,,,,,,,,,,,,,,,,,,,,,,,,,,,,,,,,,,,,,,,,,,,,,,,,,,,,,,,,,,,,,,,,,,,,,,,,,,,,,,,,,,,,,,,,,,,,1803.0,1619.0,0.7937055826187134,0.8250721096992493,986.0,1105.0,0.6202284967748782,0.7147935628890991,0.6290701627731323,0.655244767665863,6171.0,1874.0
3,0.7847727537155151,0.8974876403808594,563.0,384.0,0.49382906263524834,0.8946860432624817,0.8099950551986694,0.7440909147262573,,,,,,,,,,,,,,,,,,,,,,,,,,,,,,,,,,,,,,,,,,,,,,,,,,,,,,,,,,,,,,,,,,,,,,,,,,,,,,,,,,,,,,,,,,,,,,,,,,,,,,,,,,,,,,,1816.0,1637.0,0.7961720824241638,0.823296070098877,1010.0,1056.0,0.6202293016492803,0.712388277053833,0.6366139054298401,0.6468531489372253,6220.0,1850.0
4,0.7890909314155579,0.9019666910171509,546.0,382.0,0.47641437460075725,0.8984484076499939,0.8123772144317627,0.7518181800842285,,,,,,,,,,,,,,,,,,,,,,,,,,,,,,,,,,,,,,,,,,,,,,,,,,,,,,,,,,,,,,,,,,,,,,,,,,,,,,,,,,,,,,,,,,,,,,,,,,,,,,,,,,,,,,,1818.0,1654.0,0.7984411716461182,0.8219148516654968,1022.0,1021.0,0.6202571662797077,0.7113703489303589,0.6428821086883545,0.6426573395729065,6255.0,1838.0
5,0.7990909218788147,0.9064501523971558,511.0,373.0,0.45917352297089314,0.9027836322784424,0.8191076517105103,0.767727255821228,,,,,,,,,,,,,,,,,,,,,,,,,,,,,,,,,,,,,,,,,,,,,,,,,,,,,,,,,,,,,,,,,,,,,,,,,,,,,,,,,,,,,,,,,,,,,,,,,,,,,,,,,,,,,,,1827.0,1689.0,0.7991318106651306,0.821559488773346,1021.0,1015.0,0.620855759026596,0.7113037109375,0.6443588137626648,0.6430069804191589,6261.0,1839.0
6,0.8031818270683289,0.9098926782608032,499.0,367.0,0.44643133493987,0.9057741165161133,0.8225338459014893,0.7731817960739136,,,,,,,,,,,,,,,,,,,,,,,,,,,,,,,,,,,,,,,,,,,,,,,,,,,,,,,,,,,,,,,,,,,,,,,,,,,,,,,,,,,,,,,,,,,,,,,,,,,,,,,,,,,,,,,1833.0,1701.0,0.7990331649780273,0.8208312392234802,1030.0,1007.0,0.6220587895390737,0.7114032506942749,0.6450476050376892,0.6398601531982422,6269.0,1830.0
7,0.8077272772789001,0.9125424027442932,479.0,367.0,0.43657185559923,0.9080653190612793,0.8242337107658386,0.7822727560997009,,,,,,,,,,,,,,,,,,,,,,,,,,,,,,,,,,,,,,,,,,,,,,,,,,,,,,,,,,,,,,,,,,,,,,,,,,,,,,,,,,,,,,,,,,,,,,,,,,,,,,,,,,,,,,,1833.0,1721.0,0.798835813999176,0.8195073008537292,1040.0,999.0,0.6257813573118826,0.7085303068161011,0.6456190347671509,0.6363636255264282,6277.0,1820.0
