,accuracy,auc,false_negatives,false_positives,loss,pr,precision,recall,subject_107_accuracy,subject_107_auc,subject_107_false_negatives,subject_107_false_positives,subject_107_loss,subject_107_pr,subject_107_precision,subject_107_recall,subject_107_true_negatives,subject_107_true_positives,subject_115_accuracy,subject_115_auc,subject_115_false_negatives,subject_115_false_positives,subject_115_loss,subject_115_pr,subject_115_precision,subject_115_recall,subject_115_true_negatives,subject_115_true_positives,subject_120_accuracy,subject_120_auc,subject_120_false_negatives,subject_120_false_positives,subject_120_loss,subject_120_pr,subject_120_precision,subject_120_recall,subject_120_true_negatives,subject_120_true_positives,subject_43_accuracy,subject_43_auc,subject_43_false_negatives,subject_43_false_positives,subject_43_loss,subject_43_pr,subject_43_precision,subject_43_recall,subject_43_true_negatives,subject_43_true_positives,subject_52_accuracy,subject_52_auc,subject_52_false_negatives,subject_52_false_positives,subject_52_loss,subject_52_pr,subject_52_precision,subject_52_recall,subject_52_true_negatives,subject_52_true_positives,subject_64_accuracy,subject_64_auc,subject_64_false_negatives,subject_64_false_positives,subject_64_loss,subject_64_pr,subject_64_precision,subject_64_recall,subject_64_true_negatives,subject_64_true_positives,subject_80_accuracy,subject_80_auc,subject_80_false_negatives,subject_80_false_positives,subject_80_loss,subject_80_pr,subject_80_precision,subject_80_recall,subject_80_true_negatives,subject_80_true_positives,subject_92_accuracy,subject_92_auc,subject_92_false_negatives,subject_92_false_positives,subject_92_loss,subject_92_pr,subject_92_precision,subject_92_recall,subject_92_true_negatives,subject_92_true_positives,true_negatives,true_positives,val_accuracy,val_auc,val_false_negatives,val_false_positives,val_loss,val_pr,val_precision,val_recall,val_true_negatives,val_true_positives
0,0.5756250023841858,0.6705470085144043,1002.0,356.0,1.5380724418163298,0.6021933555603027,0.6268343925476074,0.3737500011920929,,,,,,,,,,,,,,,,,,,,,,,,,,,,,,,,,,,,,,,,,,,,,,,,,,,,,,,,,,,,,,,,,,,,,,,,,,,,,,,,,1244.0,598.0,0.8157987594604492,0.8639960289001465,897.0,1197.0,0.48500547606830946,0.6392186880111694,0.5837969183921814,0.6517857313156128,7595.0,1679.0
1,0.612500011920929,0.6964964270591736,903.0,337.0,1.4295723789930344,0.6298031210899353,0.6740812659263611,0.43562498688697815,,,,,,,,,,,,,,,,,,,,,,,,,,,,,,,,,,,,,,,,,,,,,,,,,,,,,,,,,,,,,,,,,,,,,,,,,,,,,,,,,1263.0,697.0,0.808585524559021,0.8590357303619385,901.0,1275.0,0.5084293876459361,0.6360166668891907,0.5677965879440308,0.6502329111099243,7517.0,1675.0
2,0.6496875286102295,0.71558678150177,783.0,338.0,1.3418784147500993,0.6520946025848389,0.7073593139648438,0.5106250047683716,,,,,,,,,,,,,,,,,,,,,,,,,,,,,,,,,,,,,,,,,,,,,,,,,,,,,,,,,,,,,,,,,,,,,,,,,,,,,,,,,1262.0,817.0,0.8019000887870789,0.8538558483123779,889.0,1363.0,0.5336344033311908,0.6307162046432495,0.5531147718429565,0.654891312122345,7429.0,1687.0
3,0.6715624928474426,0.7275514602661133,712.0,339.0,1.29700643658638,0.6658399105072021,0.7237163782119751,0.5550000071525574,,,,,,,,,,,,,,,,,,,,,,,,,,,,,,,,,,,,,,,,,,,,,,,,,,,,,,,,,,,,,,,,,,,,,,,,,,,,,,,,,1261.0,888.0,0.7974137663841248,0.8482743501663208,903.0,1400.0,0.5571497403698685,0.6280787587165833,0.5444191098213196,0.6494565010070801,7392.0,1673.0
4,0.6784374713897705,0.7369624376296997,693.0,336.0,1.27565485060215,0.6760093569755554,0.7296862602233887,0.5668749809265137,,,,,,,,,,,,,,,,,,,,,,,,,,,,,,,,,,,,,,,,,,,,,,,,,,,,,,,,,,,,,,,,,,,,,,,,,,,,,,,,,1264.0,907.0,0.7947748303413391,0.8415299654006958,918.0,1415.0,0.5792895422319054,0.6224266290664673,0.5395379066467285,0.6436335444450378,7377.0,1658.0
5,0.684374988079071,0.7451045513153076,673.0,337.0,1.2547346138954163,0.6831874251365662,0.7333860993385315,0.5793750286102295,,,,,,,,,,,,,,,,,,,,,,,,,,,,,,,,,,,,,,,,,,,,,,,,,,,,,,,,,,,,,,,,,,,,,,,,,,,,,,,,,1263.0,927.0,0.7931914329528809,0.836388349533081,932.0,1419.0,0.5964248790697343,0.6208540201187134,0.5367286801338196,0.638198733329773,7373.0,1644.0
