,accuracy,auc,false_negatives,false_positives,loss,pr,precision,recall,subject_107_accuracy,subject_107_auc,subject_107_false_negatives,subject_107_false_positives,subject_107_loss,subject_107_pr,subject_107_precision,subject_107_recall,subject_107_true_negatives,subject_107_true_positives,subject_109_accuracy,subject_109_auc,subject_109_false_negatives,subject_109_false_positives,subject_109_loss,subject_109_pr,subject_109_precision,subject_109_recall,subject_109_true_negatives,subject_109_true_positives,subject_115_accuracy,subject_115_auc,subject_115_false_negatives,subject_115_false_positives,subject_115_loss,subject_115_pr,subject_115_precision,subject_115_recall,subject_115_true_negatives,subject_115_true_positives,subject_120_accuracy,subject_120_auc,subject_120_false_negatives,subject_120_false_positives,subject_120_loss,subject_120_pr,subject_120_precision,subject_120_recall,subject_120_true_negatives,subject_120_true_positives,subject_43_accuracy,subject_43_auc,subject_43_false_negatives,subject_43_false_positives,subject_43_loss,subject_43_pr,subject_43_precision,subject_43_recall,subject_43_true_negatives,subject_43_true_positives,subject_48_accuracy,subject_48_auc,subject_48_false_negatives,subject_48_false_positives,subject_48_loss,subject_48_pr,subject_48_precision,subject_48_recall,subject_48_true_negatives,subject_48_true_positives,subject_52_accuracy,subject_52_auc,subject_52_false_negatives,subject_52_false_positives,subject_52_loss,subject_52_pr,subject_52_precision,subject_52_recall,subject_52_true_negatives,subject_52_true_positives,subject_59_accuracy,subject_59_auc,subject_59_false_negatives,subject_59_false_positives,subject_59_loss,subject_59_pr,subject_59_precision,subject_59_recall,subject_59_true_negatives,subject_59_true_positives,subject_64_accuracy,subject_64_auc,subject_64_false_negatives,subject_64_false_positives,subject_64_loss,subject_64_pr,subject_64_precision,subject_64_recall,subject_64_true_negatives,subject_64_true_positives,subject_80_accuracy,subject_80_auc,subject_80_false_negatives,subject_80_false_positives,subject_80_loss,subject_80_pr,subject_80_precision,subject_80_recall,subject_80_true_negatives,subject_80_true_positives,subject_92_accuracy,subject_92_auc,subject_92_false_negatives,subject_92_false_positives,subject_92_loss,subject_92_pr,subject_92_precision,subject_92_recall,subject_92_true_negatives,subject_92_true_positives,true_negatives,true_positives,val_accuracy,val_auc,val_false_negatives,val_false_positives,val_loss,val_pr,val_precision,val_recall,val_true_negatives,val_true_positives
0,0.6622727513313293,0.7239530086517334,883.0,603.0,1.1256319884820418,0.6654133200645447,0.6859375238418579,0.5986363887786865,,,,,,,,,,,,,,,,,,,,,,,,,,,,,,,,,,,,,,,,,,,,,,,,,,,,,,,,,,,,,,,,,,,,,,,,,,,,,,,,,,,,,,,,,,,,,,,,,,,,,,,,,,,,,,,1597.0,1317.0,0.7840339541435242,0.8387681245803833,521.0,1719.0,0.7441985460204412,0.35929012298583984,0.389125794172287,0.6775990128517151,7037.0,1095.0
1,0.6850000023841858,0.751765787601471,798.0,588.0,0.9908235220475631,0.7034656405448914,0.7045226097106934,0.6372727155685425,,,,,,,,,,,,,,,,,,,,,,,,,,,,,,,,,,,,,,,,,,,,,,,,,,,,,,,,,,,,,,,,,,,,,,,,,,,,,,,,,,,,,,,,,,,,,,,,,,,,,,,,,,,,,,,1612.0,1402.0,0.7748746871948242,0.8352289795875549,522.0,1813.0,0.7389537428986644,0.3620055317878723,0.37633299827575684,0.676980197429657,6943.0,1094.0
2,0.7034090757369995,0.7721247673034668,747.0,558.0,0.9093035997043957,0.7323339581489563,0.7225261330604553,0.6604545712471008,,,,,,,,,,,,,,,,,,,,,,,,,,,,,,,,,,,,,,,,,,,,,,,,,,,,,,,,,,,,,,,,,,,,,,,,,,,,,,,,,,,,,,,,,,,,,,,,,,,,,,,,,,,,,,,1642.0,1453.0,0.7690898776054382,0.830828845500946,551.0,1844.0,0.7351505918664635,0.36137837171554565,0.36610519886016846,0.6590346693992615,6912.0,1065.0
3,0.715681791305542,0.7903008460998535,710.0,541.0,0.8448563382842323,0.7545949220657349,0.7336287498474121,0.6772727370262146,,,,,,,,,,,,,,,,,,,,,,,,,,,,,,,,,,,,,,,,,,,,,,,,,,,,,,,,,,,,,,,,,,,,,,,,,,,,,,,,,,,,,,,,,,,,,,,,,,,,,,,,,,,,,,,1659.0,1490.0,0.7643656134605408,0.8247351050376892,594.0,1850.0,0.7335154297863982,0.3603745698928833,0.35584959387779236,0.6324257254600525,6906.0,1022.0
4,0.7272727489471436,0.8048558831214905,684.0,516.0,0.7997593394192782,0.7771003842353821,0.7460629940032959,0.6890909075737,,,,,,,,,,,,,,,,,,,,,,,,,,,,,,,,,,,,,,,,,,,,,,,,,,,,,,,,,,,,,,,,,,,,,,,,,,,,,,,,,,,,,,,,,,,,,,,,,,,,,,,,,,,,,,,1684.0,1516.0,0.7601234316825867,0.8189592361450195,643.0,1845.0,0.734905173913696,0.35744181275367737,0.34528034925460815,0.6021039485931396,6911.0,973.0
5,0.7400000095367432,0.8165602684020996,664.0,480.0,0.763892038085244,0.7920416593551636,0.761904776096344,0.6981818079948425,,,,,,,,,,,,,,,,,,,,,,,,,,,,,,,,,,,,,,,,,,,,,,,,,,,,,,,,,,,,,,,,,,,,,,,,,,,,,,,,,,,,,,,,,,,,,,,,,,,,,,,,,,,,,,,1720.0,1536.0,0.7580987215042114,0.8143831491470337,682.0,1827.0,0.7366210395909165,0.3550753593444824,0.3382832407951355,0.5779703259468079,6929.0,934.0
6,0.7488636374473572,0.8265421986579895,645.0,460.0,0.7339807409589941,0.8063738346099854,0.7717121839523315,0.706818163394928,,,,,,,,,,,,,,,,,,,,,,,,,,,,,,,,,,,,,,,,,,,,,,,,,,,,,,,,,,,,,,,,,,,,,,,,,,,,,,,,,,,,,,,,,,,,,,,,,,,,,,,,,,,,,,,1740.0,1555.0,0.7556883692741394,0.8094952702522278,713.0,1821.0,0.7405104820522801,0.3530230224132538,0.33149778842926025,0.5587871074676514,6935.0,903.0
7,0.7581818103790283,0.8352457880973816,620.0,444.0,0.7066833370382135,0.8177908658981323,0.7806324362754822,0.7181817889213562,,,,,,,,,,,,,,,,,,,,,,,,,,,,,,,,,,,,,,,,,,,,,,,,,,,,,,,,,,,,,,,,,,,,,,,,,,,,,,,,,,,,,,,,,,,,,,,,,,,,,,,,,,,,,,,1756.0,1580.0,0.7548206448554993,0.8058091998100281,725.0,1818.0,0.7453618972482159,0.3518223166465759,0.3289036452770233,0.5513613820075989,6938.0,891.0
8,0.7638636231422424,0.8433729410171509,608.0,431.0,0.6837813148715279,0.8271504640579224,0.7869500517845154,0.7236363887786865,,,,,,,,,,,,,,,,,,,,,,,,,,,,,,,,,,,,,,,,,,,,,,,,,,,,,,,,,,,,,,,,,,,,,,,,,,,,,,,,,,,,,,,,,,,,,,,,,,,,,,,,,,,,,,,1769.0,1592.0,0.7528923749923706,0.8011247515678406,744.0,1819.0,0.7502954291862913,0.35004761815071106,0.3240430951118469,0.5396039485931396,6937.0,872.0
