,accuracy,auc,false_negatives,false_positives,loss,pr,precision,recall,subject_107_accuracy,subject_107_auc,subject_107_false_negatives,subject_107_false_positives,subject_107_loss,subject_107_pr,subject_107_precision,subject_107_recall,subject_107_true_negatives,subject_107_true_positives,subject_109_accuracy,subject_109_auc,subject_109_false_negatives,subject_109_false_positives,subject_109_loss,subject_109_pr,subject_109_precision,subject_109_recall,subject_109_true_negatives,subject_109_true_positives,subject_115_accuracy,subject_115_auc,subject_115_false_negatives,subject_115_false_positives,subject_115_loss,subject_115_pr,subject_115_precision,subject_115_recall,subject_115_true_negatives,subject_115_true_positives,subject_120_accuracy,subject_120_auc,subject_120_false_negatives,subject_120_false_positives,subject_120_loss,subject_120_pr,subject_120_precision,subject_120_recall,subject_120_true_negatives,subject_120_true_positives,subject_43_accuracy,subject_43_auc,subject_43_false_negatives,subject_43_false_positives,subject_43_loss,subject_43_pr,subject_43_precision,subject_43_recall,subject_43_true_negatives,subject_43_true_positives,subject_48_accuracy,subject_48_auc,subject_48_false_negatives,subject_48_false_positives,subject_48_loss,subject_48_pr,subject_48_precision,subject_48_recall,subject_48_true_negatives,subject_48_true_positives,subject_52_accuracy,subject_52_auc,subject_52_false_negatives,subject_52_false_positives,subject_52_loss,subject_52_pr,subject_52_precision,subject_52_recall,subject_52_true_negatives,subject_52_true_positives,subject_59_accuracy,subject_59_auc,subject_59_false_negatives,subject_59_false_positives,subject_59_loss,subject_59_pr,subject_59_precision,subject_59_recall,subject_59_true_negatives,subject_59_true_positives,subject_64_accuracy,subject_64_auc,subject_64_false_negatives,subject_64_false_positives,subject_64_loss,subject_64_pr,subject_64_precision,subject_64_recall,subject_64_true_negatives,subject_64_true_positives,subject_80_accuracy,subject_80_auc,subject_80_false_negatives,subject_80_false_positives,subject_80_loss,subject_80_pr,subject_80_precision,subject_80_recall,subject_80_true_negatives,subject_80_true_positives,subject_92_accuracy,subject_92_auc,subject_92_false_negatives,subject_92_false_positives,subject_92_loss,subject_92_pr,subject_92_precision,subject_92_recall,subject_92_true_negatives,subject_92_true_positives,subject_96_accuracy,subject_96_auc,subject_96_false_negatives,subject_96_false_positives,subject_96_loss,subject_96_pr,subject_96_precision,subject_96_recall,subject_96_true_negatives,subject_96_true_positives,true_negatives,true_positives,val_accuracy,val_auc,val_false_negatives,val_false_positives,val_loss,val_pr,val_precision,val_recall,val_true_negatives,val_true_positives
0,0.7724999785423279,0.8649898767471313,770.0,322.0,0.7191023321946463,0.8684165477752686,0.8350409865379333,0.6791666746139526,,,,,,,,,,,,,,,,,,,,,,,,,,,,,,,,,,,,,,,,,,,,,,,,,,,,,,,,,,,,,,,,,,,,,,,,,,,,,,,,,,,,,,,,,,,,,,,,,,,,,,,,,,,,,,,,,,,,,,,,,2078.0,1630.0,0.971488893032074,0.0,0.0,108.0,0.0666241872005377,0.0,0.0,0.0,3680.0,0.0
1,0.7820833325386047,0.8752945065498352,759.0,287.0,0.6796122057239214,0.8787747621536255,0.851141095161438,0.6837499737739563,,,,,,,,,,,,,,,,,,,,,,,,,,,,,,,,,,,,,,,,,,,,,,,,,,,,,,,,,,,,,,,,,,,,,,,,,,,,,,,,,,,,,,,,,,,,,,,,,,,,,,,,,,,,,,,,,,,,,,,,,2113.0,1641.0,0.975712776184082,0.0,0.0,92.0,0.05851409374219941,0.0,0.0,0.0,3696.0,0.0
2,0.7902083396911621,0.8834598660469055,737.0,270.0,0.6433527287840843,0.8867332339286804,0.8603207468986511,0.6929166913032532,,,,,,,,,,,,,,,,,,,,,,,,,,,,,,,,,,,,,,,,,,,,,,,,,,,,,,,,,,,,,,,,,,,,,,,,,,,,,,,,,,,,,,,,,,,,,,,,,,,,,,,,,,,,,,,,,,,,,,,,,2130.0,1663.0,0.9783526659011841,0.0,0.0,82.0,0.05485060145447095,0.0,0.0,0.0,3706.0,0.0
3,0.7950000166893005,0.8900869488716125,715.0,269.0,0.6089470125238101,0.8926263451576233,0.8623336553573608,0.7020833492279053,,,,,,,,,,,,,,,,,,,,,,,,,,,,,,,,,,,,,,,,,,,,,,,,,,,,,,,,,,,,,,,,,,,,,,,,,,,,,,,,,,,,,,,,,,,,,,,,,,,,,,,,,,,,,,,,,,,,,,,,,2131.0,1685.0,0.9778246879577637,0.0,0.0,84.0,0.05509325347785713,0.0,0.0,0.0,3704.0,0.0
4,0.799791693687439,0.8960707783699036,693.0,268.0,0.5786805876096089,0.8979572653770447,0.8643037676811218,0.7112500071525574,,,,,,,,,,,,,,,,,,,,,,,,,,,,,,,,,,,,,,,,,,,,,,,,,,,,,,,,,,,,,,,,,,,,,,,,,,,,,,,,,,,,,,,,,,,,,,,,,,,,,,,,,,,,,,,,,,,,,,,,,2132.0,1707.0,0.9786166548728943,0.0,0.0,81.0,0.05388565548354368,0.0,0.0,0.0,3707.0,0.0
5,0.8050000071525574,0.9009451866149902,672.0,264.0,0.5536922611792883,0.9021250605583191,0.8674699068069458,0.7200000286102295,,,,,,,,,,,,,,,,,,,,,,,,,,,,,,,,,,,,,,,,,,,,,,,,,,,,,,,,,,,,,,,,,,,,,,,,,,,,,,,,,,,,,,,,,,,,,,,,,,,,,,,,,,,,,,,,,,,,,,,,,2136.0,1728.0,0.9783526659011841,0.0,0.0,82.0,0.05451937709023356,0.0,0.0,0.0,3706.0,0.0
6,0.8070833086967468,0.9036990404129028,665.0,261.0,0.5389849479496479,0.9046022891998291,0.8692384958267212,0.7229166626930237,,,,,,,,,,,,,,,,,,,,,,,,,,,,,,,,,,,,,,,,,,,,,,,,,,,,,,,,,,,,,,,,,,,,,,,,,,,,,,,,,,,,,,,,,,,,,,,,,,,,,,,,,,,,,,,,,,,,,,,,,2139.0,1735.0,0.9783526659011841,0.0,0.0,82.0,0.053777510243238846,0.0,0.0,0.0,3706.0,0.0
7,0.8102083206176758,0.9073279500007629,656.0,255.0,0.5249994472165902,0.9074963927268982,0.8724362254142761,0.7266666889190674,,,,,,,,,,,,,,,,,,,,,,,,,,,,,,,,,,,,,,,,,,,,,,,,,,,,,,,,,,,,,,,,,,,,,,,,,,,,,,,,,,,,,,,,,,,,,,,,,,,,,,,,,,,,,,,,,,,,,,,,,2145.0,1744.0,0.9780886769294739,0.0,0.0,83.0,0.05314200301089156,0.0,0.0,0.0,3705.0,0.0
8,0.8135416507720947,0.9110683798789978,647.0,248.0,0.5096033216516177,0.9103438854217529,0.8760619759559631,0.7304166555404663,,,,,,,,,,,,,,,,,,,,,,,,,,,,,,,,,,,,,,,,,,,,,,,,,,,,,,,,,,,,,,,,,,,,,,,,,,,,,,,,,,,,,,,,,,,,,,,,,,,,,,,,,,,,,,,,,,,,,,,,,2152.0,1753.0,0.9786166548728943,0.0,0.0,81.0,0.05251046119861643,0.0,0.0,0.0,3707.0,0.0
9,0.815625011920929,0.9142358899116516,642.0,243.0,0.4956616229812304,0.9137561917304993,0.8785607218742371,0.7325000166893005,,,,,,,,,,,,,,,,,,,,,,,,,,,,,,,,,,,,,,,,,,,,,,,,,,,,,,,,,,,,,,,,,,,,,,,,,,,,,,,,,,,,,,,,,,,,,,,,,,,,,,,,,,,,,,,,,,,,,,,,,2157.0,1758.0,0.9783526659011841,0.0,0.0,82.0,0.05209548796164196,0.0,0.0,0.0,3706.0,0.0
10,0.8177083134651184,0.9170260429382324,634.0,241.0,0.4829788798093796,0.9161536693572998,0.8799203038215637,0.7358333468437195,,,,,,,,,,,,,,,,,,,,,,,,,,,,,,,,,,,,,,,,,,,,,,,,,,,,,,,,,,,,,,,,,,,,,,,,,,,,,,,,,,,,,,,,,,,,,,,,,,,,,,,,,,,,,,,,,,,,,,,,,2159.0,1766.0,0.9788807034492493,0.0,0.0,80.0,0.05178250615124088,0.0,0.0,0.0,3708.0,0.0
11,0.8189583420753479,0.9197251796722412,629.0,240.0,0.47074030329783756,0.9179720878601074,0.880656361579895,0.7379166483879089,,,,,,,,,,,,,,,,,,,,,,,,,,,,,,,,,,,,,,,,,,,,,,,,,,,,,,,,,,,,,,,,,,,,,,,,,,,,,,,,,,,,,,,,,,,,,,,,,,,,,,,,,,,,,,,,,,,,,,,,,2160.0,1771.0,0.9791446924209595,0.0,0.0,79.0,0.05160822563164463,0.0,0.0,0.0,3709.0,0.0
12,0.8202083110809326,0.9218817353248596,621.0,242.0,0.4611328358451525,0.9202194213867188,0.8802573084831238,0.7412499785423279,,,,,,,,,,,,,,,,,,,,,,,,,,,,,,,,,,,,,,,,,,,,,,,,,,,,,,,,,,,,,,,,,,,,,,,,,,,,,,,,,,,,,,,,,,,,,,,,,,,,,,,,,,,,,,,,,,,,,,,,,2158.0,1779.0,0.9794086813926697,0.0,0.0,78.0,0.051719418344301306,0.0,0.0,0.0,3710.0,0.0
13,0.8224999904632568,0.9239833950996399,609.0,243.0,0.4505926160017649,0.921944260597229,0.8805309534072876,0.7462499737739563,,,,,,,,,,,,,,,,,,,,,,,,,,,,,,,,,,,,,,,,,,,,,,,,,,,,,,,,,,,,,,,,,,,,,,,,,,,,,,,,,,,,,,,,,,,,,,,,,,,,,,,,,,,,,,,,,,,,,,,,,2157.0,1791.0,0.9794086813926697,0.0,0.0,78.0,0.05220568521929769,0.0,0.0,0.0,3710.0,0.0
14,0.824999988079071,0.926318883895874,597.0,243.0,0.44078247944513954,0.9238970279693604,0.8812316656112671,0.7512500286102295,,,,,,,,,,,,,,,,,,,,,,,,,,,,,,,,,,,,,,,,,,,,,,,,,,,,,,,,,,,,,,,,,,,,,,,,,,,,,,,,,,,,,,,,,,,,,,,,,,,,,,,,,,,,,,,,,,,,,,,,,2157.0,1803.0,0.9791446924209595,0.0,0.0,79.0,0.052321048357072575,0.0,0.0,0.0,3709.0,0.0
15,0.8270833492279053,0.9281891584396362,586.0,244.0,0.4315975859761238,0.9255077838897705,0.8814383149147034,0.7558333277702332,,,,,,,,,,,,,,,,,,,,,,,,,,,,,,,,,,,,,,,,,,,,,,,,,,,,,,,,,,,,,,,,,,,,,,,,,,,,,,,,,,,,,,,,,,,,,,,,,,,,,,,,,,,,,,,,,,,,,,,,,2156.0,1814.0,0.9788807034492493,0.0,0.0,80.0,0.05266851969968052,0.0,0.0,0.0,3708.0,0.0
16,0.8291666507720947,0.9297486543655396,579.0,241.0,0.42381693740685783,0.9269508123397827,0.8831231594085693,0.7587500214576721,,,,,,,,,,,,,,,,,,,,,,,,,,,,,,,,,,,,,,,,,,,,,,,,,,,,,,,,,,,,,,,,,,,,,,,,,,,,,,,,,,,,,,,,,,,,,,,,,,,,,,,,,,,,,,,,,,,,,,,,,2159.0,1821.0,0.9786166548728943,0.0,0.0,81.0,0.052613064949622,0.0,0.0,0.0,3707.0,0.0
